url_text,name_text,image_image,company_text,order_number,position_text,past_mentor__boolean,current_mentor__boolean,immerse_advisor_type_option_immerse_advisor_type,Created By,Modified By,_type,_version,Created Date,Modified Date,_id,Slug
https://www.linkedin.com/in/michael-thaney/,Michael Thaney,//meta-l.cdn.bubble.io/f1691607894539x163851140858377150/Michael%20Thaney%20Image.png,Devups,1,Founder,True,False,mentor,1348695171700984260__LOOKUP__admin_user_meta_test,,custom.immerse_mentor,4886721372,1691607907732,1746030203492,1691607907732x855038955092508800,
https://goodspeed.studio/bubble-developers,Harish Malhi,//meta-l.cdn.bubble.io/f1691773645545x391392726049281100/Rectangle%20389.png,Goodspeed,4,Founder,,True,mentor,1348695171700984260__LOOKUP__1642533433905x143799604274329020,,custom.immerse_mentor,4886721373,1691773649901,1746030200024,1691773649694x742057864917942300,
https://masafresh.com/,Trang Ho,//meta-l.cdn.bubble.io/f1691773677388x661657595194038700/Rectangle%20389%20%281%29.png,Masafresh,3,"CEO, Co-Founder",True,False,mentor,1348695171700984260__LOOKUP__1642533433905x143799604274329020,,custom.immerse_mentor,4886721374,1691773680617,1746030196352,1691773680411x292793246291329000,
www.cedarstreet.com.au,Bernadette Murphy,//meta-l.cdn.bubble.io/f1691773707809x596038678416695900/Mentor%2004.png,Cedar Street Tech Solutions,4,Founder,True,False,mentor,1348695171700984260__LOOKUP__1642533433905x143799604274329020,,custom.immerse_mentor,4886721376,1691773711610,1746030192523,1691773711401x100987470816739330,
http://GuardRailz.ai,Brian Jagger,//meta-l.cdn.bubble.io/f1691773819548x778534287717014200/Brain%20Jagger.png,TechRailz,2,AI & Software Engineer / On-Demand CTO,,True,mentor,1348695171700984260__LOOKUP__1642533433905x143799604274329020,,custom.immerse_mentor,4886721377,1691773823112,1746030188985,1691773822918x607428102850609200,
https://mydigitalcmo.io,Kim Rounsefell,//meta-l.cdn.bubble.io/f1691773923928x800971844274629200/Kim%20Rounsefell.png,My Digital CMO,6,Co-Founder,True,False,mentor,1348695171700984260__LOOKUP__1642533433905x143799604274329020,,custom.immerse_mentor,4886721378,1691773927220,1746030185132,1691773926983x759047064661786600,
https://bubble.io/people?employee=1646502215846x165075755887784900,Sam Morgan,//meta-l.cdn.bubble.io/f1691774023855x230142533012128300/Sam%20Morgan.png,Bubble,7,Bubble Developer,True,False,mentor,1348695171700984260__LOOKUP__1642533433905x143799604274329020,,custom.immerse_mentor,4886721379,1691774027647,1746030181347,1691774027416x550159376884170750,
https://bubble.io/people?employee=1640798577329x170901809102604000,Maria Posa,//meta-l.cdn.bubble.io/f1691774579845x772788416125194400/Maria%20Posa%20%281%29.png,Bubble,8,Bubble Development Manager,True,False,mentor,1348695171700984260__LOOKUP__1642533433905x143799604274329020,,custom.immerse_mentor,4886721380,1691774079736,1746030177641,1691774079520x512334809294962700,
https://bubble.io/people?employee=1609873140657x446806845180605760,Andrew Vernon,//meta-l.cdn.bubble.io/f1691774137264x455599609178182000/Andrew%20Vernon.png,Bubble,9,Senior Bubble Developer,True,False,mentor,1348695171700984260__LOOKUP__1642533433905x143799604274329020,,custom.immerse_mentor,4886721381,1691774139832,1746030172868,1691774139637x173475026328616960,
https://homads.com/,Vi Friebertshauser,//meta-l.cdn.bubble.io/f1691774172136x729991275058069500/Vi%20Friebertshauser.png,Homads,10,CEO & Founder,True,False,mentor,1348695171700984260__LOOKUP__1642533433905x143799604274329020,,custom.immerse_mentor,4886721382,1691774175375,1746030168674,1691774175183x707756309260533800,
https://pixibiz.com/?ref=bubble.io,Johan Teran,//meta-l.cdn.bubble.io/f1691775103998x924924557736137900/Johan%20Teran%20Image%20Mobile.png,Pixibiz Digital Inc. ,1,Founder,True,,mentor,1348695171700984260__LOOKUP__1642533433905x143799604274329020,,custom.immerse_mentor,4886721383,1691775107164,1746030165423,1691775106903x746096034464137200,
https://coroster.com/?ref=bubble.io,John Webster,//meta-l.cdn.bubble.io/f1691775134122x240857864029809340/John%20Webster.png,CoRoster,2,Founder,True,,mentor,1348695171700984260__LOOKUP__1642533433905x143799604274329020,,custom.immerse_mentor,4886721384,1691775136739,1746030161998,1691775136490x851961790943723500,
https://www.linkedin.com/in/nick-jaeggi/,Nick Yaggie,//meta-l.cdn.bubble.io/f1691775163003x150553430565603100/Nick%20Yaggie.png,Food People,7,Strategy & Operations Manager,False,True,mentor,1348695171700984260__LOOKUP__1642533433905x143799604274329020,,custom.immerse_mentor,4886721385,1691775165811,1746030110746,1691775165594x156014666797547520,
https://www.linkedin.com/company/millionlabs/?ref=bubble.io,Vini Pereira,//meta-l.cdn.bubble.io/f1691775193385x380603562333756700/Vini%20Pereria.png,Million Labs,4,Developer,True,,mentor,1348695171700984260__LOOKUP__1642533433905x143799604274329020,,custom.immerse_mentor,4886721386,1691775196798,1746030107718,1691775196514x827012122679181300,
https://app.get-gigs.com/?ref=bubble.io,Christopher Potter,//meta-l.cdn.bubble.io/f1691775222994x967443513687351800/Christopher%20Potter.png,Get-Gigs,5,Founder,True,,mentor,1348695171700984260__LOOKUP__1642533433905x143799604274329020,,custom.immerse_mentor,4886721387,1691775225794,1746030102582,1691775225557x684720420579180500,
https://www.linkedin.com/in/tszyinliedward,Edward Li,//meta-l.cdn.bubble.io/f1691775263448x497274140092649500/Edward%20Li.png,Amazon,6,Senior Product Manager,True,,mentor,1348695171700984260__LOOKUP__1642533433905x143799604274329020,,custom.immerse_mentor,4886721389,1691775266501,1746030099020,1691775266205x832340434975981600,
https://decodifi.uk/?ref=bubble.io,David Pearce,//meta-l.cdn.bubble.io/f1691775299993x838673022580438400/David%20Pearce.png,DeCodifi Limited ,7,Founder,True,,mentor,1348695171700984260__LOOKUP__1642533433905x143799604274329020,,custom.immerse_mentor,4886721390,1691775303565,1746030095604,1691775303349x559878430580277250,
https://www.linkedin.com/company/millionlabs/?ref=bubble.io,Jof Walters,//meta-l.cdn.bubble.io/f1691775331546x151817330992660030/Jof%20Walters.png,Million Labs ,8,Co-founder,True,,mentor,1348695171700984260__LOOKUP__1642533433905x143799604274329020,,custom.immerse_mentor,4886721391,1691775334451,1746030091592,1691775334257x151376898574254080,
https://befree.academy/,Brenton Strine,//meta-q.cdn.bubble.io/f1726014858212x691639497723658200/Brenton.png,Befree Academy,1,Founder,,True,mentor,1348695171700984260__LOOKUP__1630255281332x519140908660575170,,custom.immerse_mentor,4886721393,1726064780044,1746030088132,1726064779032x444219596220661760,
https://kisaangroup.pk/,Hassan Raza,//meta-q.cdn.bubble.io/f1726064972995x683798676202233200/Hassan.png,Kisaan,3,Product Manager,,True,mentor,1348695171700984260__LOOKUP__1630255281332x519140908660575170,,custom.immerse_mentor,4886721394,1726064917090,1746030084608,1726064916841x557282752656572400,
https://www.linkedin.com/company/tarragon-tech-solutions/,Julie Bray,//meta-q.cdn.bubble.io/f1726066906673x627889253567804000/Julie.png,Tarragon Solutions,6,Founder,,True,mentor,1348695171700984260__LOOKUP__1630255281332x519140908660575170,,custom.immerse_mentor,4886721395,1726066911424,1746030061364,1726066911097x814494378357424100,
https://befree.academy/,Pedro Duarte,//meta-q.cdn.bubble.io/f1726067061948x262966193426112480/Pedro.png,Befree Academy,8,Founder,,True,mentor,1348695171700984260__LOOKUP__1630255281332x519140908660575170,,custom.immerse_mentor,4886721397,1726067065768,1746030057515,1726067065395x875701690205732900,
https://mvpete.se/,Peter Nilsson,//meta-q.cdn.bubble.io/f1726067118420x710248352367398100/Peter.png,MVPete,9,Founder & Chairman,,True,mentor,1348695171700984260__LOOKUP__1630255281332x519140908660575170,,custom.immerse_mentor,4886721398,1726067121721,1746028819078,1726067121373x366127713084506100,
https://zeroic.in/,Prashant Abbi,//meta-q.cdn.bubble.io/f1726067212088x762851307277601500/Prashant.png,Zeroic,10,Software Development Engineer,,True,mentor,1348695171700984260__LOOKUP__1630255281332x519140908660575170,,custom.immerse_mentor,4886721399,1726067216929,1746028813661,1726067216532x481921258005463000,
https://www.niya.ai/?utm_source=linkedin&utm_medium=profile,Tanveer Mohammed,//meta-q.cdn.bubble.io/f1726067295859x986279741566743900/Tanveer.png,Niya,11,CTO,,True,mentor,1348695171700984260__LOOKUP__1630255281332x519140908660575170,,custom.immerse_mentor,4886721400,1726067300413,1746028809651,1726067300073x709524284201238500,
https://www.linkedin.com/in/garryjohnsoniii/,Garry Johnson III,//meta-q.cdn.bubble.io/f1746031457519x755205813802286600/Garry.png,Bison Venture Partners,1,Founder & Managing Partner,,True,community_champion,1348695171700984260__LOOKUP__1642533433905x143799604274329020,,custom.immerse_mentor,4886721401,1746031462760,1746031463212,1746031461954x224654929959845900,
https://www.linkedin.com/in/maryssa-salomon-a1995525/,Maryssa Salomon,//meta-q.cdn.bubble.io/f1746031519426x591600758075436800/Maryssa.png,TravelTrunk,2,Founder,,True,community_champion,1348695171700984260__LOOKUP__1642533433905x143799604274329020,,custom.immerse_mentor,4886721402,1746031522337,1746031522373,1746031521952x238552280048599040,
https://www.linkedin.com/in/andrefowlkes/,Andre Fowlkes,//meta-q.cdn.bubble.io/f1746031565659x691887820961187600/Andre.png,Oaklee Ventures,3,Founder,,True,community_champion,1348695171700984260__LOOKUP__1642533433905x143799604274329020,,custom.immerse_mentor,4886721403,1746031568682,1746031568700,1746031568314x236146663715242000,
https://www.linkedin.com/in/milanball/,Milan Ball,//meta-q.cdn.bubble.io/f1746031589114x381950944121938000/Milan.png,Giving Compass,4,"Director, Dev & Partnerships",,True,community_champion,1348695171700984260__LOOKUP__1642533433905x143799604274329020,,custom.immerse_mentor,4886721404,1746031594262,1746032249556,1746031593861x957718107503984600,
https://www.linkedin.com/in/lisamichellet/,Lisa Michelle,//meta-q.cdn.bubble.io/f1746031612644x793106243040162600/Lisa.png,Durag Festival,5,Founder,,True,community_champion,1348695171700984260__LOOKUP__1642533433905x143799604274329020,,custom.immerse_mentor,4886721405,1746031621089,1746031621123,1746031620725x324242464175030300,
https://www.linkedin.com/in/dante-richardson-dontayga/,Dante Richardson,//meta-q.cdn.bubble.io/f1746031642555x750116222318605600/Dante.png,LATO House,6,Founder & Managing Partner,,True,community_champion,1348695171700984260__LOOKUP__1642533433905x143799604274329020,,custom.immerse_mentor,4886721406,1746031645287,1746031645300,1746031645112x977909604435361800,
https://www.linkedin.com/in/diana-davis-mba-7909b1150/,Diana Davis,//meta-q.cdn.bubble.io/f1746031665432x198989338767741040/Diana.png,Brown Ribbon Exchange,7,Founder,,True,community_champion,1348695171700984260__LOOKUP__1642533433905x143799604274329020,,custom.immerse_mentor,4886721407,1746031668532,1746031668551,1746031668350x627831720055930900,
https://www.linkedin.com/in/kai-patricio/,Kai Patricio,//meta-q.cdn.bubble.io/f1746031690893x284142695116405000/Kai.png,Buoy & Remend,8,Co-Founder,,True,community_champion,1348695171700984260__LOOKUP__1642533433905x143799604274329020,,custom.immerse_mentor,4886721408,1746031694159,1746031694184,1746031693975x528078933917171700,
https://www.linkedin.com/in/patrickmulvihill1/,Patrick Mulvihill,//meta-q.cdn.bubble.io/f1746031713305x500418280064327100/Patrick.png,Spéire Nua,9,Tech Lead,,True,community_champion,1348695171700984260__LOOKUP__1642533433905x143799604274329020,,custom.immerse_mentor,4886721409,1746031717434,1746031717454,1746031717104x127548570994999300,
https://www.linkedin.com/in/shawn-c-02332272/,Shawn Cohen,//meta-q.cdn.bubble.io/f1746031740678x857373779518410600/Shawn.png,LawLive,10,Co-Founder,,True,community_champion,1348695171700984260__LOOKUP__1642533433905x143799604274329020,,custom.immerse_mentor,4886721410,1746031743502,1746031743524,1746031743327x875182770872647700,
