icon_text,name_text,type_text,headline_text,color_code_text,video_link_text,video_text_text,description_text,earned_text_text,manual_link_text,manual_text_text,unlock_text_text,Created By,Modified By,_type,_version,Created Date,Modified Date,_id,Slug
format_quote,"Express
yourself",functionality,Dynamic expressions are one of the most powerful ways to bring your app to life.,#FCBC2C,https://www.youtube.com/watch?v=mrh8OV79snk,How to build expressions,"They allow you to pull different pieces of data into your app on the fly, whether it’s something simple, like displaying the current user’s name at the top of their account page, or something much more complex, like dynamically summing and displaying the total price for items added to a shopping cart.","Great work, you used a dynamic expression for the first time",https://manual.bubble.io/help-guides/logic/dynamic-expressions,Dynamic Expressions,Unlock this badge by using a dynamic expression for the first time,1348695171700984260__LOOKUP__admin_user_meta_test,,custom.celebrate_badge,3379293297,1694434459467,1696952245313,1694434459467x312543059687693900,express-yourself
colors,"So
stylish",design,"It would be tedious to define the appearance of every element you use, one element at a time.",#FFE353,https://youtu.be/4_R8aIxGLyY?t=338,Saving Element Designs Using Styles,"That’s why the [b]Style[/b] tab exists; you can specify the style of every element in your app just once, and then use that style over and over again. Having a consistent and defined style for your app not only saves you time, but also helps your users understand how to navigate and interact with your app.","Great work, you updated styles for the first time outside of app assistant",https://manual.bubble.io/help-guides/design/styling/styles,Styles,Unlock this badge by updating styles for the first time outside of app assistant,1348695171700984260__LOOKUP__admin_user_meta_test,,custom.celebrate_badge,3379282174,1694435947301,1696952093917,1694435947301x482096553986190140,so-stylish
database,"Data
delight",data,"At its core, the difference between a static website and an application is that apps (like the one you’re building) have data dynamically flowing through them.",#A1DEFB,https://www.youtube.com/watch?v=z0L8vFsCwkk,The Data Tab: Bubble Introduction Series,"Data types are how you define the types of data your app will use. By default, your app comes with a Users data type, but you can also add new data types to structure the data in your app however you want. For example, you might create a Recipes datatype for a food blog, a Products data type for an ecommerce app, or a Locations data type for a travel app.","Great work, you added a new data type for the first time",https://manual.bubble.io/help-guides/data/the-database,The Database,Unlock this badge by adding a new data type for the first time,1348695171700984260__LOOKUP__admin_user_meta_test,,custom.celebrate_badge,3379287084,1694436050066,1696952164262,1694436050066x156404250415421060,data-delight
account_tree,"Work
it",funtionality,Bubble is built around workflow-based programming. ,#FCBC2C,https://youtu.be/4_R8aIxGLyY?t=829,Getting Started with Bubble - Key Concepts,"Think of workflows as events defined like this: When X happens, do Y. From creating a thing (data) in your database, to navigating to a new page, to interacting with a plugin, workflows are powerful ways to bring movement, navigation and action into your app.","Great work, you added a workflow  action for the first time",https://manual.bubble.io/core-resources/workflows,Workflows,Unlock this badge by adding your first workflow action,1348695171700984260__LOOKUP__admin_user_meta_test,,custom.celebrate_badge,3379292529,1694436106305,1696952235557,1694436106305x371038775240413400,work-it
low_priority,"Repeat
offender",design,[b]Repeating groups[/b] are used to display lists of items in your app. ,#FFE353,https://www.youtube.com/watch?v=e6oQU__8pmE,Creating Your First Repeating Group,"Where a single group contains multiple design elements grouped together, a repeating group allows you to do that multiple times in a row. Think: an activity feed on a homepage, a list of users displayed in a dashboard, or product listings on a search results page. Each repeating group needs to have defined data sources to bring it to life, so make sure you specify the content and data type your repeating group should use.","Great work, you used a repeating group with data for the first time (correctly!)",https://manual.bubble.io/help-guides/design/elements/containers/repeating-groups,Repeating Groups,Unlock this badge by using a repeating group with data for the first time,1348695171700984260__LOOKUP__admin_user_meta_test,,custom.celebrate_badge,3379280117,1694436226550,1696952065556,1694436226550x263251727062026940,repeat-offender
visibility,"Sneak
preview",data,"You’ve built the datatypes, added elements, and created your workflows — now it’s time to see your app in action!",#A1DEFB,https://bubble.io/video/how-to-run-your-app-in-safe-modes,How to Run Your App in Safe Modes,"When you click [b]Preview[/b], you can see your app as your users will see it. You can test out flows, de-bug things that might not be working, or even send your preview to collaborators for feedback. Previewing — and then testing your preview — is a great way to confirm that what you’ve built is working the way you want. ","Great work, you previewed your app for the first time",https://manual.bubble.io/help-guides/maintaining-an-application/testing-and-debugging/the-basics,Introduction to Testing and Debugging,Unlock this badge by previewing your app for the first time,1348695171700984260__LOOKUP__admin_user_meta_test,,custom.celebrate_badge,3379288484,1694436287651,1696952184372,1694436287651x621770958441293200,sneak-preview
electrical_services,"Get plugged
in",functionality,"Bubble is powerful out of the box, but when you add one of the tens of thousands of plugins to your app — that’s when you’ll really start to see how powerful it is to build on this platform.",#FCBC2C,https://www.youtube.com/watch?v=34AYb9bD77I,Extending Your App,Plugins available on Bubble range from integrations with third-party services like Stripe and Airtable to new UI elements like charts or toggles. You can even build your own plugin if what you’re looking for isn’t available.,"Great work, you added a plugin to your app for the first time outside of app assistant",https://manual.bubble.io/help-guides/integrations/using-plugins,Using Plugins,Unlock this badge by adding a plugin to your app for the first time outside of app assistant,1348695171700984260__LOOKUP__admin_user_meta_test,,custom.celebrate_badge,3379291833,1694436359054,1696952225775,1694436359054x271323231396736860,plugged-in
edit_document,"Turn the
page",data,Home page. About Us page. Account page. Apps are built out of different pages your users can visit. ,#A1DEFB,https://www.youtube.com/watch?v=9MBzCjbJnNI,How to Use the Page Element,Adding a new page gives you a new canvas to build on to extend your app’s capabilities. Bubble also makes it easy to keep your design consistent by giving you a one-click way to clone your new page from an existing one.,"Great work, you added a new page to your app",https://manual.bubble.io/core-resources/elements/page-element,Page Element,Unlock this badge by adding a new page to your app,1348695171700984260__LOOKUP__admin_user_meta_test,,custom.celebrate_badge,3379285973,1694436413454,1696952147645,1694436413454x220110641138171230,page-turner
copy_all,"Use and
reuse",design,"As you build your app, there are certain elements you may want to use multiple times.",#FFE353,https://www.youtube.com/watch?v=3GEH_hCaAWk ,Converting to a Reusable Element,"Things like headers, menu drop-downs, footers, custom-made cards — it’s a lot of work to design them. The good news is that there’s no reason to create them multiple times when you can create a [b]reusable element[/b] instead. A reusable element can be a group, popup, or floating group. It can also contain smaller elements inside or include a type of content (data) in it.","Great work, you created a reusable element!",https://manual.bubble.io/core-resources/elements/reusable-elements ,Reusable Elements,Unlock this badge by creating a reusable element,1348695171700984260__LOOKUP__admin_user_meta_test,,custom.celebrate_badge,3379490334,1694436468025,1696955138780,1694436468025x904862302641628900,copy-that
