bio_text,name_text,image_image,twitter_text,active_boolean,hidden_boolean,linked_in_text,publish_boolean,linked_user_user,summary_bio_text,sort_order_number,slack_user_id_text,attributes_list_text,default_timezone_text,courses_taught_list_custom_course1,Created By,Modified By,_type,_version,Created Date,Modified Date,_id,Slug
"Cathlyn is the co-founder of Scaleup Technologies, a B2B coaching startup that empowers other companies to embrace technology in their businesses. Since she discovered Bubble a few years back, she has used her Bubble expertise to help numerous community members and clients turn their ideas in reality. Cathlyn was the first Bubble Pioneer in Asia, and as an entrepreneur, she hopes to inspire more ladies to kickstart their entrepreneurship by building a vibrant Bubble community in Asia. Check her out at [color=#0000ff][url=https://scaleuptechs.bubbleapps.io/]Scaleup Technologies[/url][/color].

[color=#0000ff][url=https://bubble.io/blog/bubble-bootcamps-cathlyn-liew/]And read more about Cathlyn in her Bubble Blog Instructor Spotlight feature![/url][/color]",Cathlyn Liew,https://s3.amazonaws.com/appforest_uf/f1605105845600x884072920959038100/cathlyn%20liew%20headshot.png,,True,False,,True,1348695171700984260__LOOKUP__1603501573437x501553115202179260,Cathlyn helped pioneer the Bubble community in Asia and hopes to inspire more women to kickstart their entrepreneurial journeys through Bubble.,,U01D2LCKDAN,"['B2B', 'Startups', 'Asia']",Asia/Singapore,['1348695171700984260__LOOKUP__1632857733674x264020971172921340'],1348695171700984260__LOOKUP__admin_user_meta_live,,custom.coach,2226738614,1632976704928,1650395596630,1632976704927x849832519702560300,cathlyn-liew
"Jagdish is an entrepreneur with strong background and years of experience in Information Technology combined with diverse experience in Executive roles and as a business owner. He is passionate about the #nocode space and how it is creating a new wave of entrepreneurship. Jagdish built several #nocode solutions using Bubble including marketplaces, CRM, workflow management and volunteer management for non-profits.

Jagdish is a able to creatively solve any problem, and communicate and implement new ideas for business process improvement. His core competencies include business analysis, revenue and cost measurement, KPIs and metric management, software and technology management.

Additionally, Jagdish has volunteered at multiple organizations and is passionate about giving back to the Community. He was previously Vice President at the Indo Canada Chamber of Commerce and Director of Events at the Sindhi Cultural Association of Toronto.

[color=#0000ff][url=https://bubble.io/blog/bubble-bootcamps-jagdish-bajaj/]And read more about Jagdish in his Bubble Blog Instructor Spotlight feature![/url][/color]",Jagdish Bajaj,https://s3.amazonaws.com/appforest_uf/f1632413856125x528012684850511360/jagdish.jpg,,True,False,,True,1348695171700984260__LOOKUP__1533259902554x722339001949876600,Jagdish is a practiced Bubble Developer who brings years of Business experience across varied roles and industries to his instruction.,,U01FDP1H9U4,"['Bubble Developer', 'Strategy', 'Marketplaces']",America/New_York,['1348695171700984260__LOOKUP__1632857733674x264020971172921340'],1348695171700984260__LOOKUP__admin_user_meta_live,,custom.coach,2226738615,1632976704974,1650395596638,1632976704974x878757370898601200,jagdish-bajaj
"In 2018 Jacob discovered Bubble with a simple Google search: ""How to build an app without code"". At the time, he was teaching English and was looking for ways to augment his lessons using tech.  After building out his own full platform, and founding a successful teaching platform for ESL learners, he started looking for other ways to help the community. Now, Jacob works for startups and business owners across the globe to help automate their work and bring their app ideas on Bubble.

[color=#0000ff][url=https://bubble.io/blog/jacob-gershkovich-bubble-bootcamps-instructor/]And read more about Jacob in his Bubble Blog Instructor Spotlight feature![/url][/color]",Jacob Gershkovich,https://s3.amazonaws.com/appforest_uf/f1605105683786x453186429619488060/20170530_Jacob_Portraits_FinalEdited-002.jpg,,True,False,,True,1348695171700984260__LOOKUP__1596897565289x342153787933673600,"Jacob began his career as an educator, and now helps founders across the globe automate their work and bring their app ideas to fruition on Bubble.",2,U019JSHNBRR,"['Automation', 'Startups', 'Community']",America/New_York,"['1348695171700984260__LOOKUP__1632857733674x264020971172921340', '1348695171700984260__LOOKUP__1632857734148x530149686911434750']",1348695171700984260__LOOKUP__admin_user_meta_live,,custom.coach,2244123875,1632976705019,1651250310321,1632976705019x674070213927356400,jacob-gershkovich
"Back in 2000, Jof saw the first internet banking (Egg card) product to its launch and through its early stages of trading creating a $2bn debt book. After moving on to become Head of Innovation for Barclays, he introduced a large Pre-Paid Card programme. In 2006, Jof bought Shopcreator (a leading e-commerce platform), transformed it into a SaaS company, and sold it again. In 2010, he both founded (and successfully later sold) the Shilling Group, a boutique M&A advisory and small business lender. In 2015, he was recruited as programme director delivering a challenger bank for Russia’s VTB.

Jof is a director of Silicon Canal and Co-Chair of the central region Fintech Cluster. In 2018, he co-founded [color=#0000ff][url=https://millionlabs.co.uk/]Million Labs[/url][/color].

[color=#0000ff][url=https://bubble.io/blog/bubble-bootcamps-jof-walters/]And read more about Jof in his Bubble Blog Instructor Spotlight feature![/url][/color]",Jof Walters,https://s3.amazonaws.com/appforest_uf/f1605105915959x246690548816570500/Jof03%20%281%29.jpg,,True,False,,True,1348695171700984260__LOOKUP__1534427277742x673031999496743000,"A serial entrepreneur with multiple exits under his belt, Jof (along with Bootcamps instructor and Million Labs co-founder Simon) continues to contribute to the startup ecosystem today by teaching founders to build with Bubble.",,U0175K9N337,"['SaaS', 'Small Business', 'Finance']",,['1348695171700984260__LOOKUP__1632857733674x264020971172921340'],1348695171700984260__LOOKUP__admin_user_meta_live,,custom.coach,2226738617,1632976705062,1650395596665,1632976705062x834337841973415000,jof-walters
"Jon started his career as a consultant where he advised 500+ rapidly growing advertising and tech companies on best HR practices. Now he hopes to flatten Bubble’s learning curve so that you can spend your time finding your first users.

Jon runs [color=#0000ff][url=https://payhouse.co/]Payhouse[/url][/color] (a Bubble agency) full-time and is also building a tool to eliminate scope creep. He streams [color=#0000ff][url=https://www.twitch.tv/bubblehack]on Twitch[/url][/color] every Friday at 11am ET, documenting his journey to over 1000 users.

[color=#0000ff][url=https://bubble.io/blog/bubble-bootcamps-jon-melo/]And read more about Jon in his Bubble Blog Instructor Spotlight feature![/url][/color]",Jon Melo,https://s3.amazonaws.com/appforest_uf/f1631671908330x620726080379373400/Image%20from%20iOS.png,,True,False,,True,1348695171700984260__LOOKUP__1605817188618x641063327807960300,"After a frustrating experience with a developer, Jon built his MVP himself on Bubble – today, he not only empowers others to do the same, but also continues to develop apps for clients across the globe.",3,U01F7J91VB4,"['Bubble Developer', 'Startups', 'Agency']",America/New_York,['1348695171700984260__LOOKUP__1632857733674x264020971172921340'],1348695171700984260__LOOKUP__admin_user_meta_live,,custom.coach,2226738618,1632976705110,1650395596744,1632976705110x503534994525739260,jon-melo
"Matthew is an experienced Bubble developer who is dedicated to educating, accelerating, and contributing to the Bubble Community. After discovering Bubble as a non-technical founder, he created the means to transition out of his past job and start as a full-time Bubble developer. Matthew currently focuses on developing online marketplaces and SaaS projects to earn passive income online and create templates for other Bubblers to utilize in their projects to build faster. He’s always active on the forum helping others learn the tips and tricks of Bubble so they can achieve their goals and build their startup. Matthew is excited to have the opportunity to utilize his past experience as an educator, business owner and non-technical founder to help Bootcamp participants jumpstart and accelerate their product development.

[color=#0000ff][url=https://bubble.io/blog/bubble-bootcamps-matt-mcgowan/]And read more about Matt in his Bubble Blog Instructor Spotlight feature![/url][/color]",Matt McGowan,https://s3.amazonaws.com/appforest_uf/f1605888953476x824658597266933600/Matthew-McGowan-Boston85719%40yahoo.com.png,,True,False,,True,1348695171700984260__LOOKUP__1526389052011x995012978091836000,"Matthew is an dedicated Bubble developer whose passion for – and contributions to – the Bubble Community are felt through our Bootcamps, Marketplace, Forum, and more.",2,U01FDP1K6QL,"['Bubble Developer', 'Marketplaces', 'SaaS']",Asia/Bangkok,['1348695171700984260__LOOKUP__1632857733674x264020971172921340'],1348695171700984260__LOOKUP__admin_user_meta_live,,custom.coach,2226738619,1632976705154,1650395596748,1632976705154x588824454780761100,matt-mcgowan
"Peter began his career as a developer, then spearheaded UX in Scandinavia. He moved on to start, fund, manage and sell startups. Bubble then set him free to combine the latest in online business developments with lightning-fast app development. He now runs his own app-based startups as well as helps clients on five continents. In his spare time he teaches Bubble development to high school students, empowering them by teaching them to build a real app in one day. Peter roots his work in the fundamental idea that app development and startup business development grow in tight symbiosis. This is the way to create an app a business needs to attract, engage, and monetize users. He always aims to get the business and app out on the market faster with less money spent, to start the real learning on what the users need and are willing to pay for.

[color=#0000ff][url=https://bubble.io/blog/bubble-bootcamps-peter-nilsson/]And read more about Peter in his Bubble Blog Instructor Spotlight feature![/url][/color]",Peter Nilsson,https://s3.amazonaws.com/appforest_uf/f1623901005767x987832824286339700/pn.jpeg,,True,False,,True,1348695171700984260__LOOKUP__1605902233435x777532797408869200,"After helping to introduce UX design to Scandinavia, Peter transitioned to the entreprenurial ecosystem – where he remains active today – building for clients and teaching Bubble to students and founders alike.",,U01FL7CQZ33,"['UX', 'Bubble Developer', 'Finance']",Europe/Stockholm,"['1348695171700984260__LOOKUP__1632857733674x264020971172921340', '1348695171700984260__LOOKUP__1632857685595x776051843910860800']",1348695171700984260__LOOKUP__admin_user_meta_live,,custom.coach,2231959623,1632976705198,1650645366122,1632976705198x670402287153977900,peter-nilsson
"Rob Roberts is a Serial Entrepreneur and Management Consultant in many industries who is now service as a Director of User Experience (UX) for a leading HR software provider. Highlights of his accomplishments include:· First team member or an early team member with 7 startups· Worked as CEO, COO and VP Product in addition to many other senior staff and consulting positions· Developed product strategies and managed full product life cycle for 8 online software companies in travel, HR, innovation and music industries· Helped startups raise over $70m in capital from venture funds such as Shasta, Trinity, North Bridge, Commonwealth Capital, Signature Capital and corporate partners such as Travelocity and Cendant Corporation· Led successful multi-million-dollar project teams for Fortune 500 companies in high-tech, insurance, financial services and public sector agencies· Built more than a dozen apps for 8+ clients as prototypes, mvps and for production use",Rob Roberts,https://s3.amazonaws.com/appforest_uf/f1605113808505x705687829359312300/Screen%20Shot%202020-11-11%20at%2011.56.37%20AM.png,,True,True,,True,1348695171700984260__LOOKUP__1500565262559x585072486894205200,"Rob Roberts is an entrepreneur and consultant who brings a wealth of Product, Strategy, and Finance knowledge to his Bootcamps; today, he serves as Director of User Experience for a leading HR software provider and helps others to develop their ventures through Bubble.",,,"['UX', 'Startups', 'Finance']",America/New_York,['1348695171700984260__LOOKUP__1632857733674x264020971172921340'],1348695171700984260__LOOKUP__admin_user_meta_live,,custom.coach,2189761550,1632976705246,1648491216054,1632976705246x801952290422338800,rob-roberts
"Simon began his career specializing in cyber security at large telecommunications companies, including BT and Lucent, progressing to becoming Head of Lucent Worldwide Services’ cyber security team. In 2001, Simon founded his own cyber security business, successfully exiting through a trade sale 7 years later. In 2009, he launched a technology incubator in Birmingham, working with 50 new startups. This project was followed by the launch of a Startup Accelerator programme in Birmingham and London, investing pre-seed into over 40 startups and gaining over £10m investment. Simon then founded Silicon Canal, a CIC supporting the West Midlands tech ecosystem, followed by a startup innovation studio and consultancy. During this same time period, in 2009, he launched a retail coffee business, which grew to 5 shops, successfully exiting in 2020. In 2016, Simon was the proud winner of the Maserati 100 award (awarded for work with entrepreneurs). In 2018, he co-founded [color=#0000ff][url=https://millionlabs.co.uk/]Million Labs[/url][/color].",Simon Jenner,https://s3.amazonaws.com/appforest_uf/f1605115513098x767118113248480100/Head-Shot-SJ.png,https://twitter.com/simonjenner,True,False,https://www.linkedin.com/in/sijenner/,True,1348695171700984260__LOOKUP__1444144905022x198400251567363740,With deep roots in the startup ecoystem – and the cybersecurity market in particular – Simon (along with Bootcamps instructor and Million Labs co-founder Jof) continues to actively dedicate his energy towards helping others build their ventures through Bubble.,4,U017GU7DCHX,"['Agency', 'Startups', 'Privacy']",Europe/London,['1348695171700984260__LOOKUP__1632857733674x264020971172921340'],1348695171700984260__LOOKUP__admin_user_meta_live,,custom.coach,2226738621,1632976705338,1650395596868,1632976705338x508284356768945200,simon-jenner
"Tony started his first business at the age of 18 and has been a serial entrepreneur since then. When he started an investment education firm in 2016, he wanted to develop an app to engage his students better but had no coding knowledge and a limited budget. In 2017, he discovered Bubble and used this newfound knowledge to develop an investment education app that was featured on the news. Tony then co-founded Scaleup Technologies, a B2B coaching startup that empowers other companies to embrace technology in their businesses.

He coaches businesses like Tripfreego, a smart travel matching website that enables users to book from a list of 700,000 hotels, enabling it to obtain 7,000 users in less than 6 months. Tony is currently working hard on his vision to build a vibrant Bubble community in Asia by conducting online courses and Bubble Bootcamps. Learn more about Tony at [color=#0000ff][url=https://scaleuptechs.bubbleapps.io/]Scaleup Technologies[/url][/color].

[color=#0000ff][url=https://bubble.io/blog/bubble-bootcamps-tony-tan/]And read more about Tony in his Bubble Blog Instructor Spotlight feature![/url][/color]",Tony Tan,https://s3.amazonaws.com/appforest_uf/f1620730216204x964781791732670800/fdbe1467-a919-40d9-98b3-c2735f6a0ac8.jpg,,True,False,,True,1348695171700984260__LOOKUP__1603322714225x774442778157348600,"Tony's entrepreneurial journey began at an early age – since launching his first business at the age of 18, he has continued on to develop multiple successful apps and share his passion for building with the Bubble community in Asia.",,U01D2LCGS4A,"['B2B', 'Startups', 'Asia']",Asia/Singapore,['1348695171700984260__LOOKUP__1632857733674x264020971172921340'],1348695171700984260__LOOKUP__admin_user_meta_live,,custom.coach,2226738622,1632976705382,1650395596920,1632976705382x954825789807005600,tony-tan
"Will Ericksson is the Managing Director of [color=#0000ff][url=https://momentumgroup.tech/]Momentumgroup.tech[/url][/color], a no-code product building Agency specializing in Bubble development. At Momentum, Will has built Minimum Viable Products (MVPs) for startups that are now generating substantial revenue or have successfully raised Seed and Series A venture capital. Will has also helped multiple existing small to medium businesses (SMBs) use Bubble to turn their services into digital product offerings and optimize their processes.

Will is committed to education within the no-code product building space, leading [color=#0000ff][url=https://bubble.io/immerse]Bubble's Immerse Program[/url][/color] and founding Momentum Group's academy to train professional no-code product builders. Will is passionate about helping you succeed in your product building journey, ensuring that you feel comfortable and engaged whether you are new to building web applications or you have decades of technology experience.

He is able to introduce you to the very basics, all the way through to helping you design and build a complex, high-quality tech product on Bubble that could become the next big thing.

Fun facts about Will: He lives in Sydney, Australia with his wife and four young kids, has spent over 5 years working as an Emergency Nurse, and enjoys writing music in his spare time. If he can do it, so can you! [color=#0000ff][url=https://willericksson.com/]Browse his personal site here![/url][/color]

[color=#0000ff][url=https://bubble.io/blog/bubble-bootcamps-instructor-will-ericksson/]And read more about Will in his Bubble Blog Instructor Spotlight feature![/url][/color]",Will Ericksson,https://s3.amazonaws.com/appforest_uf/f1606881159658x770908536515678200/Screen%20Shot%202020-12-01%20at%2010.50.33%20PM.png,https://twitter.com/ErickssonWill,True,False,https://www.linkedin.com/in/will-ericksson-9091bab8/,True,1348695171700984260__LOOKUP__1599617180521x323764622475079900,Will's firsthand experience building apps for Startups and Business on Bubble gave him the contextual and tactical expertise necessary to now guide his students to design and launch Bubble apps that may just become the next big thing.,,U01EXJQF5ME,"['Strategy', 'Startups', 'Agency']",Australia/Sydney,['1348695171700984260__LOOKUP__1632857685595x776051843910860800'],1348695171700984260__LOOKUP__admin_user_meta_live,,custom.coach,2244128881,1632976705426,1651250523741,1632976705426x165179234392647260,will-ericksson
"Raised in Switzerland, Daniel has been working for and with some of the fastest growing startups in Switzerland, managing their growth activities. Entrepreneur at heart, Daniel deep dived in visual development to bring his own ideas to life without the usual hassle of learning how to code or finding a co-founder. He is now a strong believer in Bubble and helps entrepreneurs and companies turn their ideas into ventures with his agency, HuggyStudio.",Daniel Abebe,https://s3.amazonaws.com/appforest_uf/f1605114080771x100820236237010980/Daniel%20Abebe%20square.png,,False,True,,False,1348695171700984260__LOOKUP__1474820680168x710378724616020900,,,,,,['1348695171700984260__LOOKUP__1632857733674x264020971172921340'],1348695171700984260__LOOKUP__admin_user_meta_live,,custom.coach,1803957636,1634702662222,1635905570108,1634702662208x758383823839254700,
"Lucien Tavano has been through the rough path of building a startup with code. He since discovered Bubble and never looked back. His latest Bubble-based SaaS venture, [url=https://teaddl.com/]Teaddl[/url], a team huddle and collaboration platform, has been profitable since day one. Lucien works as a professional Bubble developer with no-code development agencies in San Francisco and Paris. He is also very involved in the no-code community, teaching Bubble at no-code bootcamp [url=https://www.contournement.io/]>Contournement>[/url], managing a Bubble Meetup group with 600+ members, growing a [url=https://nocodeurs.io/]StackOverflow[/url] like no-code Q&A platform, and streaming live his ""bubbling"" sessions on [url=https://www.twitch.tv/contournement]Twitch[/url]. You can connect with him on Twitter [url=https://twitter.com/LucienTavano]here[/url].",Lucien Tavano,https://s3.amazonaws.com/appforest_uf/f1605113848110x670814175459520800/Screen%20Shot%202020-11-11%20at%2011.57.19%20AM.png,,False,True,,False,1348695171700984260__LOOKUP__1511598481200x258685822831466780,,,,,,['1348695171700984260__LOOKUP__1632857733674x264020971172921340'],1348695171700984260__LOOKUP__admin_user_meta_live,,custom.coach,1803957385,1634702662285,1635905562424,1634702662285x727579388127787000,
"David Pal is a serial founder and entrepreneur who has built entire businesses with Bubble. His latest Bubble based venture is Ads on Top, a DOOH software platform provider. David is an advocate of the no-code movement and believes in the power of no-code companies in accelerating product development and business opportunity. You can find him on LinkedIn here: https://www.linkedin.com/in/davidscottpal/",David Pal,https://s3.amazonaws.com/appforest_uf/f1605114002553x262602613802669380/Screen%20Shot%202020-11-11%20at%2011.59.51%20AM.png,,False,True,,False,1348695171700984260__LOOKUP__1515645156224x695712619926780500,,,,,,['1348695171700984260__LOOKUP__1632857733674x264020971172921340'],1348695171700984260__LOOKUP__admin_user_meta_live,,custom.coach,3514730349,1634702662343,1635905555833,1634702662343x985218877272590500,
"In 2016 Gregory had a vision of building a two sided marketplace application for fashion models and brands. The only problem was that he had no technical skills and his budget was small. He was lucky enough to discover Bubble and within 6 months had learned Bubble to an advanced degree, completed an accelerator program, raised VC funding and launched his startup. 4 years on, Gregory is now working as a Product Lead at a 500K user startup transitioning to Bubble as well as helping others to learn nocode tools via online courses and Bubble Bootcamps.",Gregory John,https://s3.amazonaws.com/appforest_uf/f1605114185893x920134063224791200/Screen%20Shot%202020-11-11%20at%2012.02.51%20PM.png,,False,True,,False,1348695171700984260__LOOKUP__1531984940590x631026544142514500,,,,,,['1348695171700984260__LOOKUP__1632857733674x264020971172921340'],1348695171700984260__LOOKUP__admin_user_meta_live,,custom.coach,1803956873,1634702662390,1635905549678,1634702662390x915900702896825700,
"Théo Tsamba is a product coach and team lead at Hubvisory, a French company specializing in product management. He's been working with product teams for several years and helping them bring their product to life. Théo has been using Bubble since 2018 both to solve business problems and create his own side projects. He can provide both strong technical assistance with Bubble projects, and product expertise stemming from years of experience on anything related to your features and roadmap!",Théo Tsamba,https://s3.amazonaws.com/appforest_uf/f1608146751485x556273704955239100/te%CC%81le%CC%81chargement.png,,False,True,,False,1348695171700984260__LOOKUP__1549806119940x988695007543061200,,,U01F0S5QZQW,,,['1348695171700984260__LOOKUP__1632857733674x264020971172921340'],1348695171700984260__LOOKUP__admin_user_meta_live,,custom.coach,2226738624,1634702662464,1650395597035,1634702662464x913721832767513400,
"Mariel Vargas is a former product manager and led a $1B+ search product with 40+ engineers. Two years ago, she started a Bubble based startup, raising capital from angel investors. She's a Bubble expert and Instructor Lead who is passionate about teaching Bubble. Follow her here: https://www.twitter.com/_marielvargas",Mariel Vargas,https://s3.amazonaws.com/appforest_uf/f1608071336923x334418919501680700/Mariel_Vargas.jpg,,False,True,,False,1348695171700984260__LOOKUP__1574715404360x925281289564931000,,,,,,"['1348695171700984260__LOOKUP__1632857733674x264020971172921340', '1348695171700984260__LOOKUP__1632857734148x530149686911434750']",1348695171700984260__LOOKUP__admin_user_meta_live,,custom.coach,1803956368,1634702662511,1635905536564,1634702662511x211759393346407260,
"Ryan is a former tech CTO turned Bubble creator and educator. After a career in software development and project management delivering high performance solutions to complex problems for employers and clients, Ryan turned to no-code solutions to avoid expensive and complicated solutions, and deliver software fast. Ryan specializes in Bubble, which allows him to reduce the overall cost of projects for clients, build full functionality, and even build side projects he otherwise wouldn't have had time for.

If you'd like to learn how to use Bubble, Ryan wants to be a part of your journey. He loves lending his skills and expertise attained from years of Bubble development and firm foundations in problem solving, project management, and business.",Ryan Badger,https://s3.amazonaws.com/appforest_uf/f1605105825402x264111294714774340/ryan%20badger%20headshot.jpeg,,False,True,,False,1348695171700984260__LOOKUP__1603403141900x325155245284122600,,,,,,['1348695171700984260__LOOKUP__1632857733674x264020971172921340'],1348695171700984260__LOOKUP__admin_user_meta_live,,custom.coach,1803956112,1634702662554,1635905529159,1634702662554x676994232651517000,
"Christopher has 8 years of experience as a full-time professor and a lot of experience building a curriculum and executing classes that teach students what they need to know. He has worked on a wide range of Bubble projects, building sites from the ground up, and both client-side and server-side plugins, and has completed 25+ full applications for clients.

Christopher first encountered Bubble when founding his own startup, and hasn’t looked back since. He thinks Bubble is a wonderful tool with a achievable learning curve that can be learned by anyone, even those new to web development. If you’re looking to learn and move quickly, Christopher is eager to help guide you through the process of learning and succeeding with Bubble.",Christopher Potter,https://s3.amazonaws.com/appforest_uf/f1605204270628x781455487433601900/csp5.jpg,,False,True,,False,1348695171700984260__LOOKUP__1603415009642x504994279086510300,,,,,,['1348695171700984260__LOOKUP__1632857733674x264020971172921340'],1348695171700984260__LOOKUP__admin_user_meta_live,,custom.coach,1803955771,1634702662598,1635905519471,1634702662598x209683917888515940,
"Mohamed is a founder and mentor who helps other founders build and operate their internet-based businesses and products. With over ten years in the tech industry, an MBA and an engineering background, and running a no-code studio, he has helped with the development of over 30 startups/products using Bubble. His clients have spanned several industries and domains across three continents. Mohamed is also a founding member of No-Code Arabia, the first Arabic-language no-code community.",Mohamed Salama,https://s3.amazonaws.com/appforest_uf/f1605105857206x730211688840865200/mohamed%20salama%20headshot.jpeg,,False,True,,False,1348695171700984260__LOOKUP__1603419159866x490494608562523900,,,U01D6056UHJ,,,['1348695171700984260__LOOKUP__1632857733674x264020971172921340'],1348695171700984260__LOOKUP__admin_user_meta_live,,custom.coach,2226738625,1634702662643,1650395597095,1634702662643x492628108754573200,
,Matt Mazzega,,,False,True,,False,,,,,,,['1348695171700984260__LOOKUP__1632857733674x264020971172921340'],1348695171700984260__LOOKUP__admin_user_meta_live,,custom.coach,1803954962,1634703945139,1635905495508,1634703945138x114850255137057150,
,Ali Farahat,,,False,True,,False,1348695171700984260__LOOKUP__1443188052765x412874856498092400,,,,,,['1348695171700984260__LOOKUP__1632857733674x264020971172921340'],1348695171700984260__LOOKUP__admin_user_meta_live,,custom.coach,1803954706,1634704143885,1635905488063,1634704143884x476656380733564700,
"Zubair is a Software Engineer turned Bubbler, mentor and instructor. After nearly a decade of software engineering and design experience, he switched gears and found AZKY Tech Labs focusing on delivering fully functional apps for clients using NoCode. Zubair and his team have built many apps using Bubble for customers all across the globe.

Zubair strongly believes in sharing his knowledge and giving back to the community. He has been guiding people reaching out on the Bubble forum. He is also working with his team to make Bubble tutorials in Urdu.",Zubair Kakakhel,//s3.amazonaws.com/appforest_uf/f1634772232170x624137813013283700/Screen%20Shot%202020-12-01%20at%2010.52.08%20PM.png,,False,True,,True,1348695171700984260__LOOKUP__1626765408847x757472411382320100,"Zubair is a Software Engineer turned Bubbler, mentor, instructor and Agency founder",,U01F0S5NG5U,"['Agency', 'Software Engineer', 'Community building']",,['1348695171700984260__LOOKUP__1632857733674x264020971172921340'],1348695171700984260__LOOKUP__admin_user_meta_live,,custom.coach,2226738626,1634705690499,1650395597160,1634705690498x269938130018911870,zubair-kakakhel
"Prior to discovering Bubble, Kelly had a long and frustrating career as a nonprofit ops director, patchworking clunky, poorly-designed systems together to make order from chaos. She then took a 6-year detour into the world of branding & web design, where she was equally frustrated - this time by the subjectivity involved and the “who knows if that worked?” nature of her efforts. But those two disparate skills - despite their irritations - positioned her perfectly to become one of those rare Bubblers who can both design beautiful apps, and also make them work. She is daily amazed by the power of this platform and the possibilities that it provides to normal, non-technical people with good ideas.

Kelly is the founder of Rote, an award-winning Bubble-built app for non-profit grant writers. She also helps others build out their ideas as a freelance visual developer. 

[color=#0000ff][url=https://bubble.io/blog/kelly-claus-bubble-instructor/]And read more about Kelly in her Bubble Blog Instructor Spotlight feature![/url][/color]",Kelly Claus,//s3.amazonaws.com/appforest_uf/f1635563059884x860590455103840200/Kelly_7172-c.jpg,https://twitter.com/ClausISaidSo,True,False,https://www.linkedin.com/in/kellyclaus/,True,1348695171700984260__LOOKUP__1618050087935x258801334674261700,"A self-taught designer with a brain for systems and an unmatched enthusiasm for Bubble, Kelly brings balance, empathy, and spunk to the learn-while-building process.",,U02LQGZH8H0,"['Design', 'Bubble Development', 'Community']",America/Chicago,['1348695171700984260__LOOKUP__1632857685595x776051843910860800'],1348695171700984260__LOOKUP__admin_user_meta_live,,custom.coach,2244117536,1635563027173,1651250077914,1635563027172x266548111236198050,kelly-claus
"After studying economics at New York University, Jonathan began his career by working for two of the world's largest technology consulting and accounting firms. After leaving the corporate world, Jonathan founded [color=#0000ff][url=https://piershare.com/]PierShare[/url][/color], a profitable and growing Bubble website and mobile app that is similar to Airbnb but for boat docks. It sounds crazy to say it, but Jonathan scaled a business from just an idea to over seven figures in revenue and hundreds of thousands of page views without any engineers or external capital in just three years.

Before Bubble was created, it would have been impossible for someone non-technical like Jonathan to achieve that much in such a short period of time. If you speak to him one on one, he would tell you that he has an equal amount of excitement for where PierShare could be in a few years as well as what Bubble and the no-code development landscape will look like at that time. Whether you are looking to start building something simple or complex, Jonathan looks forward to channeling his experience he's had as a solo founder and the 10,000+ hours he's spent developing on Bubble to teach the next generation of software developers the core skills they'll need to build any digital product they want.

[color=#0000ff][url=https://bubble.io/blog/jonathan-timianko-bubble-founder/]And read more about Jonathan in his Bubble Blog Instructor Spotlight feature![/url][/color]",Jonathan Timianko,//s3.amazonaws.com/appforest_uf/f1637795519290x965755202279640600/Bubble%20Bootcamp%20Instructor%20Backdrop%20Jonathan%20Timianko.jpg,https://www.twitter.com/jontimianko,True,False,https://www.linkedin.com/in/jonathan-timianko-80a03333/,True,1348695171700984260__LOOKUP__1453603068183x514216608600690940,"Jonathan joined Bubble as one of its earliest users so that he could build his startup without hiring engineers or raising money, and its allowed him to achieve things that he thought were impossible. Jonathan is really excited to introduce others to the magic of Bubble so that they can build something cool in their free time or embark on their startup journeys just like he did a few years ago.",4,U02PTF9CH4Y,"['Startups', 'Bubble Developer', 'Automation']",America/New_York,['1348695171700984260__LOOKUP__1632857733674x264020971172921340'],1348695171700984260__LOOKUP__admin_user_meta_live,,custom.coach,2244122573,1637795521883,1651250269839,1637795521883x917533212133460500,jonathan-timianko
"Dave is an experienced product professional with over 11 years experience, 5 years spent in Silicon Valley working with startups. Currently he is working in consulting, working with multidisciplinary teams to design and build awesome products.

Previously Dave has worked with a range of large companies including Yara, The North Face, Microsoft, Sprint, Next VR, Proctor and Gamble all the way through to various Y Combinator start-ups including Cooleffect.org, Innit, SayI.Do, Indee Labs and Bonneville Labs.

Dave has also been a founder. He spent about 3 years building a healthcare company and learned how difficult hard it was to move fast with custom code. After retiring the company he discovered Bubble and has been a massive fan ever since.

You can learn more about some of the projects Dave has worked on [color=#0000ff][url=https://djmgrowth.com/]here![/url][/color]

[color=#0000ff][url=https://bubble.io/blog/dave-mcmanus-bubble-instructor/]And read more about Dave in his Bubble Blog Instructor Spotlight feature![/url][/color]",Dave McManus,//s3.amazonaws.com/appforest_uf/f1638396291177x104201473527799180/Dave%20Photo.jpeg,https://twitter.com/D_Mack7,True,False,https://www.linkedin.com/in/davemcmanus1/,True,1348695171700984260__LOOKUP__1583546872839x334578563335673700,Dave is an experienced product professional with over 11 years experience. He was previously a healthcare startup founder and loves helping people go from 0-1 building products. He loves building products on Bubble because of it's speed to market.,3,U02N4JAN0UF,"['Product Management', 'Growth Hacking', 'Digital Marketing']",Australia/Melbourne,['1348695171700984260__LOOKUP__1632857685595x776051843910860800'],1348695171700984260__LOOKUP__admin_user_meta_live,,custom.coach,2226738629,1638396583090,1650395597379,1638396583090x794757036149491100,dave-mcmanus
"Nazz is a Senior Product Manager at Hubspot who knows how to code – and yet, he [i]still[/i] used Bubble to build his edtech company, which was acquired within two years of launch! With Bubble, Nazz mocked up and launched a variety of successful MVPs, has had multiple no-code products featured on Product Hunt, and was the runner up at Product Hunt Makers Festival 2019. He is also a certified Intercultural Learning Trainer.

[i]“What I enjoy most about teaching Bootcamps is problem solving. Every entrepreneur in a Bootcamp has unique problems they want to solve for a market, and I love thinking through with them on the best ways to solve it and what the product would look like.”[/i]

[color=#0000ff][url=https://bubble.io/blog/bootcamps-instructor-nazz/]And read more about Nazz in his Bubble Blog Instructor Spotlight feature![/url][/color]
","Mohammad ""Nazz"" Najmuzzaman",//s3.amazonaws.com/appforest_uf/f1638470683769x603608785054628400/heyflow_portrait394%20copy.png,https://twitter.com/naz_09,True,False,https://linkedin.com/in/najmuzzaman,True,1348695171700984260__LOOKUP__1603782266284x197194321016675550,"A Senior Product Manager at Hubspot, Nazz spent years building successful startups and is now hyped to share his Bubble and product knowledge with students.",1,U01D6053VM2,"['Integrations', 'Product Management', 'Go-to-market']",Europe/Berlin,['1348695171700984260__LOOKUP__1632857685595x776051843910860800'],1348695171700984260__LOOKUP__admin_user_meta_live,,custom.coach,2244120530,1638470832199,1651250188789,1638470832199x740584292643040800,mohammad-najmuzzaman
"I live in upstate New York with my wife and daughter. I spent the majority of my professional career in the film industry, producing movies and commercials for brands like Paramount, Hallmark, and Ford. 

Four years ago, I had the idea to start a tech company to solve some of the problems that I was facing in the film industry. I went through all of the struggles of being a first-time founder: I was non-technical, I had no previous tech experience, and I had limited resources. It was a wild, and hard journey that taught me more than I could have ever hoped for. It's also the thing that led me to learn Bubble.

Today I work full-time as a full-stack bubble developer, while building [color=#0000ff][url=https://jumpstudios.io/]Jumpstudios.io[/url][/color] and [color=#0000ff][url=https://nocodealliance.org/]nocodealliance.org[/url][/color] on the side.

[color=#0000ff][url=https://bubble.io/blog/jj-englert-bootcamps-instructor/]And read more about JJ in his Bubble Blog Instructor Spotlight feature![/url][/color]",JJ Englert,//s3.amazonaws.com/appforest_uf/f1640121354662x410476894754788350/jj.jpeg,https://twitter.com/JJEnglert,True,False,https://www.linkedin.com/in/jj-englert-a08836a6/,True,1348695171700984260__LOOKUP__1601437798395x838748040077115300,"I'm a full-time bubble developer building a next-generation marketing tool for B2B at Profound Strategy. I also founded Industry Jump, a community and online marketplace for filmmakers. Through Industry Jump, I've raised angel investment, participated in accelerator programs, and have grown the community to more than 5,000 customers. I'm now building Jumpstudios.io in Bubble to help filmmakers manage their business with an all-in-one SaaS tool.",2,U02R61F9EQ7,"['Bubble Developer', 'Filmmaker', 'Podcast Host']",America/New_York,"['1348695171700984260__LOOKUP__1632857734148x530149686911434750', '1348695171700984260__LOOKUP__1632857733674x264020971172921340']",1348695171700984260__LOOKUP__admin_user_meta_live,,custom.coach,2244124904,1640121306803,1651250352769,1640121306803x678012258844377300,jj-englert
"Shiku is a designer-turned-no-code builder. She first discovered Bubble as a Fellow in the first On Deck No-Code Fellowship, and it was after she built her first Bubble app – a budgeting tool called [color=#0000ff][url=https://pesanote.com/]Pesa Note[/url][/color] – that she became hooked on Bubble and building products fast. She went on to try and push the limits of what can be accomplished in no-code by building a few clones in Bubble: a LinkedIn clone, a Reddit clone, and a TikTok clone. She also has worked with incredible founders to help them realize their ideas in no-code at super speed! Now she’s excited to take everything she’s learned from her experiences and use it to teach others how to build in Bubble.

[color=#0000ff][url=https://bubble.io/blog/shiku-wangombe-bubble-instructor/]And read more about Shiku in her Bubble Blog Instructor Spotlight feature![/url][/color]",Shiku Wangombe,//s3.amazonaws.com/appforest_uf/f1647901034132x548220977369287230/Shiku-Headshot-New.png,https://twitter.com/shikuwangombe,True,False,https://linkedin.com/in/shikuwangombe,True,1348695171700984260__LOOKUP__1600979740703x712716806318961700,"Shiku is a Bubble developer and no-code advocate, who loves to push the limits of what’s possible in no-code.",1,U036CHGTCMC,"['Startups', 'Design', 'Agency']",Africa/Nairobi,['1348695171700984260__LOOKUP__1632857685595x776051843910860800'],1348695171700984260__LOOKUP__admin_user_meta_live,,custom.coach,2226738632,1647371245792,1650395597454,1647371245792x993010479649426800,shiku-wangombe
