rank_number,post_url_text,post_img_image,post_title_text,post_description_text,Created By,Modified By,_type,_version,Created Date,Modified Date,_id,Slug
,https://bubble.io/blog/no-code-manifesto/,//s3.amazonaws.com/appforest_uf/f1561415644180x768885041564776100/1_IA-ssxKF0ck3ar07Z2XdHg.png,The No-Code Manifesto,"Why, in our modern day, are we expecting people to speak like computers? Shouldn’t computers learn to speak our language instead?...",1348695171700984260__LOOKUP__1339510945575x284965680912137020,,custom.medium_blog_post,552413967,1561415646472,1592606342666,1561415646472x635994544835009300,
,https://bubble.io/blog/bubble-raises-seed-round/,//s3.amazonaws.com/appforest_uf/f1561415826097x525478133486968700/bubble-and-investors.png,Bubble raises $6M to become the platform for building startups,We’re extremely excited to announce that Bubble just raised its first round of financing with SignalFire and Neo.,1348695171700984260__LOOKUP__1339510945575x284965680912137020,,custom.medium_blog_post,443967629,1561415828287,1582920832775,1561415828287x768031055317563800,
47,https://bubble.io/blog/mission/,https://bubble.io/blog/content/images/2020/09/Logo-with-clearspace.png,Our Mission,Our mission at Bubble is to erase the distinction between software use and software creation.,1348695171700984260__LOOKUP__1584328969159x196785245102066180,,custom.medium_blog_post,716234450,1601488883732,1601488883776,1601488883583x569717930501341200,
51,https://bubble.io/blog/bubble-most-innovative-company-2021/,https://bubble.io/blog/content/images/2021/03/Fast-Co-MIC.png,Bubble: Fast Company's Most Innovative Companies of 2021,Fast Company honored Bubble as the #5 ranked Most Innovative Small & Mighty Companies.,1348695171700984260__LOOKUP__1584328969159x196785245102066180,,custom.medium_blog_post,1070778076,1615300115700,1615300115744,1615300115106x254990888944271360,
52,https://bubble.io/blog/bubble-series-a-100m/,https://bubble.io/blog/content/images/2021/07/Blog-Post-Version.png,Bubble’s $100M Series A round: What’s next?,Announcement: Bubble has closed a $100M round led by Insight Partners.,1348695171700984260__LOOKUP__1584328969159x196785245102066180,,custom.medium_blog_post,1485675906,1627395860915,1627395860959,1627395860373x917067499788566500,
