name_text,image_image,tagline_text,blog_post_text,paragraph_text,subheader_text,html_embed_text,wide_logo_image,screenshot_image,user_manual_text,inactive__boolean,external_url1_text,social_cover_image,thru_partner1_text,Created By,Modified By,_type,_version,Created Date,Modified Date,_id,Slug
Spotify,//s3.amazonaws.com/appforest_uf/f1595614189899x328911630260919640/spotify-2.svg,,,,,,,,,,,,,,,,,,,,spotify
Wordpress,//s3.amazonaws.com/appforest_uf/f1479510658388x729747192235663500/wordpress_logo_notext_rgb.png,,,,,,,,,,,,,,,,,,,,wordpress
Twilio,//s3.amazonaws.com/appforest_uf/f1595614786576x907147097632798800/twilio.svg,"Add text messaging, calls, video calls & more.",https://forum.bubble.io/t/plugin-announcement-video-chat/91989,"Your Bubble app's user experience doesn't just end in the browser tab - you can reach your users in many different ways.

Twilio is a powerful service that opens up the ability to reach your users through many different channels. By having one tool that taps into SMS, calls, videos, emails, and more, you can unify your business's communications with your users to provide a stronger user experience.

Various Twilio plugins allow you to:
[ul]
[li]Send text messages to users[/li]
[li]Make calls to users[/li]
[li]Create videochat rooms for your users[/li]
[li]Send faxes[/li]
[li]Verify phone numbers[/li]
[li]...and more![/li]
[/ul]

Try the Bubble + Twilio integration today to reach your users wherever is best for your overall experience!",Engage customers through your Bubble app on a variety of channels,,//s3.amazonaws.com/appforest_uf/f1600303231933x774567932318477300/twilio-logo-red.png,//s3.amazonaws.com/appforest_uf/f1600303230137x988947112762210700/Screen%20Shot%202020-09-16%20at%208.40.11%20PM.png,,,,,,,,,,,,,twilio
PayPal,//s3.amazonaws.com/appforest_uf/f1479522409516x933650004211813200/paypal_icon.png,Integrate easy payments for your users,,,,,,,,,,,,,,,,,,,paypal
Dropbox,//s3.amazonaws.com/appforest_uf/f1595614505512x470618725951899460/dropbox-1.svg,Incorporate your files directly into your app,,,,,,,,,,,,,,,,,,,dropbox
Google Maps,//s3.amazonaws.com/appforest_uf/f1600455834242x978350270348329100/unnamed%20%286%29.png,Add geolocation services to your app.,,"Bubble integrates natively with the Google Map API and enables you to add maps to your app, but also encode addresses, geolocation, fetch timezone data, and more. 

In particular your can:
[ul]
[li]Display dynamically a list of markers on a map and take actions when a marker is clicked[/li]
[li]Search your application database based on geolocation constraints[/li]
[li]Calculate distances between two coordinates[/li]
[/ul]

This integration is what you need to enable location-based services for your application, from social network to marketplaces.",The Google Map element lets you add geolocation to your app and encode addresses.,,//s3.amazonaws.com/appforest_uf/f1600443420891x824082099092667100/google%20map%20clone.png,//s3.amazonaws.com/appforest_uf/f1600443011332x959523450640544800/Screen%20Shot%202020-09-18%20at%2011.30.00%20AM.png,https://manual.bubble.io/help-guides/working-with-data/working-with-location-data,,,,,,,,,,,,google-maps
Amazon,//s3.amazonaws.com/appforest_uf/f1479778401375x888283122330904000/a_smile_color_btn.png,,,,,,,,,,,,,,,,,,,,amazon
Gmail,//s3.amazonaws.com/appforest_uf/f1595611471739x333689299790450370/gmail-icon.svg,,,,,,,,,,,,,,,,,,,,gmail
Github,//s3.amazonaws.com/appforest_uf/f1479593717138x566961125470697860/1479615257_github.png,,,,,,,,,,,,,,,,,,,,github
Gravatar,//s3.amazonaws.com/appforest_uf/f1595611892234x536029906440029100/gravatar.svg,,,,,,,,,,,,,,,,,,,,gravatar
Outlook,//s3.amazonaws.com/appforest_uf/f1504941984321x185517982579767700/Outlook.com_icon.svg.png,Integrate your outlook data with your app,,,,,,,,,,,,,,,,,,,outlook
SendGrid,//s3.amazonaws.com/appforest_uf/f1595612497309x251531841583831900/sendgrid-1.svg,Email campaigns and template management,,,,,,,,,,,,,,,,,,,sendgrid
Intercom,//s3.amazonaws.com/appforest_uf/f1595615052906x436553833071964000/intercom-2.svg,Add a conversational experience for your users.,,"A guided walkthrough or even a live chat with a representative can really make a difference to your app's user experience. Intercom focuses on providing the tools you need to create a more conversational experience for your Bubble app's users. It's great for sales, support, onboarding, and more.

The available Intercom plugins offer features like:
[ul]
[li]Adding Intercom's custom HTML to your Bubble app for you[/li]
[li]The UI for requesting a chat with a user[/li]
[li]Creating a user in your Intercom account[/li]
[/ul]

Try the Bubble + Intercom integration today to provide an even more successful user experience!",Provide a more guided experience for your users with a leading business messaging tool,,//s3.amazonaws.com/appforest_uf/f1600271250710x898327813096189100/logotype-transparent-black%402x.png,//s3.amazonaws.com/appforest_uf/f1600271297035x483297344752547100/Engage_Message_Composer.png,,,,,,,,,,,,,intercom
Stripe,//s3.amazonaws.com/appforest_uf/f1492590438114x190583626274019500/descarga.jpeg,Add subscription and one-time transactions to your app.,,"Our Stripe integration lets you leverage the Stripe API in your application to charge cards, subscribe users or pay them via Stripe Connect.

Stripe is the leading payment platform for the web and is now accessible to your app without any code. Once you've installed the plugin, you'll be able to add new actions in your workflows to implement, for instance:
[ul]
[li]Charge a user and funnel the money to your Stripe account or to a third party[/li]
[li]Charge a user with a saved credit card[/li]
[li]Subscribe a user or modify a subscription[/li]
[li]Enable your users to save credit cards or update them[/li]

[/ul]

The Bubble + Stripe integration offers everything you need to start monetizing your application!","Stripe lets you implement subscriptions, one-time charges and marketplace payouts, all without code.",,//s3.amazonaws.com/appforest_uf/f1600442374303x838457950068284900/Stripe%20wordmark%20-%20slate.svg,//s3.amazonaws.com/appforest_uf/f1600442554076x739741340931019000/Screen%20Shot%202020-09-18%20at%2011.22.08%20AM.png,https://manual.bubble.io/core-resources/bubble-made-plugins/stripe,,,,,,,,,,,,stripe
Buffer,//s3.amazonaws.com/appforest_uf/f1486446777913x385123131796717630/buffer_icon.png,,,,,,,,,,,,,,,,,,,,buffer
Discord,//s3.amazonaws.com/appforest_uf/f1595614382667x323504474167400000/discord.svg,Create niche chat communities and integrate them with your app,,,,,,,,,,,,,,,,,,,discord
Steam,//s3.amazonaws.com/appforest_uf/f1595611705416x749612867062946700/steam-icon-logo.svg,,,,,,,,,,,,,,,,,,,,steam
Google Translate,//s3.amazonaws.com/appforest_uf/f1498672155210x210091293323785060/Google_Translate_icon.png,,,,,,,,,,,,,,,,,,,,google-translate
Heap Analytics,//s3.amazonaws.com/appforest_uf/f1488139007197x166264288127422340/Heap___Mobile_and_Web_Analytics.jpg,Analytics tracking for your Bubble app,,,,,,,,,,,,,,,,,,,heap-analytics
Mailchimp,//s3.amazonaws.com/appforest_uf/f1595614313001x952164170457608400/mailchimp-freddie-icon.svg,Send newsletter to your users.,,"The Mailchimp plugin lets you leverage the Mailchimp API to manage your emailing system directly from your application.

Once you've installed the plugin, you'll be able to:
[ul]
[li]Subscribe and unsubscribe users from lists[/li]
[li]Create lists[/li]
[li]Launch campaigns[/li]
[li]Fetch lists and segments[/li]
[/ul]

The Bubble + Mailchimp integration offers everything you need to email your users!",Add and remove users from your mailing lists from your workflows.,,//s3.amazonaws.com/appforest_uf/f1601060365423x257370472270957340/Mailchimp_Logo-Horizontal_Black.png,//s3.amazonaws.com/appforest_uf/f1601060503730x740575126536961300/Screen%20Shot%202020-09-25%20at%203.01.34%20PM.png,,,,,,,,,,,,,mailchimp
Yelp,//s3.amazonaws.com/appforest_uf/f1595611761755x132652645314849780/yelp-1.svg,,,,,,,,,,,,,,,,,,,,yelp
Calendly,//s3.amazonaws.com/appforest_uf/f1505228671175x604440652998164400/calel.png,,,,,,,,,,,,,,,,,,,,calendly
Zoom,//s3.amazonaws.com/appforest_uf/f1600455096553x723353114431979800/Zoom-Logo-PNG-Photo.png,Add video call capabilities to your app,,"Zoom plugins let you leverage the Zoom API to add conferencing features to your app.

In particular, you will be able to:
[ul]
[li]Enable your users to log in with Zoom[/li]
[li]Create a Meeting (instant, schedule, recurring)[/li]
[li]Update a Meeting[/li]
[li]Delete a Meeting[/li]
[/ul]
",The Zoom integration lets you leverage the Zoom platform in your app. ,,//s3.amazonaws.com/appforest_uf/f1600455500669x881649193534197500/139-1395315_zoom-video-communications-zoom-video-communications-logo.png,//s3.amazonaws.com/appforest_uf/f1600455164544x451784234944875100/Screen%20Shot%202020-09-18%20at%202.52.35%20PM.png,,,,,,,,,,,,,zoom
Google Calendar,//s3.amazonaws.com/appforest_uf/f1504084444653x636215810663998100/calendar_icon.png,Import event data and access user's calendars,,,,,,,,,,,,,,,,,,,google-calendar
Trello,//s3.amazonaws.com/appforest_uf/f1505705090526x507083508884534200/trello.png,Stay on top of things with Kanban boards,,,,,,,,,,,,,,,,,,,trello
Basecamp,//s3.amazonaws.com/appforest_uf/f1504856944667x294223678763955840/basecamp_favicon_192_2a193f66e2797ce3abb0a944969fe2fa4db010c13613bd3d400208b3e62b6862.png,Project management and online collaboration tools,,,,,,,,,,,,,,,,,,,basecamp
Vimeo,//s3.amazonaws.com/appforest_uf/f1503434908801x579903383739292700/vimeo.png,Embed videos directly into your app,,,,,,,,,,,,,,,,,,,vimeo
Asana,//s3.amazonaws.com/appforest_uf/f1503220770463x591460141353309200/Asana_logo.svg__1_.png,Task tracking and project management,,,,,,,,,,,,,,,,,,,asana
Mixpanel,//s3.amazonaws.com/appforest_uf/f1595614717312x374878062387326460/mixpanel.svg,Product analytics for your Bubble app,,"When thinking about improvements to your Bubble app, it's helpful to know what your users are and aren't doing. That's the benefit that product analytics tools provide - a quantitative view of what's going on on your web app.

Mixpanel is a leading choice in product analytics, and it's easy to integrate a Bubble app with Mixpanel! After connecting your Bubble app to your Mixpanel account, you can do things like:
[ul]
[li]Track various events that users do on your Bubble app[/li]
[li]Create or delete a profile for each of your users in Mixpanel[/li]
[li]Let Mixpanel know about money spent by a user in your app, which enriches your overall user data[/li]
[/ul]

The Bubble + Mixpanel integration will provide you the data and confidence you need as you grow and scale your app!","An easy-to-use, self-serve tool to help you measure what's going on on your Bubble app",,//s3.amazonaws.com/appforest_uf/f1600272419962x936569339554035600/mixpanel_logo_alt.png,//s3.amazonaws.com/appforest_uf/f1600272260403x524609923367698900/mixpanel%20flows.png,https://manual.bubble.io/core-resources/bubble-made-plugins/mixpanel,,,,,,,,,,,,mixpanel
OneSignal,//s3.amazonaws.com/appforest_uf/f1513550053188x235020452179014700/notification_logo.png,Send Mobile & web push notifications from your app.,https://bubble.io/blog/plugin-announcement-engage-your-customers-with-onesignal-web-notifications/,"Your app's user experience doesn't just happen while the user is looking at the right browser tab. There are plenty of reasons to re-engage your users at other times. In these cases, the right push notification can go a long way to getting your users back to your Bubble app experience.

OneSignal is an industry leader in customized push notifications. Their notifications work on web and mobile, and they also help you deliver messages via other channels like in-app and email.

The OneSignal plugin unlocks capabilities like:
[ul]
[li]Send web and mobile push notifications to a user[/li]
[li]Show a prompt to let the user opt-in to notifications[/li]
[li]Send a notification to a list or segment of users defined in OneSignal[/li]
[li]Send a notification based off of a template you created in OneSignal[/li]
[li]Add a tag to a user for easier segmentation and targeting in OneSignal[/li]
[/ul]

Try the Bubble + OneSignal integration today to communicate with and re-engage your users!",Improve customer engagement with the right notification via the right channel at the right time,,//s3.amazonaws.com/appforest_uf/f1600273120705x767367717080531600/onesignal%20logo.png,//s3.amazonaws.com/appforest_uf/f1600273222711x193605872268771900/Screen%20Shot%202020-09-16%20at%2012.20.14%20PM.png,https://manual.bubble.io/core-resources/bubble-made-plugins/onesignal-web-notifications,,,,,,,,,,,,onesignal
Google Drive,//s3.amazonaws.com/appforest_uf/f1525428855432x252030986361205570/2000px-Google_Drive_Logo.svg.png,Integrate your files directly into your Bubble app,,,,,,,,,,,,,,,,,,,google-drive
Plaid,//s3.amazonaws.com/appforest_uf/f1595623731508x206687072486267260/download%20%281%29.png,Integrate with various financial platforms,,,,,,,,,,,,,,,,,,,plaid
Google Sign-In,//s3.amazonaws.com/appforest_uf/f1536920601855x691820740932598700/google-logo-icon-PNG-Transparent-Background.png,"Let your users ""log in with Google"".",,"Many websites now let users create accounts and log in via a service like Google. It's easy to build this in your Bubble app too!

With the Bubble-built Google plugin, you can easily add a ""Log in with Google"" button to your app, and Bubble will handle the OAuth process for you. This is great for making the user onboarding flow even more seamless.

Try the Bubble + Google integration today to let your users sign in with their Google accounts!",Use Google as an OAuth source,,//s3.amazonaws.com/appforest_uf/f1600270605965x984501593456297300/1920px-Google_2015_logo.svg.png,//s3.amazonaws.com/appforest_uf/f1600270709172x300144108536043460/Screen%20Shot%202020-09-16%20at%2011.38.21%20AM.png,https://manual.bubble.io/help-guides/working-with-data/authenticating-users#oauth-login-with-x,,,,,,,,,,,,google-sign-in
Typeform,//s3.amazonaws.com/appforest_uf/f1535388650855x918495151447132300/typeform%20logo.jpg,,,,,,,,,,,,,,,,,,,,typeform
Peltarion,//s3.amazonaws.com/appforest_uf/f1592399199322x271151650707845300/peltarion_logotype_Pi_red.png,Leverage machine learning in your Bubble app.,https://bubble.io/blog/bubble-peltarion-machine-learning-ai/,"Machine learning and deep learning are technologies that are revolutionizing every industry. Today, the right algorithm can generate enormous value and time savings for all kinds of apps.

Peltarion is a leader in deep learning and has built a no-code artificial intelligence platform to make it easy for anybody to build and use their own deep learning algorithm.

After setting up your own algorithm and training it on your data on the Peltarion platform, your Bubble app can then access and use that model. For example, perhaps you've trained an image detection to classify different types of car damage based on a picture, because your app helps deal with car insurance claims. With this integration, users can upload an image of a car accident to your app, which will quickly get a classification from your Peltarion model.

Try the Bubble + Peltarion integration today to easily integrate deep learning into your user experience!",A no-code machine learning platform for your no-code Bubble app,,//s3.amazonaws.com/appforest_uf/f1600273614083x874034440124072300/peltarion_logo.jpg,//s3.amazonaws.com/appforest_uf/f1600273578307x569049914525790340/peltarion%20image.jpeg,https://peltarion.com/knowledge-center/documentation/tutorials/create-a-no-code-ai-app,,,//s3.amazonaws.com/appforest_uf/f1600303278945x186889536502437900/BubblexPeltarion_Final.png,,,,,,,,,peltarion
Algolia,//s3.amazonaws.com/appforest_uf/f1595611071455x245358749398614460/algolia-4.svg,Supercharge your app's search capabilities.,https://forum.bubble.io/t/new-feature-beta-algolia-search-integration/83032,"Algolia is a search-as-a-service product offering a full suite of APIs to allow you to easily index data and build tailored, fast Search and Discovery experiences.

Bubble apps using this integration have their data sent to Algolia for indexing, and use Algolia as a data source to power elements like repeating groups and searchboxes. Note that unlike a plugin which must be installed, this integration is built natively into the editor, much like Bubble’s integrations with Google Maps and Google Geocode.

What are the benefits of using Algolia?
[ul]
[li]Speed - Algolia searches are fast, and noticeably faster than Bubble native searches at scale[/li]
[li]Customizability - Algolia allows you to tweak the search algorithm, among other parameters as well[/li]
[/ul]

Try the Bubble + Segment integration today to build an awesome search experience within your app!","Index your app's data to Algolia to provide richer, faster search experiences to your users",,//s3.amazonaws.com/appforest_uf/f1600207135177x830733182994042800/logo-algolia-nebula-blue-full.png,//s3.amazonaws.com/appforest_uf/f1600207568878x731437320536756300/Screen%20Shot%202020-09-15%20at%206.05.57%20PM.png,https://manual.bubble.io/help-guides/working-with-data/using-algolia,,,,,,,,,,,,algolia
Servicebot,//s3.amazonaws.com/appforest_uf/f1584047501613x954938772452906900/sbot.png,Add billing pages for Stripe-powered businesses.,https://forum.bubble.io/t/servicebot-bubble-partnership/84207,"SaaS is now a common business model, but billing for SaaS products can get complicated.

Instead of building your own billing-related pages, you can use Servicebot to help. They offer no-code drop-in billing pages for Stripe businesses. With just a few clicks, you can design a rich billing experience for your users, while letting Servicebot handle all the heavy lifting.

The Servicebot plugin unlocks features such as:
[ul]
[li]Drop-in elements for your subscription portal and pricing page[/li]
[li]Pulling in useful data from your Servicebot account[/li]
[li]Various events around the life-cycle of a subscription that can trigger Bubble workflows[/li]
[/ul]

Try the Bubble + Servicebot integration today to get an easy solution to your SaaS billing needs!",A no-code way to manage your app's SaaS billing,,//s3.amazonaws.com/appforest_uf/f1600281352375x741924847700598100/68747470733a2f2f63646e2d696d616765732d312e6d656469756d2e636f6d2f6d61782f323030302f312a4e724b554b54675a6c45734a4e63744f4b4c63746a674032782e706e67.png,//s3.amazonaws.com/appforest_uf/f1600281383103x293798784822894460/servicebot_image.svg,https://docs.servicebot.io/subscription-portal/integrations/bubble,,,,,,,,,,,,servicebot
Airtable,//s3.amazonaws.com/appforest_uf/f1579099227177x946074704247231700/Airtable.png,Build a powerful web application with your Airtable data.,https://bubble.io/blog/bubble-airtable-integration/,"Bubble’s Airtable integration lets you create your own fully functional web application using an existing Airtable base. This powerful plugin lets you read from and write to a database in Airtable, so you can build custom user interfaces and workflows for your data with Bubble’s visual editor, all without code. Organize your data in new and exciting ways. Share with your team or anyone using your application. Here are just a few examples of what you can do with this integration:

[ul]
[li]For [b]customer relationship management[/b] (CRM): add an interface to your Airtable data to explore and send automated messages to your contacts.[/li]
[li]For your [b]inventory management system[/b]: Use Airtable’s mobile app to scan item barcodes and match them to your inventory database on Bubble.[/li]
[li]For your [b]content management system[/b] (CMS): Create custom Bubble workflows for authors and reviewers that write and edit data in an Airtable base.[/li]
[/ul]

Try the Bubble + Airtable integration today to get more out of your data!","Get the best of both worlds with Airtable’s intuitive, powerful database and Bubble’s custom logic and flexible UI builder. ",,//s3.amazonaws.com/appforest_uf/f1598976582005x195660301655425250/Airtable-Logo-Color%20%281%29.svg,//s3.amazonaws.com/appforest_uf/f1598976591361x748394469338576000/Bubble-Airtable-Plugin-Screenshot1%20%281%29.png,https://manual.bubble.io/core-resources/bubble-made-plugins/airtable,,,//s3.amazonaws.com/appforest_uf/f1598977453445x218025157669084380/Bubble%20Airtable%20Cover%203%20%281%29.png,,,,,,,,,airtable
Clarifai,//s3.amazonaws.com/appforest_uf/f1534292186236x600962592288851700/vectorpaint.svg,,,,,,,,,,,,,,,,,,,,clarifai
HotJar Analytics,//s3.amazonaws.com/appforest_uf/f1528541280630x890704161487519700/hotja.jpg,Analytics tracking for your Bubble app.,,,,,,,,,,,,,,,,,,,hotjar-analytics
Segment,//s3.amazonaws.com/appforest_uf/f1595612353018x924421782371320600/segment-1.svg,Connect your app to the leading Customer Data Platform.,,"At some point during your app's growth, you'll want to start collecting data on your users. There is so much possible data to collect that implementing, cleaning, and organizing that data can be a huge undertaking in itself. That's where a Customer Data Platform comes in handy.

If you track an event, user or page view with Segment, Segment will handle sending that data to all your other data tools, whether it be for analytics, marketing, advertising, etc. The Segment plugin for Bubble makes it easy for your app to become a source of data that powers the rest of your business.

The Segment plugin provides functionality like:
[ul]
[li]Tracking an event the user does, either on the client or server[/li]
[li]Tracking a page view[/li]
[li]Enriching a user profile in Segment with more information[/li]
[/ul]

Try the Bubble + Segment integration today to get more out of your user data!","Collect, clean and control your user data",,//s3.amazonaws.com/appforest_uf/f1600280628563x108295786357105680/segment-logo.png,//s3.amazonaws.com/appforest_uf/f1600280692237x856245578119586600/Screen%20Shot%202020-09-16%20at%202.24.43%20PM.png,https://manual.bubble.io/core-resources/bubble-made-plugins/segment,,,,,,,,,,,,segment
Wistia,//s3.amazonaws.com/appforest_uf/f1595612683986x208279851965281300/wistia-flags-300x300.png,,,,,,,,,,,,,,,,,,,,wistia
Instagram,//s3.amazonaws.com/appforest_uf/f1595613495123x472050995588336060/instagram-2-1.svg,Connect your Instagram feed,,,,,,,,,,,,,,,,,,,instagram
Zapier,//s3.amazonaws.com/appforest_uf/f1595612044446x980072414825029900/zapier.svg,Connect your Bubble app to thousands of other web products even more seamlessly,,"Zapier lets you easily create a workflow between any two (or more) web apps in their library of 3,000+ integrations. In Zapier, something that happens in one app acts as a ""trigger"" to launch ""actions"" in another app.

Now, Bubble offers a deep integration with Zapier so that your Bubble app can serve as either the trigger or action in a Zap! As the trigger, you can kick off a Zap from your app, like when your end-user clicks on a button; this is a powerful, easy way to integrate with thousands of other web products out there, similar to Bubble's API Connector. As the action, activity in other apps can kick off workflows or modify data in your Bubble app; this is a great no-code way to set up a ""webhook""-like relationship, for example.

The Zapier + Bubble integration represents two popular no-code tools joining forces to give your Bubble app even more power and flexibility, still without requiring code!","You can easily connect two or more web apps from Zapier's library of 3,000+ integrations - including Bubble","<script src=""https://zapier.com/apps/embed/widget.js?services=bubble&limit=5&buttonColor=%230205D3""></script>",//s3.amazonaws.com/appforest_uf/f1613137426115x379764413631615800/zapier_logo_wide.png,//s3.amazonaws.com/appforest_uf/f1613138099622x859618472593700400/zapier_screenshot.png,https://manual.bubble.io/core-resources/bubble-made-plugins/zapier,,,//s3.amazonaws.com/appforest_uf/f1613493425899x894616079925557800/Zapier%20Bubble%20Integration%20Plugin.png,,,,,,,,,zapier
Facebook,//s3.amazonaws.com/appforest_uf/f1595613467826x151317180654026340/facebook-3.svg,"Let your users ""Log in with Facebook"".",,"Many websites now let users create accounts and log in via a service like Facebook. It's easy to build this in your Bubble app too!

With the Bubble-built Facebook plugin, you can easily add a ""Log in with Facebook"" button to your app, and Bubble will handle the OAuth process for you. This is great for making the user onboarding flow even more seamless.

The plugin also lets the Bubble app pull information from the user's public Facebook profile, which can be used to enrich your app's experience. It also lets you provide a shortcut for your user to send a Facebook Messenger message.

Try the Bubble + Facebook integration today to let your users log in with Facebook!",Use Facebook as an OAuth source and retrieve your users' profiles,,//s3.amazonaws.com/appforest_uf/f1600269710284x979730331753585000/1280px-Facebook.svg.png,//s3.amazonaws.com/appforest_uf/f1600269940510x176549553192284030/Screen%20Shot%202020-09-16%20at%2011.25.30%20AM.png,https://manual.bubble.io/core-resources/bubble-made-plugins/facebook,,,,,,,,,,,,facebook
Google Optimize,//s3.amazonaws.com/appforest_uf/f1595612014751x749698195534040400/google-optimize.svg,Run A/B tests on your Bubble app.,https://forum.bubble.io/t/new-feature-beta-google-optimize-plugin-for-a-b-testing/106081,"A/B tests are a powerful way to know what ideas actually [i]work[/i] for improving your Bubble app. This technique involves running a controlled experiment - a random proportion of your users will get the current experience while another will get an alternate experience. The results will show you whether the alternative performs better on the metrics you care about.

Google Optimize is a free tool from the Google Analytics family that helps you run A/B tests on your web app. Using the Bubble-built Google Optimize plugin, you can build your experiments right in the Bubble editor. Then, Optimize will use the data flowing into your Google Analytics account to analyze the impact of the test.

Try the Bubble + Google Optimize integration today to find data-driven ways to improve your app!",Tap into Google Optimize and Google Analytics for randomized tests that help you improve your app,,//s3.amazonaws.com/appforest_uf/f1600270085201x844374146150358900/google-optimize-logo-color.png,//s3.amazonaws.com/appforest_uf/f1600270482333x546824408361394000/Screen%20Shot%202020-09-16%20at%2011.34.30%20AM.png,https://manual.bubble.io/core-resources/bubble-made-plugins/google-optimize,,,,,,,,,,,,google-optimize
Optimizely,//s3.amazonaws.com/appforest_uf/f1595611383519x543735573679341000/https---s3.amazonaws.com-appforest_uf-f1429480341337x420589497080072770-opt_circle_mark_BLUE.png,,,,,,,,,,,,,,,,,,,,optimizely
YouTube,//s3.amazonaws.com/appforest_uf/f1595612530185x425708810245678700/youtube-3.svg,Add videos to your app,,"Adding videos from YouTube to your app is easy with our in-built video element that lets you embed YouTube videos on any page.

Try the Bubble + YouTube integration today to add your YouTube videos to your Bubble app.",Use our video element to add YouTube videos to your page,,,,,,,,,,,,,,,,youtube
LinkedIn,//s3.amazonaws.com/appforest_uf/f1595613517823x284721759025911230/linkedin-icon-2%20%281%29.svg,Look up profiles and access user data,,,,,,,,,,,,,,,,,,,linkedin
Twitter,//s3.amazonaws.com/appforest_uf/f1595613539350x259851086643825060/twitter%20%281%29.svg,"Let your users ""Log in with Twitter"".",,,,,,,,,,,,,,,,,,,twitter
Pinterest,//s3.amazonaws.com/appforest_uf/f1595613561562x362985310521725760/pinterest-1.svg,Connect your Pinterest feed to your app,,,,,,,,,,,,,,,,,,,pinterest
Box,//s3.amazonaws.com/appforest_uf/f1595613644056x759635710975798000/box-39.svg,Use Box to store your app's assets.,,"Already a heavy Box user for all your storage needs? You can configure your Bubble app so that your app's assets are all stored in Box as well.

For example, if you allow your users to upload images or files, you can choose to store those in your Box account rather than use Bubble's native file storage. This alternative storage option shows up right alongside Bubble's native storage.

Moreover, you can also set the Privacy rules around Box files.

Try the Bubble + Box integration today for your storage needs!",A seamless alternative to Bubble's native storage,,//s3.amazonaws.com/appforest_uf/f1600269285261x595060666668574200/1200px-Box%2C_Inc._logo.svg.png,//s3.amazonaws.com/appforest_uf/f1600269551461x719571125861870700/Screen%20Shot%202020-09-16%20at%2011.17.57%20AM.png,https://manual.bubble.io/core-resources/bubble-made-plugins/box,,,,,,,,,,,,box
Disqus,//s3.amazonaws.com/appforest_uf/f1595613587790x528240017691371700/disqus-1.svg,,,,,,,,,,,,,,,,,,,,
Slack,//s3.amazonaws.com/appforest_uf/f1598976896957x241648352349859800/Slack_Mark.svg,Integrate and automate your team communications.,https://bubble.io/blog/bubble-slack-integration/,"With Bubble’s newest Slack plugin, we’ve developed some sophisticated ways for you to take advantage of the Slack API in your web app, all without needing to code. From creating your own bot for your app in Slack to building an internal team chat tool that syncs with your Slack workplace, there are many possibilities for you to explore.

Some key features in the Bubble Slack plugin include the ability to:

[ul]
[li]Log in with Slack in your web app.[/li]
[li]Create a custom bot for your app, which can post to channels with dynamically using Bubble workflows.[/li]
[li]Set Slack reminders for users from your app.[/li]
[li]Add team members to Slack channels.[/li]
[li]Send messages as a user within your app, either to a Slack channel or directly to another Slack team member.[/li]
[/ul]

Try the Bubble + Slack integration today to create richer experiences around your users' team communications!","Take your productivity and collaboration tools to the next level. Add Slack features to any web app you build in Bubble, all without writing code.",,//s3.amazonaws.com/appforest_uf/f1598976911297x376263154336085950/SlackLogo.png,//s3.amazonaws.com/appforest_uf/f1598976905153x683662919166003100/slackplugin.png,https://manual.bubble.io/core-resources/bubble-made-plugins/slack,,,//s3.amazonaws.com/appforest_uf/f1598977506746x691327139303354200/BubbleSlackIntegration.png,,,,,,,,,slack
Figma,//s3.amazonaws.com/appforest_uf/f1598981452453x512236205159312800/figma-logo-E4E21D3AEA-seeklogo.com.png,Import your Figma designs and turn them into an app in one click.,https://bubble.io/blog/bubble-figma-integration/,"The integration lets you specify the Figma file you want to import, and Bubble will bring every visible frame in that file into the current app as its own page. 

Because the two platforms do have some inherently different capabilities, we can’t guarantee the import is 100% accurate but it will be close to 100% fidelity, and will enable you get your app's design great very quickly.

Try the Bubble + Figma integration today to streamline your app design process!",Leverage Figma's design to start your application and add backend functionality with no-code.,,//s3.amazonaws.com/appforest_uf/f1598981746521x170565042732736770/figma.png,//s3.amazonaws.com/appforest_uf/f1598981935766x480826251622246140/Bubble-Figma-Demo.jpeg,https://manual.bubble.io/help-guides/building-a-user-interface/importing-from-figma,,,//s3.amazonaws.com/appforest_uf/f1598981462625x254539279861389470/Figma-Bubble-Integration.png,,,,,,,,,figma
Quickbooks,//s3.amazonaws.com/appforest_uf/f1614283823368x351175553704455900/quickbooks.png,Automate your bookkeeping via your Bubble app,,,Making your business's operations more efficient,,,,,,https://zapier.com/apps/bubble/integrations/quickbooks,,Zapier,,,,,,,,quickbooks
ActiveCampaign,//s3.amazonaws.com/appforest_uf/f1614284030272x683246310997441200/activecampaign%20logo.png,Smarter marketing tools for your business,,,Connect your Bubble app to all of your marketing activities,,,,,,https://zapier.com/apps/bubble/integrations/activecampaign,,Zapier,,,,,,,,activecampaign
Shopify,//s3.amazonaws.com/appforest_uf/f1614284374592x413994593691744200/shopify_logo.png,Manage your e-commerce storefront from Bubble,,,Connecting Shopify and your Bubble app opens the door to automation and operational efficiencies,,,,,,https://zapier.com/apps/bubble/integrations/shopify,,Zapier,,,,,,,,shopify
Google Contacts,//s3.amazonaws.com/appforest_uf/f1614284472755x605172741255812800/google_contacts.png,Manage and organize your contacts,,,A two-way connection between Bubble and Google Contacts can help you tame your rolodex,,,,,,https://zapier.com/apps/bubble/integrations/google-contacts,,Zapier,,,,,,,,google-contacts
Google Docs,//s3.amazonaws.com/appforest_uf/f1614284611531x651396948785101000/google_docs.png,Interact with your documents from Bubble,,,Bubble can help generate new docs or leverage your existing docs,,,,,,https://zapier.com/apps/bubble/integrations/google-docs,,Zapier,,,,,,,,google-docs
SurveyMonkey,//s3.amazonaws.com/appforest_uf/f1614284706590x865623046013321900/surveymonkey.png,Easily manage your surveys,,,"Connecting SurveyMonkey with your Bubble app can help you create, manage, and respond to surveys",,,,,,https://zapier.com/apps/bubble/integrations/surveymonkey,,Zapier,,,,,,,,surveymonkey
Make,//s3.amazonaws.com/appforest_uf/f1652190576918x613151218597913800/Make-App-Icon-Square.png,Connect Bubble with other data sources to help you transfer and transform data,,"Make is a visual platform that lets you design, build, and automate anything–from simple tasks to
complex workflows—in minutes. With Make, you can send information between Bubble and
thousands of apps. It’s fast and easy to use, visually intuitive, and requires zero coding expertise.

Connect Bubble with any app or service. Do more with Bubble. Make lets you connect Bubble with 1000+
popular apps in just a few clicks, without any coding. Missing an app in our library? Use Make’s no-code
toolkit, which includes the generic HTTP app that allows you to connect to any app or service with an API.

Visualize the workflows you create. Make allows you to visually create, build, and automate workflows.
Use the playful drag-and-drop interface to connect apps in a few clicks, and build limitless workflows called
scenarios. Set your scenarios to run instantly or per schedule, or watch the scenario run in real time
whenever you need.

Create without limits. Make lets you build as if you were a developer, without writing any code.
  ● Design workflows with as many steps as you need
  ● Integrate an infinite number of apps in a single workflow
  ● To build complex workflows, you can use Make’s powerful no-code toolkit, which includes
    advanced features like iterations, aggregations, conditional logic, filtering, error handling,
    execution history log, and more.

[url=https://www.make.com/en/register?promo=bubble-app-partner-program][b][color=#0C29AB][u]Sing up for Make and get 2 months of the Pro plan for FREE (new users only)[/u][/color][/b][/url]","Make lets you design, build, and automate by connecting Bubble with thousands of apps in just a few clicks.","<script type=""text/javascript"" src=""https://www.make.com/en/embed-builder/api/templates/list?lang=en&mode=list&templates=3174&templates=2172&templates=2173&templates=6359&partner=true""></script>",//meta-l.cdn.bubble.io/f1684510936458x881321731165130200/Make-Logo-RGB.svg,//s3.amazonaws.com/appforest_uf/f1650404862112x897949803402309300/generic.png,,,https://www.integromat.com/en/integrations/bubble?utm_source=bubble&utm_medium=partner&utm_campaign=bubble-partner-program,,,,,,,,,,make-formerly-integromat
