name_text,logo_image,usage_number,website_text,active__boolean,public__boolean,location_geographic_address,Created By,Modified By,_type,_version,Created Date,Modified Date,_id,Slug
Antler,//s3.amazonaws.com/appforest_uf/f1675862675607x694505266454444000/Antler%20Logo.png,209,https://www.antler.co/,True,True,"{'lat': 40.7127753, 'lng': -74.0059728, 'address': 'New York, NY, USA', 'components': {'city': 'New York', 'state': 'New York', 'country': 'United States', 'state code': 'NY', 'country code': 'US'}}",1348695171700984260__LOOKUP__admin_user_meta_live,,custom.perk_program_parent,5100541640,1675969740204,1753196761916,1675969740203x908201303504954100,
University Of Notre Dame,//s3.amazonaws.com/appforest_uf/f1675862770414x246608034048444000/University%20of%20Notre%20Dame%20logo.png,0,https://nd.edu,True,True,"{'lat': 41.7001908, 'lng': -86.23793280000001, 'address': 'Notre Dame, IN 46556, USA', 'components': {'city': 'Notre Dame', 'state': 'Indiana', 'county': 'St. Joseph County', 'country': 'United States', 'zip code': '46556', 'state code': 'IN', 'country code': 'US'}}",1348695171700984260__LOOKUP__admin_user_meta_live,,custom.perk_program_parent,2717718635,1675969740415,1675970203004,1675969740415x981070526149722800,
Columbia University,//s3.amazonaws.com/appforest_uf/f1675862853039x311406078295975740/Columbia%20logo.png,7,https://columbia.edu,True,True,"{'lat': 40.7127753, 'lng': -74.0059728, 'address': 'New York, NY, USA', 'components': {'city': 'New York', 'state': 'New York', 'country': 'United States', 'state code': 'NY', 'country code': 'US'}}",1348695171700984260__LOOKUP__admin_user_meta_live,,custom.perk_program_parent,2717718625,1675969740417,1675970202838,1675969740417x632403861582717800,
Harvard University,//s3.amazonaws.com/appforest_uf/f1675862978845x661883383017289600/Harvard%20Logo.png,135,https://harvard.edu,True,True,"{'lat': 42.3663518, 'lng': -71.11959949999999, 'address': 'Boston, MA 02163, USA', 'components': {'city': 'Boston', 'state': 'Massachusetts', 'country': 'United States', 'zip code': '02163', 'state code': 'MA', 'country code': 'US'}}",1348695171700984260__LOOKUP__admin_user_meta_live,,custom.perk_program_parent,5115958878,1675969740558,1753743986269,1675969740558x283025042988320770,
Microsoft For Startups,//s3.amazonaws.com/appforest_uf/f1675863053326x908233382668265000/MSStartups_wordmark-RegularVertical-black%20%283%29.png,6038,https://www.microsoft.com/en-us/startups,True,True,"{'lat': 38.7945952, 'lng': -106.5348379, 'address': 'United States', 'components': {'country': 'United States', 'country code': 'US'}}",1348695171700984260__LOOKUP__admin_user_meta_live,,custom.perk_program_parent,5245589274,1675969740682,1758219193495,1675969740682x557757888381519500,
On Deck,//s3.amazonaws.com/appforest_uf/f1675863128588x571445921166357800/Screen%20Shot%202022-11-08%20at%204.52.44%20PM.png,370,https://www.beondeck.com/,False,False,"{'lat': 37.7749295, 'lng': -122.4194155, 'address': 'San Francisco, CA, USA', 'components': {'city': 'San Francisco', 'state': 'California', 'county': 'San Francisco County', 'country': 'United States', 'state code': 'CA', 'country code': 'US'}}",1348695171700984260__LOOKUP__admin_user_meta_live,,custom.perk_program_parent,4898345895,1675969740690,1746530221657,1675969740690x704940181397108400,
StartupOS,//s3.amazonaws.com/appforest_uf/f1675970536777x762795243433328900/StartupOS-color-white.png,0,www.startupos.com,,,"{'lat': 33.7150647, 'lng': -116.2923775, 'address': '78680 CA-111 #5018, La Quinta, CA 92253, USA', 'components': {'city': 'La Quinta', 'state': 'California', 'county': 'Riverside County', 'street': 'California 111', 'country': 'United States', 'zip code': '92253', 'state code': 'CA', 'subpremise': '5018', 'country code': 'US', 'street number': '78680'}}",1348695171700984260__LOOKUP__1675970240440x927278371219592400,,custom.perk_program_parent,2717731276,1675970549309,1675970549353,1675970548411x712522423609851900,
Partnership ,//s3.amazonaws.com/appforest_uf/f1676001742235x562176309494045760/Civatech%20Solutions%20white%20sample%20logo2%20%282%29.jpeg,0,www.civatechsolutions.com,,,"{'lat': 32.96179, 'lng': -117.1566679, 'address': '7790 Via Toscana #2302, San Diego, CA 92129, USA', 'components': {'city': 'San Diego', 'state': 'California', 'county': 'San Diego County', 'street': 'Via Toscana', 'country': 'United States', 'zip code': '92129', 'state code': 'CA', 'subpremise': '2302', 'country code': 'US', 'neighborhood': 'Torrey Highlands', 'street number': '7790'}}",1348695171700984260__LOOKUP__1675792613296x787192367980150300,,custom.perk_program_parent,2718426002,1676001767639,1676001767687,1676001767152x387398694153486340,
Workweek,//s3.amazonaws.com/appforest_uf/f1676057931262x681016230019563900/Screen%20Shot%202023-02-08%20at%201.02.40%20PM.png,0,https://workweek.com/,,,"{'lat': 30.267153, 'lng': -97.7430608, 'address': 'Austin, TX, USA', 'components': {'city': 'Austin', 'state': 'Texas', 'county': 'Travis County', 'country': 'United States', 'state code': 'TX', 'country code': 'US'}}",1348695171700984260__LOOKUP__1676057050100x158038661748934660,,custom.perk_program_parent,2719703146,1676057934525,1676057934571,1676057930057x822991144974286800,
Let's Grow Buffalo,//s3.amazonaws.com/appforest_uf/f1676275365982x116547471032292690/cs%20sAsset%201%403x.png,0,letsgrowbuffalo.org,,,"{'lat': 42.9007966, 'lng': -78.87303020000002, 'address': '599 Delaware Ave, Buffalo, NY 14202, USA', 'components': {'city': 'Buffalo', 'state': 'New York', 'county': 'Erie County', 'street': 'Delaware Avenue', 'country': 'United States', 'zip code': '14202', 'state code': 'NY', 'country code': 'US', 'neighborhood': 'Allentown', 'street number': '599'}}",1348695171700984260__LOOKUP__1676271350618x875878468508144500,,custom.perk_program_parent,2723588992,1676275372198,1676275372240,1676275371313x579687676675358700,
Don't know,//s3.amazonaws.com/appforest_uf/f1676320078233x434384629844630800/tenheads.png,0,www.tenheads.co,,,"{'lat': 20.593684, 'lng': 78.96288, 'address': 'India', 'components': {'country': 'India', 'country code': 'IN'}}",1348695171700984260__LOOKUP__1676319882914x457632070991176300,,custom.perk_program_parent,2724855102,1676320084945,1676320084995,1676320083957x414936402436292600,
Hope for Education Development ,//s3.amazonaws.com/appforest_uf/f1676352340221x361491559936155000/811E5AA4-D1C5-4D85-9DA5-309BC534DF8E.png,0,-,,,"{'lat': 24.453884, 'lng': 54.3773438, 'address': 'Abu Dhabi - United Arab Emirates', 'components': {'city': 'Abu Dhabi', 'state': 'Abu Dhabi', 'country': 'United Arab Emirates', 'state code': 'Abu Dhabi', 'country code': 'AE'}}",1348695171700984260__LOOKUP__1673619905184x823898192847827700,,custom.perk_program_parent,2725563883,1676352473980,1676352474027,1676352472803x671919765322989600,
workweek - stackpass.io,//s3.amazonaws.com/appforest_uf/f1676482729636x457413948817518200/Screen%20Shot%202023-02-08%20at%201.02.40%20PM.png,0,https://workweek.com/,,,"{'lat': 30.2671699, 'lng': -97.69247969999999, 'address': '1023 Springdale Rd, Austin, TX 78721, USA', 'components': {'city': 'Austin', 'state': 'Texas', 'county': 'Travis County', 'street': 'Springdale Road', 'country': 'United States', 'zip code': '78721', 'state code': 'TX', 'country code': 'US', 'neighborhood': 'MLK-183', 'street number': '1023'}}",1348695171700984260__LOOKUP__1676482446955x572876687740167900,,custom.perk_program_parent,2728891534,1676482733213,1676482733261,1676482731581x507848709616173060,
No-Code Start-Up Bubble Program,//s3.amazonaws.com/appforest_uf/f1676494838897x614208268039884200/Logo%20redondo.png,0,https://nocodestartup.io/,,,"{'lat': -23.5557714, 'lng': -46.6395571, 'address': 'São Paulo, State of São Paulo, Brazil', 'components': {'city': 'São Paulo', 'state': 'State of São Paulo', 'county': 'São Paulo', 'country': 'Brazil', 'state code': 'SP', 'country code': 'BR'}}",1348695171700984260__LOOKUP__1619021326899x472618026507661630,,custom.perk_program_parent,2729242779,1676494974307,1676494974355,1676494972620x451012617120251900,
Info villages ,//s3.amazonaws.com/appforest_uf/f1676509762056x704450512449583000/AddText_02-14-02.00.48.png,0,Wwwmoudousall91.com,,,"{'lat': 14.497401, 'lng': -14.452362, 'address': 'Senegal', 'components': {'country': 'Senegal', 'country code': 'SN'}}",1348695171700984260__LOOKUP__1676506758339x193115720815298050,,custom.perk_program_parent,2729596878,1676509970865,1676509970909,1676509969016x692128702218895400,
RocketHub LaunchKit,//s3.amazonaws.com/appforest_uf/f1676571023592x330691603162337500/rockethub-logo-horizontal-color.png,0,https://rockethub.com,,,"{'lat': 40.4460824, 'lng': -74.4644922, 'address': '19 Mink Run Ct, North Brunswick Township, NJ 08902, USA', 'components': {'city': 'North Brunswick Township', 'state': 'New Jersey', 'county': 'Middlesex County', 'street': 'Mink Run Court', 'country': 'United States', 'zip code': '08902', 'state code': 'NJ', 'country code': 'US', 'street number': '19'}}",1348695171700984260__LOOKUP__1676567065011x819749307993265200,,custom.perk_program_parent,2731012750,1676571039133,1676571039193,1676571038066x305987589969281000,
Founder University,//s3.amazonaws.com/appforest_uf/f1676650241231x264082490317084200/FU%20Logo.png,77,https://course.founder.university/,True,True,"{'lat': 37.7749295, 'lng': -122.4194155, 'address': 'San Francisco, CA, USA', 'components': {'city': 'San Francisco', 'state': 'California', 'county': 'San Francisco County', 'country': 'United States', 'state code': 'CA', 'country code': 'US'}}",1348695171700984260__LOOKUP__1635161683340x563190469453273200,,custom.perk_program_parent,4506866934,1676650245530,1733154587074,1676650244582x359332279150182400,
Station F,//s3.amazonaws.com/appforest_uf/f1676650715297x505848966369985000/Screenshot%202023-02-17%20at%2011.18.26%20AM.png,95,https://stationf.co/,True,True,"{'lat': 48.856614, 'lng': 2.3522219, 'address': 'Paris, France', 'components': {'city': 'Paris', 'state': 'Île-de-France', 'county': 'Paris', 'country': 'France', 'state code': 'IDF', 'country code': 'FR'}}",1348695171700984260__LOOKUP__1635161683340x563190469453273200,,custom.perk_program_parent,5088721237,1676650418765,1752766917045,1676650418320x651644856345559000,
SyntiGreat,//s3.amazonaws.com/appforest_uf/f1676691765222x680415787231097000/Simply%20inteGreat%20Logo.png,0,www.syntigreat.com,,,"{'lat': 38.7359105, 'lng': -77.7499692, 'address': '7326 Moss Ln, Warrenton, VA 20187, USA', 'components': {'city': 'Warrenton', 'state': 'Virginia', 'county': 'Fauquier County', 'street': 'Moss Lane', 'country': 'United States', 'zip code': '20187', 'state code': 'VA', 'country code': 'US', 'street number': '7326'}}",1348695171700984260__LOOKUP__1676687207760x853960168273512400,,custom.perk_program_parent,2733696616,1676691821182,1676691821227,1676691821016x254428693626880000,
Space N labs,//s3.amazonaws.com/appforest_uf/f1676909487715x386248753641756000/Untitled_design-removebg-preview.png,0,https://spacenlabs.com,,,"{'lat': 12.9745535, 'lng': 77.6070605, 'address': 'Pavilion Mall, 62/63, Church St, Haridevpur, Shanthala Nagar, Ashok Nagar, Bengaluru, Karnataka 560001, India', 'components': {'city': 'Bengaluru', 'state': 'Karnataka', 'county': 'Bangalore Division', 'street': 'Church Street', 'country': 'India', 'premise': 'Pavilion Mall', 'zip code': '560001', 'state code': 'KA', 'country code': 'IN', 'street number': '62/63'}}",1348695171700984260__LOOKUP__1674406997269x404086898560235970,,custom.perk_program_parent,2737449248,1676909493643,1676909493692,1676909493361x452678319225438200,
EDHEC Entrepreneurs,//s3.amazonaws.com/appforest_uf/f1676993146046x124964997701662260/EDHECEntrepreneurs-LogoSecondaire%20%281%29.png,8,https://www.edhec.edu/,True,True,"{'lat': 48.8697023, 'lng': 2.3365474, 'address': '16 Rue du 4 septembre, 75002 Paris, France', 'components': {'city': 'Paris', 'state': 'Île-de-France', 'county': 'Département de Paris', 'street': 'Rue du 4 septembre', 'country': 'France', 'zip code': '75002', 'state code': 'IDF', 'country code': 'FR', 'street number': '16'}}",1348695171700984260__LOOKUP__1676989555105x217043072001460900,,custom.perk_program_parent,4567883277,1676993161210,1735641377953,1676993159957x370963432135458800,
APX,//s3.amazonaws.com/appforest_uf/f1676996765205x941524190908599700/APX%20logo.webp,0,https://apx.vc/,True,True,"{'lat': 52.5082933, 'lng': 13.3982199, 'address': 'Zimmerstraße 50, 10117 Berlin, Germany', 'components': {'city': 'Berlin', 'state': 'Berlin', 'street': 'Zimmerstraße', 'country': 'Germany', 'zip code': '10117', 'state code': 'BE', 'country code': 'DE', 'street number': '50'}}",1348695171700984260__LOOKUP__1635161683340x563190469453273200,,custom.perk_program_parent,2739590687,1676996769180,1676996783481,1676996768238x139986610936872960,
Business collaboration - Development Partner ,//s3.amazonaws.com/appforest_uf/f1677044912975x530876297774038900/Logo_new_final_white_373x127.png,0,www.bsetec.com,,,"{'lat': 9.9163303, 'lng': 78.09720229999999, 'address': 'Parvathi Plaza, 70 Feet Rd, S.B.O. Second Colony, S S Colony, Tamil Nadu 625016, India', 'components': {'city': 'S S Colony', 'state': 'Tamil Nadu', 'street': '70 Feet Road', 'country': 'India', 'premise': 'Parvathi Plaza', 'zip code': '625016', 'state code': 'TN', 'country code': 'IN'}}",1348695171700984260__LOOKUP__1677042264939x186373398133794050,,custom.perk_program_parent,2740700689,1677049076565,1677049076611,1677049087292x194709543575093250,
Kernal,//s3.amazonaws.com/appforest_uf/f1677103679290x353678105147081640/Kernal%20Logo.png,0,https://kern.al/,,,"{'lat': 49.2877594, 'lng': -123.1182715, 'address': '1055 W Hastings St, Vancouver, BC V6E 2E9, Canada', 'components': {'city': 'Vancouver', 'state': 'British Columbia', 'county': 'Metro Vancouver', 'street': 'West Hastings Street', 'country': 'Canada', 'zip code': 'V6E 2E9', 'state code': 'BC', 'country code': 'CA', 'neighborhood': 'Central Vancouver', 'street number': '1055'}}",1348695171700984260__LOOKUP__1677102053294x748003115855192300,,custom.perk_program_parent,2742190533,1677103858507,1677103858556,1677103857343x180018407585087500,
Partnership Program,//s3.amazonaws.com/appforest_uf/f1677136080389x350792979268231800/eSrot%20Lab%20Logo.PNG,0,www.esrotlab.com,,,"{'lat': 54.5836651, 'lng': -5.9116741, 'address': 'Ravenhill Rd, Belfast, UK', 'components': {'city': 'Belfast', 'state': 'Northern Ireland', 'county': 'Belfast', 'street': 'Ravenhill Road', 'country': 'United Kingdom', 'state code': 'Northern Ireland', 'country code': 'GB'}}",1348695171700984260__LOOKUP__1677135109937x829112119818325800,,custom.perk_program_parent,2742754841,1677136288167,1677136288214,1677136286420x782659891563069400,
mbajgood learn,//s3.amazonaws.com/appforest_uf/f1677158473696x167233035752133000/120728146_111031007436956_2718136817631258322_n.jpg,0,aruka,,,"{'lat': 49.4648434, 'lng': 105.9745919, 'address': 'Darkhan, Mongolia', 'components': {'city': 'Darkhan', 'state': 'Darkhan-Uul', 'county': 'Darkhan', 'country': 'Mongolia', 'state code': 'Darkhan-Uul', 'country code': 'MN'}}",1348695171700984260__LOOKUP__1677155430099x509211434533556800,,custom.perk_program_parent,2743303283,1677158557248,1677158557292,1677158650776x999416233973252100,
mbajgood learn,//s3.amazonaws.com/appforest_uf/f1677158473696x167233035752133000/120728146_111031007436956_2718136817631258322_n.jpg,0,aruka,,,"{'lat': 49.4648434, 'lng': 105.9745919, 'address': 'Darkhan, Mongolia', 'components': {'city': 'Darkhan', 'state': 'Darkhan-Uul', 'county': 'Darkhan', 'country': 'Mongolia', 'state code': 'Darkhan-Uul', 'country code': 'MN'}}",1348695171700984260__LOOKUP__1677155430099x509211434533556800,,custom.perk_program_parent,2743303616,1677158567156,1677158567205,1677158661560x717264638058692600,
No-code Summer Camp,//s3.amazonaws.com/appforest_uf/f1677162536189x668821968502468600/MCCLogo.png,0,https://workforceforward.com/,,,"{'lat': 43.1606551, 'lng': -77.6189314, 'address': '321 State St, Rochester, NY 14608, USA', 'components': {'city': 'Rochester', 'state': 'New York', 'county': 'Monroe County', 'street': 'State Street', 'country': 'United States', 'zip code': '14608', 'state code': 'NY', 'country code': 'US', 'neighborhood': 'Brown Square', 'street number': '321'}}",1348695171700984260__LOOKUP__1677162109414x495081474257672560,,custom.perk_program_parent,2743435226,1677162541427,1677162541476,1677162541453x653793863810416600,
Tealorca,//s3.amazonaws.com/appforest_uf/f1677230586109x145191503995911740/tealorca-logo-low-res.png,0,http://tealorca.com/,,,"{'lat': 11.6601772, 'lng': 78.18989169999999, 'address': '608, TVK Rd, Ammapet, Salem, Tamil Nadu 636003, India', 'components': {'city': 'Salem', 'state': 'Tamil Nadu', 'street': 'TVK Road', 'country': 'India', 'zip code': '636003', 'state code': 'TN', 'country code': 'IN', 'street number': '608'}}",1348695171700984260__LOOKUP__1677052039097x844911962921044200,,custom.perk_program_parent,2745237044,1677230613076,1677230613122,1677230611438x802384051033604100,
Business ,//s3.amazonaws.com/appforest_uf/f1677285494227x541906666782900400/1677267384087.jpg,0,https://www.facebook.com/Md.manjusarker.bd?mibextid=ZbWKwL,,,"{'lat': 24.6072161, 'lng': 90.0288144, 'address': 'Madhupur Upazila, Bangladesh', 'components': {'state': 'Dhaka Division', 'county': 'Tangail District', 'country': 'Bangladesh', 'state code': 'Dhaka Division', 'country code': 'BD'}}",1348695171700984260__LOOKUP__1677284981926x299137734112505860,,custom.perk_program_parent,2746714475,1677285534342,1677285534388,1677285533593x246029425264558100,
Purple,//s3.amazonaws.com/appforest_uf/f1677497559479x250873576977592930/%D7%9C%D7%95%D7%92%D7%95%20%D7%A4%D7%A8%D7%A4%D7%9C%20%D7%A1%D7%92%D7%95%D7%9C%20%281%29.png,0,prpl.io,,,"{'lat': 32.0969135, 'lng': 34.8496333, 'address': 'Amal St 58, Petah Tikva, Israel', 'components': {'city': 'Petah Tikva', 'state': 'Center District', 'county': 'Petach Tikva', 'street': 'Amal Street', 'country': 'Israel', 'state code': 'Center District', 'country code': 'IL', 'street number': '58'}}",1348695171700984260__LOOKUP__1677428167581x184204756583773220,,custom.perk_program_parent,2750670116,1677502540980,1677502541031,1677502539671x791482610745081900,
Purple,//s3.amazonaws.com/appforest_uf/f1677497559479x250873576977592930/%D7%9C%D7%95%D7%92%D7%95%20%D7%A4%D7%A8%D7%A4%D7%9C%20%D7%A1%D7%92%D7%95%D7%9C%20%281%29.png,0,prpl.io,,,"{'lat': 32.0969135, 'lng': 34.8496333, 'address': 'Amal St 58, Petah Tikva, Israel', 'components': {'city': 'Petah Tikva', 'state': 'Center District', 'county': 'Petach Tikva', 'street': 'Amal Street', 'country': 'Israel', 'state code': 'Center District', 'country code': 'IL', 'street number': '58'}}",1348695171700984260__LOOKUP__1677428167581x184204756583773220,,custom.perk_program_parent,2750671217,1677502564486,1677502564530,1677502563553x980597325671170000,
AppSolution,//s3.amazonaws.com/appforest_uf/f1677513839210x712253255168444400/Immagine.jpg,0,www.appsolution-agency.com,,,"{'lat': 43.0727916, 'lng': 12.5374118, 'address': 'Via Lago di Como, 5, 06083 Bastia Umbra PG, Italy', 'components': {'city': 'Bastia Umbra', 'state': 'Umbria', 'county': 'Provincia di Perugia', 'street': 'Via Lago di Como', 'country': 'Italy', 'zip code': '06083', 'state code': 'Umbria', 'country code': 'IT', 'street number': '5'}}",1348695171700984260__LOOKUP__1677513452844x540557829584664450,,custom.perk_program_parent,2751047241,1677513893078,1677513893125,1677513890529x726608631039000600,
Code For All // Academia de Codigo,//s3.amazonaws.com/appforest_uf/f1677669334229x441181782806699970/AC_logo_horizontal_black_background.png,0,academiadecodigo.org,,,"{'lat': 41.178435, 'lng': -8.5868887, 'address': 'R. Dr. Eduardo Santos Silva, 4200 Porto, Portugal', 'components': {'city': 'Porto', 'state': 'Porto', 'street': 'Rua Doutor Eduardo Santos Silva', 'country': 'Portugal', 'zip code': '4200', 'state code': 'Porto', 'country code': 'PT'}}",1348695171700984260__LOOKUP__1677665138388x674136035558815200,,custom.perk_program_parent,2755423674,1677669424526,1677669424569,1677669422857x443956122216824800,
CulTtech Accelerator,//s3.amazonaws.com/appforest_uf/f1677759994250x301348694163467970/CT_Logo_black%20%281%29.png,1,https://culttechaccelerator.org/,,,"{'lat': 48.2081743, 'lng': 16.3738189, 'address': 'Vienna, Austria', 'components': {'city': 'Vienna', 'state': 'Vienna', 'county': 'Vienna', 'country': 'Austria', 'state code': 'Vienna', 'country code': 'AT'}}",1348695171700984260__LOOKUP__1677759002376x557372409848244000,,custom.perk_program_parent,4744164643,1677760050253,1741779963497,1677760048889x332994970656440300,
Christ our King Mission Sierra Leone ,//s3.amazonaws.com/appforest_uf/f1677786700039x250376328361987740/logo2_23_204410.png,0,www.christourkingmission.org,,,"{'lat': 8.6448125, 'lng': -10.9693968, 'address': 'Koidu, Sierra Leone', 'components': {'city': 'Koidu', 'state': 'Eastern Province', 'county': 'Kono', 'country': 'Sierra Leone', 'state code': 'Eastern Province', 'country code': 'SL'}}",1348695171700984260__LOOKUP__1646834510963x775135856620825500,,custom.perk_program_parent,2758640822,1677786888607,1677786888651,1677786885395x805236413128507400,
Artboard Studio,//s3.amazonaws.com/appforest_uf/f1677849352920x746283209616339500/amblem%20copy.png,0,https://artboard.studio/,,,"{'lat': 43.653226, 'lng': -79.3831843, 'address': 'Toronto, ON, Canada', 'components': {'city': 'Toronto', 'state': 'Ontario', 'county': 'Toronto', 'country': 'Canada', 'state code': 'ON', 'country code': 'CA'}}",1348695171700984260__LOOKUP__1677847008978x826733750549950600,,custom.perk_program_parent,2760043754,1677849357416,1677849357461,1677849356437x906349942598533100,
Artboard Studio,//s3.amazonaws.com/appforest_uf/f1677849629480x687604695640947600/amblem%20copy.png,0,https://artboard.studio/,,,"{'lat': 43.653226, 'lng': -79.3831843, 'address': 'Toronto, ON, Canada', 'components': {'city': 'Toronto', 'state': 'Ontario', 'county': 'Toronto', 'country': 'Canada', 'state code': 'ON', 'country code': 'CA'}}",1348695171700984260__LOOKUP__1677847008978x826733750549950600,,custom.perk_program_parent,2760051061,1677849631263,1677849631307,1677849631021x874535891069829100,
İstinye Garage Incubatıon Hub,//s3.amazonaws.com/appforest_uf/f1677998658434x182294135364590140/is%C3%BC-garage--removebg-preview.png,0,https://istinyegarage.com/,,,"{'lat': 41.1125578, 'lng': 28.9843121, 'address': 'Ayazağa, Kemerburgaz Cd. No:7/o, 34396 Sarıyer/İstanbul, Türkiye', 'components': {'state': 'İstanbul', 'county': 'Sarıyer', 'street': 'Kemerburgaz Caddesi', 'country': 'Türkiye', 'zip code': '34396', 'state code': 'İstanbul', 'country code': 'TR', 'street number': 'No:7/o'}}",1348695171700984260__LOOKUP__1677963707371x216068471209652770,,custom.perk_program_parent,2762725638,1677999421003,1677999421051,1677999420947x703370839933583400,
partnership program,//s3.amazonaws.com/appforest_uf/f1678109345268x360019028703826050/224%20by%20164%20pix%20Logo.png,0,www.athinfosys.com,,,"{'lat': 40.93069, 'lng': -81.4071129, 'address': '3435 Sandgate St NW, North Canton, OH 44720, USA', 'components': {'city': 'North Canton', 'state': 'Ohio', 'county': 'Stark County', 'street': 'Sandgate Street Northwest', 'country': 'United States', 'zip code': '44720', 'state code': 'OH', 'country code': 'US', 'street number': '3435'}}",1348695171700984260__LOOKUP__1678108495102x313584888073778200,,custom.perk_program_parent,2764774480,1678109707488,1678109707533,1678109706184x456103519895945200,
GitHub for Startups,//s3.amazonaws.com/appforest_uf/f1678134277873x529949459351934100/GitHub_Logo.png,0,https://github.com/enterprise/startups#join-partners,,,"{'lat': 37.09024, 'lng': -95.712891, 'address': 'United States', 'components': {'country': 'United States', 'country code': 'US'}}",1348695171700984260__LOOKUP__1678133155178x221230111674444160,,custom.perk_program_parent,2765566884,1678134286685,1678134286730,1678134285790x426912790181838850,
Ekrypted or name can be adjusted,//s3.amazonaws.com/appforest_uf/f1678140779080x539688110753642000/Free50000coinsLogo.png,0,https://got2thizone.company.site/,,,"{'lat': 48.6574463, 'lng': 17.8433574, 'address': 'Obora 115, 916 24 Horná Streda, Slovakia', 'components': {'city': 'Horná Streda', 'state': 'Trenčiansky kraj', 'county': 'Nové Mesto nad Váhom', 'street': 'Obora', 'country': 'Slovakia', 'premise': '115', 'zip code': '916 24', 'state code': 'Trenčiansky kraj', 'country code': 'SK'}}",1348695171700984260__LOOKUP__1678139264880x919322691263916300,,custom.perk_program_parent,2765746751,1678141493697,1678141493742,1678141492317x282506416593043460,
German Accelerator/ German Entrepreneurship,//s3.amazonaws.com/appforest_uf/f1678365487805x682641542408415400/GE_Logo_color_cmyk.png,0,https://www.germanaccelerator.com/,,,"{'lat': 48.1174978, 'lng': 11.6019315, 'address': 'Balanstraße 73/Haus 19A, 81541 München, Germany', 'components': {'city': 'München', 'state': 'Bayern', 'county': 'Oberbayern', 'street': 'Balanstraße', 'country': 'Germany', 'zip code': '81541', 'state code': 'BY', 'subpremise': 'Haus 19A', 'country code': 'DE', 'street number': '73'}}",1348695171700984260__LOOKUP__1678364918495x852984482504752100,,custom.perk_program_parent,2770925805,1678365591688,1678365591739,1678365592057x657465546411606000,
Affiliate Program,//s3.amazonaws.com/appforest_uf/f1678367263283x416812935477591360/WhatsApp%20Image%202023-03-09%20at%203.07.20%20PM.jpeg,0,http://smetools.io/,,,"{'lat': 38.7070258, 'lng': -121.1937268, 'address': '101 Dowd Ct, Folsom, CA 95630, USA', 'components': {'city': 'Folsom', 'state': 'California', 'county': 'Sacramento County', 'street': 'Dowd Court', 'country': 'United States', 'zip code': '95630', 'state code': 'CA', 'country code': 'US', 'street number': '101'}}",1348695171700984260__LOOKUP__1678358362684x428975362061360300,,custom.perk_program_parent,2770973885,1678367266242,1678367266287,1678367266464x884798276216029200,
Svix,//s3.amazonaws.com/appforest_uf/f1678379887686x147202336133753340/SvixLogo.png,0,svix.com,,,"{'lat': 40.7471509, 'lng': -73.98304379999999, 'address': '169 Madison Ave #2278, New York, NY 10016, USA', 'components': {'city': 'New York', 'state': 'New York', 'county': 'New York County', 'street': 'Madison Avenue', 'country': 'United States', 'zip code': '10016', 'state code': 'NY', 'subpremise': '2278', 'country code': 'US', 'street number': '169'}}",1348695171700984260__LOOKUP__1678378319559x156505055281912060,,custom.perk_program_parent,2771371534,1678379890618,1678379890662,1678379889753x211112797329424400,
Syncari ISV Partnerships,//s3.amazonaws.com/appforest_uf/f1678396830978x109472532761712750/syncari-logo-1.png,0,https://syncari.com/partners/,,,"{'lat': 37.5178036, 'lng': -122.0447774, 'address': '8407 Central Ave #2021, Newark, CA 94560, USA', 'components': {'city': 'Newark', 'state': 'California', 'county': 'Alameda County', 'street': 'Central Avenue', 'country': 'United States', 'zip code': '94560', 'state code': 'CA', 'subpremise': '2021', 'country code': 'US', 'street number': '8407'}}",1348695171700984260__LOOKUP__1678293500569x534075820204900100,,custom.perk_program_parent,2771847022,1678396836259,1678396836304,1678396835471x375025473805615100,
All program,//s3.amazonaws.com/appforest_uf/f1678408642738x504870070380567740/Screenshot_20230308-212508.png,0,Program for Pakistan,,,"{'lat': 31.1504688, 'lng': 72.6811507, 'address': 'Gojra, Toba Tek Singh District, Punjab, Pakistan', 'components': {'city': 'Gojra', 'state': 'Punjab', 'county': 'Toba Tek Singh District', 'country': 'Pakistan', 'state code': 'Punjab', 'country code': 'PK'}}",1348695171700984260__LOOKUP__1678381116738x494354423962973100,,custom.perk_program_parent,2772107487,1678408661184,1678408661227,1678408519667x394735774355161100,
https://bubble.io/partner-application,//s3.amazonaws.com/appforest_uf/f1678451082668x722471738833896600/BgzYhZaoBuNXqTVhd2pjK-1200-80.jpg.webp,0,https://ttg1blogspot65.blogspot.com/,,,"{'lat': 12.951611, 'lng': 80.14616629999999, 'address': 'Chromepet, Chennai, Tamil Nadu, India', 'components': {'city': 'Chennai', 'state': 'Tamil Nadu', 'country': 'India', 'state code': 'TN', 'country code': 'IN'}}",1348695171700984260__LOOKUP__1678450636372x307174644291144700,,custom.perk_program_parent,2772947010,1678451087843,1678451087889,1678451085626x267674654230446100,
inntuitivo and Skadi Venture Labs,//s3.amazonaws.com/appforest_uf/f1678469234106x697398087179226000/logo_intuituivo-09.png,0,https://inntuitivo.com/,,,"{'lat': 9.9280694, 'lng': -84.0907246, 'address': 'San José Province, San José, Costa Rica', 'components': {'city': 'San José', 'state': 'San José Province', 'country': 'Costa Rica', 'state code': 'San José Province', 'country code': 'CR'}}",1348695171700984260__LOOKUP__1678468905566x818058138389201400,,custom.perk_program_parent,2773473133,1678469240524,1678469240579,1678469239087x351088235841585150,
Mereo ,//s3.amazonaws.com/appforest_uf/f1678722848918x255931015912754600/mereonewlogo.png,0,mereo.io,,,"{'lat': 51.5072178, 'lng': -0.1275862, 'address': 'London, UK', 'components': {'city': 'London', 'state': 'England', 'county': 'Greater London', 'country': 'United Kingdom', 'state code': 'England', 'country code': 'GB'}}",1348695171700984260__LOOKUP__1678722638935x813633807290354200,,custom.perk_program_parent,2778250523,1678723403478,1678723403529,1678723402357x403040766849974300,
Sophie Thomas,//s3.amazonaws.com/appforest_uf/f1678760704152x579279502138502400/D6255C11-AA56-4825-9903-F2B13292BB33.jpeg,0,No website,,,"{'lat': 46.4394614, 'lng': -80.988474, 'address': 'Mist Hollow Dr, Greater Sudbury, ON P3G, Canada', 'components': {'city': 'Greater Sudbury', 'state': 'Ontario', 'county': 'Greater Sudbury', 'street': 'Mist Hollow Drive', 'country': 'Canada', 'zip code': 'P3G', 'state code': 'ON', 'country code': 'CA'}}",1348695171700984260__LOOKUP__1678760504760x692817425242041300,,custom.perk_program_parent,2779468556,1678760735594,1678760735636,1678760734787x920515501983793200,
Brett Malinowski - YouTube ,//s3.amazonaws.com/appforest_uf/f1678930567120x371536309942061000/blue-transparent.png,0,https://www.youtube.com/channel/UCsg20ERGZt9eHVZRXROJSqg,,,"{'lat': 33.6298131, 'lng': -111.9111681, 'address': '15855 N Greenway Hayden Loop, Scottsdale, AZ 85260, USA', 'components': {'city': 'Scottsdale', 'state': 'Arizona', 'county': 'Maricopa County', 'street': 'North Greenway Hayden Loop', 'country': 'United States', 'zip code': '85260', 'state code': 'AZ', 'country code': 'US', 'neighborhood': 'North Scottsdale Airpark', 'street number': '15855'}}",1348695171700984260__LOOKUP__1678930325711x210378695643699700,,custom.perk_program_parent,2783712305,1678930570357,1678930570408,1678930569958x265634764856492030,
NoCode Propulsion,//s3.amazonaws.com/appforest_uf/f1678976835502x535182396297360100/NoCode%20Propulsion%20Logo%20Cropped.jpg,1,https://nocodepropulsion.com,,,"{'lat': 25.7633517, 'lng': -80.1904606, 'address': '1100 Brickell Bay Dr, Miami, FL 33131, USA', 'components': {'city': 'Miami', 'state': 'Florida', 'county': 'Miami-Dade County', 'street': 'Brickell Bay Drive', 'country': 'United States', 'zip code': '33131', 'state code': 'FL', 'country code': 'US', 'neighborhood': 'Brickell', 'street number': '1100'}}",1348695171700984260__LOOKUP__1453603068183x514216608600690940,,custom.perk_program_parent,2877001899,1678976848136,1683148331912,1678976847386x975172036268392400,
HackHustle,//s3.amazonaws.com/appforest_uf/f1678988763977x757477171374240100/ieeesb_logo.jpg,0,https://edu.ieee.org/in-nitdgp/,,,"{'lat': 23.5476717, 'lng': 87.2931383, 'address': 'Mahatma Gandhi Rd, A-Zone, Durgapur, West Bengal 713209, India', 'components': {'city': 'Durgapur', 'state': 'West Bengal', 'county': 'Burdwan Division', 'street': 'Mahatma Gandhi Road', 'country': 'India', 'zip code': '713209', 'state code': 'WB', 'country code': 'IN'}}",1348695171700984260__LOOKUP__1678988476612x784223053296964500,,custom.perk_program_parent,2785219971,1678988780023,1678988780072,1678988777704x375329768107671550,
Aria's partner program,//s3.amazonaws.com/appforest_uf/f1678990368062x238434749962805000/Logo%20Aria.jpg,0,helloaria.eu,,,"{'lat': 48.83608359999999, 'lng': 2.3718894, 'address': '198 Av. de France, 75013 Paris, France', 'components': {'city': 'Paris', 'state': 'Île-de-France', 'county': 'Département de Paris', 'street': 'Avenue de France', 'country': 'France', 'zip code': '75013', 'state code': 'IDF', 'country code': 'FR', 'street number': '198'}}",1348695171700984260__LOOKUP__1678989805323x131259454455592510,,custom.perk_program_parent,2785276182,1678990381205,1678990381260,1678990380978x805365170868846600,
UCL Entrepreneurship,//s3.amazonaws.com/appforest_uf/f1679005541042x291306888996022400/university-college-london-england.jpg,50,https://www.ucl.ac.uk/module-catalogue/modules/product-development-and-prototyping-MSIN0087,,,"{'lat': 51.5049489, 'lng': -0.0195006, 'address': 'London E14 5AB, UK', 'components': {'city': 'London', 'state': 'England', 'county': 'Greater London', 'country': 'United Kingdom', 'zip code': 'E14 5AB', 'state code': 'England', 'country code': 'GB'}}",1348695171700984260__LOOKUP__1679005239882x484855453789801800,,custom.perk_program_parent,4204646867,1679005545631,1722509606265,1679005544480x570026890940907500,
hatchhiker,//s3.amazonaws.com/appforest_uf/f1679019213249x417806891151457600/hatchhiker%20logo_bk.png,0,hatchhiker.com,,,"{'lat': 37.5172363, 'lng': 127.0473248, 'address': 'Gangnam-gu, Seoul, South Korea', 'components': {'city': 'Gangnam-gu', 'state': 'Seoul', 'country': 'South Korea', 'state code': 'Seoul', 'country code': 'KR'}}",1348695171700984260__LOOKUP__1639034041278x244646001299058780,,custom.perk_program_parent,2786096501,1679019805151,1679019805208,1679019804171x309013535369723900,
"Institute of Technology, AI, and Society (ITAS)",//s3.amazonaws.com/appforest_uf/f1679169918499x753315365236573200/image001.png,2,naz.edu,,,"{'lat': 43.15657789999999, 'lng': -77.6088465, 'address': 'Rochester, NY, USA', 'components': {'city': 'Rochester', 'state': 'New York', 'county': 'Monroe County', 'country': 'United States', 'state code': 'NY', 'country code': 'US'}}",1348695171700984260__LOOKUP__1679169594904x278291825265695600,,custom.perk_program_parent,3267740676,1679169921976,1693624525216,1679169921098x949417227770134500,
AI WEB TOOLS LLC,//s3.amazonaws.com/appforest_uf/f1679270917066x621514039241733400/IMG_1203.jpg,0,www.AI-WebTools.com,,,"{'lat': 41.2899792, 'lng': -72.7970847, 'address': '211 E Main St, Branford, CT 06405, USA', 'components': {'city': 'Branford', 'state': 'Connecticut', 'county': 'New Haven County', 'street': 'East Main Street', 'country': 'United States', 'zip code': '06405', 'state code': 'CT', 'country code': 'US', 'neighborhood': 'Branford Center', 'street number': '211'}}",1348695171700984260__LOOKUP__1678247625698x452239437420874500,,custom.perk_program_parent,2791247224,1679270921565,1679270921612,1679270920706x256233975600644100,
Services ,//s3.amazonaws.com/appforest_uf/f1679290572712x675276309889357400/ARS%20LOGO.png,0,https://arsassociate.com/,,,"{'lat': 7.000399600000001, 'lng': 79.9484689, 'address': 'no 151 1, 2 Kandy Rd, Kadawatha 11850, Sri Lanka', 'components': {'city': 'Kadawatha', 'state': 'Western Province', 'county': 'Gampaha', 'street': 'Kandy Road', 'country': 'Sri Lanka', 'zip code': '11850', 'state code': 'WP', 'subpremise': 'no 151 1', 'country code': 'LK', 'street number': '2'}}",1348695171700984260__LOOKUP__1679288819050x389993200598960830,,custom.perk_program_parent,2791596375,1679290727984,1679290728032,1679290726433x693336524874580000,
PR and marketing,//s3.amazonaws.com/appforest_uf/f1679311533907x962848604609982500/logo.png,0,Lej.me,,,"{'lat': 53.9006011, 'lng': 27.558972, 'address': 'Minsk, Belarus', 'components': {'city': 'Minsk', 'state': 'Minsk Region', 'county': 'Minsk Region', 'country': 'Belarus', 'state code': 'Minsk Region', 'country code': 'BY'}}",1348695171700984260__LOOKUP__1679310371456x700323599247052500,,custom.perk_program_parent,2792050677,1679311539258,1679311539272,1679311535464x427552415537168400,
Codeless Competence Group,//s3.amazonaws.com/appforest_uf/f1679332442677x203580937955415870/logo-white.png,0,www.innocito.com,,,"{'lat': 32.8604896, 'lng': -96.93484959999999, 'address': '511 E John W Carpenter Fwy suite 435, Irving, TX 75062, USA', 'components': {'city': 'Irving', 'state': 'Texas', 'county': 'Dallas County', 'street': 'East John W Carpenter Freeway', 'country': 'United States', 'zip code': '75062', 'state code': 'TX', 'subpremise': 'suite 435', 'country code': 'US', 'neighborhood': 'Las Colinas', 'street number': '511'}}",1348695171700984260__LOOKUP__1679257100819x730454848637667000,,custom.perk_program_parent,2792831338,1679332466758,1679332466806,1679332465670x431630904366202900,
Seedcamp,//s3.amazonaws.com/appforest_uf/f1679412544234x763201146147505300/Seedcamp%20-%20Large%20-%201.jpg,0,seedcamp.com,,,"{'lat': 51.5072178, 'lng': -0.1275862, 'address': 'London, UK', 'components': {'city': 'London', 'state': 'England', 'county': 'Greater London', 'country': 'United Kingdom', 'state code': 'England', 'country code': 'GB'}}",1348695171700984260__LOOKUP__1679412442811x103919208532414100,,custom.perk_program_parent,2795308090,1679412546504,1679412546556,1679412545580x315559215086436350,
Education,//s3.amazonaws.com/appforest_uf/f1679422453105x334635421132334600/LogoFabLab.png,0,www.fablab-champagnole.com,,,"{'lat': 46.7468088, 'lng': 5.9101423, 'address': ""2 Rue de l'Égalité, 39300 Champagnole, France"", 'components': {'city': 'Champagnole', 'state': 'Bourgogne-Franche-Comté', 'county': 'Jura', 'street': ""Rue de l'Égalité"", 'country': 'France', 'zip code': '39300', 'state code': 'Bourgogne-Franche-Comté', 'country code': 'FR', 'street number': '2'}}",1348695171700984260__LOOKUP__1676888807721x218536343212503800,,custom.perk_program_parent,2795632205,1679422460601,1679422460647,1679422460431x509886232352522240,
PantherHack,//s3.amazonaws.com/appforest_uf/f1679426809721x130665387016684060/PantherHack.png,0,pantherhack.tech,,,"{'lat': 40.3850244, 'lng': -74.58033329999999, 'address': '11 Courtside Ln, Princeton, NJ 08540, USA', 'components': {'city': 'Princeton', 'state': 'New Jersey', 'county': 'Middlesex County', 'street': 'Courtside Lane', 'country': 'United States', 'zip code': '08540', 'state code': 'NJ', 'country code': 'US', 'neighborhood': 'Heathcote', 'street number': '11'}}",1348695171700984260__LOOKUP__1679281213204x180887521943284380,,custom.perk_program_parent,2795771871,1679426876346,1679426876394,1679426876022x177317531452702720,
DX Reskilling Support Service,//s3.amazonaws.com/appforest_uf/f1679464026692x777907124735838000/%E3%83%AD%E3%82%B4%E3%80%80%E5%9B%9B%E8%A7%92.png,0,https://www.kg-net.co.jp/,,,"{'lat': 34.6331273, 'lng': 133.8853596, 'address': 'Japan, 〒700-0952 Okayama, Kita Ward, Hirata, １７０−１０８ ＫＧ情報', 'components': {'city': 'Okayama', 'state': 'Okayama', 'country': 'Japan', 'premise': 'ＫＧ情報', 'zip code': '700-0952', 'state code': 'Okayama', 'country code': 'JP'}}",1348695171700984260__LOOKUP__1624347449700x703335550567745900,,custom.perk_program_parent,2796578831,1679464033998,1679464034044,1679464032267x333479376001957900,
Taro ,//s3.amazonaws.com/appforest_uf/f1679562307310x472026253042724400/1%20TARO%20favicon.png,23,https://www.jointaro.com/,,,"{'lat': 37.5214555, 'lng': -122.2918159, 'address': '1700 Valley View Ave, Belmont, CA 94002, USA', 'components': {'city': 'Belmont', 'state': 'California', 'county': 'San Mateo County', 'street': 'Valley View Avenue', 'country': 'United States', 'zip code': '94002', 'state code': 'CA', 'country code': 'US', 'street number': '1700'}}",1348695171700984260__LOOKUP__1679561957495x470690695642215230,,custom.perk_program_parent,3507182165,1679562586692,1700079066338,1679562585822x218094377605267460,
Vestd Launch,//s3.amazonaws.com/appforest_uf/f1679580082069x991182566841975200/vestd%20logo%20signature.jpg,0,https://www.vestd.com/launch,,,"{'lat': 51.41890129999999, 'lng': -0.1981667, 'address': '405, Highland House, 165 The Broadway, London SW19 1NE, UK', 'components': {'city': 'London', 'state': 'England', 'county': 'Greater London', 'street': 'The Broadway', 'country': 'United Kingdom', 'premise': 'Highland House', 'zip code': 'SW19 1NE', 'state code': 'England', 'subpremise': '405', 'country code': 'GB', 'street number': '165'}}",1348695171700984260__LOOKUP__1679503191014x519931397245884350,,custom.perk_program_parent,2799369336,1679580091425,1679580091481,1679580089620x356755652493443100,
Fuel Ventures portfolio companies,//s3.amazonaws.com/appforest_uf/f1679647387066x648246308363802800/Fuel%20Ventures%20Logo%20-%20High%20Res.png,0,https://fuel.ventures/,,,"{'lat': 51.515121, 'lng': -0.0889401, 'address': ""1 King's Arms Yard, London EC2R 7AF, UK"", 'components': {'city': 'London', 'state': 'England', 'county': 'Greater London', 'street': ""King's Arms Yard"", 'country': 'United Kingdom', 'zip code': 'EC2R 7AF', 'state code': 'England', 'country code': 'GB', 'street number': '1'}}",1348695171700984260__LOOKUP__1679565658530x359149677644290200,,custom.perk_program_parent,2801052175,1679647402572,1679647402619,1679647401380x451981231062515700,
Startup Garage,//s3.amazonaws.com/appforest_uf/f1679656303073x655058919496625000/startupgarage-logo.png,3,https://nas.io/startup,,,"{'lat': 25.2048493, 'lng': 55.2707828, 'address': 'Dubai - United Arab Emirates', 'components': {'city': 'Dubai', 'state': 'Dubai', 'country': 'United Arab Emirates', 'state code': 'Dubai', 'country code': 'AE'}}",1348695171700984260__LOOKUP__1620128389218x284523115608664060,,custom.perk_program_parent,3363744788,1679656309575,1696619737144,1679656310915x243527877812289540,
MXNA Records,//s3.amazonaws.com/appforest_uf/f1679835862630x825189253825451900/MXNA%20BLACK%20GOOD%20LOGO.png,0,Mxnabeats.com,,,"{'lat': 43.2983133, 'lng': -70.9494091, 'address': '63 Whitehall Rd, Rochester, NH 03867, USA', 'components': {'city': 'Rochester', 'state': 'New Hampshire', 'county': 'Strafford County', 'street': 'Whitehall Road', 'country': 'United States', 'zip code': '03867', 'state code': 'NH', 'country code': 'US', 'street number': '63'}}",1348695171700984260__LOOKUP__1679832822724x899171527505978600,,custom.perk_program_parent,2804536738,1679836680565,1679836680613,1679836679720x231516356725440500,
Idea Accelerator,//s3.amazonaws.com/appforest_uf/f1679950223470x952798303230347100/B%2BB%20Logo_Horizontal%20%E2%80%94%20Dark%20Teal.png,3,https://www.buildersandbackers.com/,,,"{'lat': 38.8878582, 'lng': -77.2527734, 'address': '106 Yeonas Dr SW, Vienna, VA 22180, USA', 'components': {'city': 'Vienna', 'state': 'Virginia', 'county': 'Fairfax County', 'street': 'Yeonas Drive Southwest', 'country': 'United States', 'zip code': '22180', 'state code': 'VA', 'country code': 'US', 'street number': '106'}}",1348695171700984260__LOOKUP__1679949860270x545003310656033500,,custom.perk_program_parent,3722707465,1679950595049,1707256296620,1679950593980x920102150656753700,
CodeNet,//s3.amazonaws.com/appforest_uf/f1680030284180x164654847330778940/logo.png,0,codenet.training,,,"{'lat': 45.613048, 'lng': 8.8681127, 'address': 'Via Andrea Costa, 1, 21052 Busto Arsizio VA, Italy', 'components': {'city': 'Busto Arsizio', 'state': 'Lombardia', 'county': 'Provincia di Varese', 'street': 'Via Andrea Costa', 'country': 'Italy', 'zip code': '21052', 'state code': 'Lombardia', 'country code': 'IT', 'street number': '1'}}",1348695171700984260__LOOKUP__1680030112236x167273746494974050,,custom.perk_program_parent,2809694755,1680030602198,1680030602245,1680030600651x556228941009125400,
EcomMeta,//s3.amazonaws.com/appforest_uf/f1680075261271x251046892790835800/Logo.png,0,ecommeta.co,,,"{'lat': 51.5149056, 'lng': -0.1235464, 'address': '71-75 Shelton St, London WC2H 9JQ, UK', 'components': {'city': 'London', 'state': 'England', 'county': 'Greater London', 'street': 'Shelton Street', 'country': 'United Kingdom', 'zip code': 'WC2H 9JQ', 'state code': 'England', 'country code': 'GB', 'street number': '71-75'}}",1348695171700984260__LOOKUP__1680074973305x359564627507005250,,custom.perk_program_parent,2810719808,1680075335750,1680075335801,1680075336165x672776393036136400,
Rioclicks,//s3.amazonaws.com/appforest_uf/f1680085093671x805887544394312000/Logo_Rioclicks.png,0,www.rioclicks.org,,,"{'lat': 14.726458, 'lng': -17.2591694, 'address': 'Senegal', 'components': {'state': 'Dakar Region', 'county': 'Rufisque', 'country': 'Senegal', 'state code': 'Dakar Region', 'country code': 'SN'}}",1348695171700984260__LOOKUP__1680084126622x981502163110863400,,custom.perk_program_parent,2810966011,1680085188895,1680085188940,1680085189837x951272609134149600,
Liveblocks x Bubble integration,//s3.amazonaws.com/appforest_uf/f1680134390514x219335972082195230/liveblocks-logo-black.png,0,www.liveblocks.io,,,"{'lat': 48.856614, 'lng': 2.3522219, 'address': 'Paris, France', 'components': {'city': 'Paris', 'state': 'Île-de-France', 'county': 'Paris', 'country': 'France', 'state code': 'IDF', 'country code': 'FR'}}",1348695171700984260__LOOKUP__1680133590433x622204504502222800,,custom.perk_program_parent,2812462278,1680134397405,1680134397451,1680134396332x819293312645595100,
The Interns Hub,//s3.amazonaws.com/appforest_uf/f1680181437702x461369099171427650/The%20Interns%20Hub.png,0,https://theinternshub.com,,,"{'lat': 10.3156992, 'lng': 123.8854366, 'address': 'Cebu City, Cebu, Philippines', 'components': {'city': 'Cebu City', 'state': 'Central Visayas', 'county': 'Cebu', 'country': 'Philippines', 'state code': 'Central Visayas', 'country code': 'PH'}}",1348695171700984260__LOOKUP__1680179321716x664653600547500100,,custom.perk_program_parent,2813476687,1680181444500,1680181444545,1680181443237x747848454255411200,
CarolinaCoin,//s3.amazonaws.com/appforest_uf/f1680213512630x507771925957167800/cclogo2%20%281024pxl.png,0,https://www.carolinacoincrypto.com/,,,"{'lat': 34.7551604, 'lng': -79.2302979, 'address': '97 Sanbryer Ln, Maxton, NC 28364, USA', 'components': {'city': 'Maxton', 'state': 'North Carolina', 'county': 'Robeson County', 'street': 'Sanbryer Lane', 'country': 'United States', 'zip code': '28364', 'state code': 'NC', 'country code': 'US', 'street number': '97'}}",1348695171700984260__LOOKUP__1680151272988x841441128272087700,,custom.perk_program_parent,2814496895,1680213517026,1680213517070,1680213515510x579987936371015700,
affiliates program,//s3.amazonaws.com/appforest_uf/f1680249462154x347115018545594900/IMG_4489.JPG,0,https://beatvn.com/,,,"{'lat': 19.9699898, 'lng': 105.6515167, 'address': 'Quán Lào, Yên Định District, Thanh Hoa, Vietnam', 'components': {'city': 'Quán Lào', 'state': 'Thanh Hoa', 'county': 'Yên Định District', 'country': 'Vietnam', 'state code': 'Thanh Hoa', 'country code': 'VN'}}",1348695171700984260__LOOKUP__1680170935489x322513062704935940,,custom.perk_program_parent,2815290351,1680249480536,1680249480580,1680249480301x193343616192610300,
Inqtrix- Low Code Incubator for Dubai and Middle East,//s3.amazonaws.com/appforest_uf/f1680501778213x118363929746127860/Frame%202.png,0,https://www.adventa.com.au/,,,"{'lat': 25.2513145, 'lng': 55.3295568, 'address': 'Port Saeed - Dubai - United Arab Emirates', 'components': {'city': 'Dubai', 'state': 'Dubai', 'country': 'United Arab Emirates', 'state code': 'Dubai', 'country code': 'AE'}}",1348695171700984260__LOOKUP__1551252149518x653688706502510600,,custom.perk_program_parent,2820432961,1680501900173,1680501900222,1680501901014x290734107346862100,
Startup Chile ,//s3.amazonaws.com/appforest_uf/f1680530557733x411081444568764740/logo-sup-by-corfo-blanco-1.png,0,https://startupchile.org/,,,"{'lat': -35.675147, 'lng': -71.542969, 'address': 'Chile', 'components': {'country': 'Chile', 'country code': 'CL'}}",1348695171700984260__LOOKUP__1602000158962x853232875358362900,,custom.perk_program_parent,2821233362,1680530639004,1680530639048,1680530637961x561938351691923460,
Future Makers,//s3.amazonaws.com/appforest_uf/f1680530007991x352703959851716540/Future%20Makers%202023%20Ad_logo%201024x256-1.jpg,0,https://www.future-makers.eu/,,,"{'lat': 44.4377201, 'lng': 26.101835, 'address': 'Str. Batiștei 1-3, București 020931, Romania', 'components': {'city': 'București', 'state': 'București', 'county': 'Municipiul București', 'street': 'Strada Batiștei', 'country': 'Romania', 'zip code': '020931', 'state code': 'București', 'country code': 'RO', 'street number': '1-3'}}",1348695171700984260__LOOKUP__1680529606812x373094990668068300,,custom.perk_program_parent,2821246011,1680530927916,1680530927960,1680530927530x598055387736309800,
Integration Partnership,//s3.amazonaws.com/appforest_uf/f1680705163245x279933014027260450/setmore-logo.svg,0,https://www.setmore.com/,,,"{'lat': 45.515232, 'lng': -122.6783853, 'address': 'Portland, OR, USA', 'components': {'city': 'Portland', 'state': 'Oregon', 'county': 'Multnomah County', 'country': 'United States', 'state code': 'OR', 'country code': 'US'}}",1348695171700984260__LOOKUP__1680613813496x534344307801018600,,custom.perk_program_parent,2825614091,1680705171896,1680705171942,1680705170853x713029893296750600,
Xartup Fellowship Program,//s3.amazonaws.com/appforest_uf/f1680711135323x655205583652501000/Xartup%20transparent.png,0,https://www.xartup.com/fellowship,,,"{'lat': 13.0103761, 'lng': 77.6481944, 'address': 'Banaswadi, Bengaluru, Karnataka, India', 'components': {'city': 'Bengaluru', 'state': 'Karnataka', 'county': 'Bangalore Division', 'country': 'India', 'state code': 'KA', 'country code': 'IN'}}",1348695171700984260__LOOKUP__1680078552346x794975848351156600,,custom.perk_program_parent,2825808460,1680711140215,1680711140261,1680711139339x559324697665208300,
About Testing Partnership,//s3.amazonaws.com/appforest_uf/f1680769374487x351988210442637060/logo.png,0,https://www.sabancidx.com/,,,"{'lat': 41.0082376, 'lng': 28.9783589, 'address': 'İstanbul, Türkiye', 'components': {'city': 'İstanbul', 'state': 'İstanbul', 'country': 'Türkiye', 'state code': 'İstanbul', 'country code': 'TR'}}",1348695171700984260__LOOKUP__1680768497563x276954944802693570,,custom.perk_program_parent,2827031308,1680769381160,1680769381206,1680769377487x987898921088450600,
Nuclei's SaaS Bundles,//s3.amazonaws.com/appforest_uf/f1681109189736x976780257586586200/Nuclei%20Logo.svg,1,https://gonuclei.com/,,,"{'lat': 1.352083, 'lng': 103.819836, 'address': 'Singapore', 'components': {'country': 'Singapore', 'country code': 'SG'}}",1348695171700984260__LOOKUP__1681108846661x124155810516230820,,custom.perk_program_parent,4944680804,1681109261583,1747923320782,1681109260626x610345305233162200,
AI Work Life,//s3.amazonaws.com/appforest_uf/f1681154089421x395797155726230100/AI%20WORK%20LIFE.png,0,aiworklife.com,,,"{'lat': 32.7992843, 'lng': -117.2558884, 'address': '815 Diamond St, San Diego, CA 92109, USA', 'components': {'city': 'San Diego', 'state': 'California', 'county': 'San Diego County', 'street': 'Diamond Street', 'country': 'United States', 'zip code': '92109', 'state code': 'CA', 'country code': 'US', 'neighborhood': 'Pacific Beach', 'street number': '815'}}",1348695171700984260__LOOKUP__1681153917756x555830523545450200,,custom.perk_program_parent,2834219019,1681154094580,1681154094626,1681154093552x828931653912232000,
Builders + Backers Idea Accelerator,//s3.amazonaws.com/appforest_uf/f1681329536347x976116084087221000/B%2BB%20Logo_Horizontal%20%E2%80%94%20Dark%20Teal.png,0,https://www.buildersandbackers.com/,,,"{'lat': 38.8878582, 'lng': -77.2527734, 'address': '106 Yeonas Dr SW, Vienna, VA 22180, USA', 'components': {'city': 'Vienna', 'state': 'Virginia', 'county': 'Fairfax County', 'street': 'Yeonas Drive Southwest', 'country': 'United States', 'zip code': '22180', 'state code': 'VA', 'country code': 'US', 'street number': '106'}}",1348695171700984260__LOOKUP__1681329251006x258976024773502240,,custom.perk_program_parent,2838298168,1681329561962,1681329562013,1681329560881x577365076728873000,
Upmarketing tech ,//meta.cdn.bubble.io/f1681621646881x402344038574567800/inbound6180845677014686934.png,0,Upmarketing.tech,,,"{'lat': 17.3992217, 'lng': 78.36728149999999, 'address': 'Plot No 33 Vinayaka Nagar, Pupallaguda, Manikonda, Hyderabad, Telangana 500089, India', 'components': {'city': 'Hyderabad', 'state': 'Telangana', 'country': 'India', 'zip code': '500089', 'state code': 'TG', 'country code': 'IN'}}",1348695171700984260__LOOKUP__1681621267879x744102576890077300,,custom.perk_program_parent,2844006995,1681621652081,1681621652126,1681621650628x603326276089937900,
Upbeat ,//meta.cdn.bubble.io/f1681644209188x415183843958045500/mmlogo.jpeg,0,memorymakerinc.net,,,"{'lat': 14.5859732, 'lng': 121.0595774, 'address': 'The Podium, Ortigas Center, Mandaluyong, Metro Manila, Philippines', 'components': {'city': 'Mandaluyong', 'state': 'Metro Manila', 'country': 'Philippines', 'premise': 'The Podium', 'state code': 'NCR', 'country code': 'PH'}}",1348695171700984260__LOOKUP__1681643842905x789806892184480500,,custom.perk_program_parent,2844338469,1681644368660,1681644368707,1681644368376x666784201368404000,
SUPPORT ,//meta.cdn.bubble.io/f1681713115956x108585233273834400/20230416_214437.jpg,0,WELLFLEETINVESTMENTS..COM,,,"{'lat': 40.78605599999999, 'lng': -73.7298239, 'address': '40 Cutter Mill Rd #200, Great Neck, NY 11021, USA', 'components': {'city': 'Great Neck', 'state': 'New York', 'county': 'Nassau County', 'street': 'Cuttermill Road', 'country': 'United States', 'zip code': '11021', 'state code': 'NY', 'subpremise': '200', 'country code': 'US', 'street number': '40'}}",1348695171700984260__LOOKUP__1681706079758x323403761524270660,,custom.perk_program_parent,2845505056,1681713124739,1681713124782,1681713122385x632527050622632000,
euranov,//meta.cdn.bubble.io/f1681722744142x411787304992176300/logo-euranov-new.png,0,euranov.com,,,"{'lat': 50.62925, 'lng': 3.057256, 'address': 'Lille, France', 'components': {'city': 'Lille', 'state': 'Hauts-de-France', 'county': 'Nord', 'country': 'France', 'state code': 'Hauts-de-France', 'country code': 'FR'}}",1348695171700984260__LOOKUP__1681722533989x734524833440224400,,custom.perk_program_parent,2845699555,1681722817534,1681722817577,1681722817035x847569878530916400,
No-Code Arcade,//meta.cdn.bubble.io/f1681829006663x511681050260927040/No-Code%20Arcade%20Logo.png,0,https://www.nocodearcade.com,,,"{'lat': 54.9037908, 'lng': -1.3779212, 'address': '1 Tavistock Pl, Hendon, Sunderland SR1 1PB, UK', 'components': {'city': 'Hendon', 'state': 'England', 'county': 'Tyne and Wear', 'street': 'Tavistock Place', 'country': 'United Kingdom', 'zip code': 'SR1 1PB', 'state code': 'England', 'country code': 'GB', 'street number': '1'}}",1348695171700984260__LOOKUP__1674207361041x556559626158541500,,custom.perk_program_parent,2848671126,1681829011859,1681829011903,1681829010606x792239060736802800,
Plugins,//meta.cdn.bubble.io/f1681843034620x911515139066853600/whitebg.png,0,ility.com,,,"{'lat': 40.7127753, 'lng': -74.0059728, 'address': 'New York, NY, USA', 'components': {'city': 'New York', 'state': 'New York', 'country': 'United States', 'state code': 'NY', 'country code': 'US'}}",1348695171700984260__LOOKUP__1681828200455x506933027065190640,,custom.perk_program_parent,2849099505,1681843043889,1681843043950,1681843042725x510628055049830400,
Abdemanu,//meta.cdn.bubble.io/f1681882366476x158581585569805630/-5796195045152505107_97.jpg,0,Facebook ,,,"{'lat': 24.453884, 'lng': 54.3773438, 'address': 'Abu Dhabi - United Arab Emirates', 'components': {'city': 'Abu Dhabi', 'state': 'Abu Dhabi', 'country': 'United Arab Emirates', 'state code': 'Abu Dhabi', 'country code': 'AE'}}",1348695171700984260__LOOKUP__1681881389007x283536243321206300,,custom.perk_program_parent,2849888228,1681882495302,1681882495352,1681882493159x124949874639634430,
CircleHome,//meta.cdn.bubble.io/f1681899886394x359165280463920700/Logo%20blanc%20sobre%20verd%20petit.png,0,https://circlehome.app,,,"{'lat': 51.526672, 'lng': -0.08818039999999999, 'address': '124 City Rd, London EC1V 2NX, UK', 'components': {'city': 'London', 'state': 'England', 'county': 'Greater London', 'street': 'City Road', 'country': 'United Kingdom', 'zip code': 'EC1V 2NX', 'state code': 'England', 'country code': 'GB', 'street number': '124'}}",1348695171700984260__LOOKUP__1632673059491x512011097097275500,,custom.perk_program_parent,2850271999,1681899899919,1681899899967,1681899897880x762152156671246300,
Plexal x Barclays Eagle Labs - Product Builder,//meta.cdn.bubble.io/f1681908004392x541275432929764240/Plexal-logo-stacked.svg,17,https://labs.uk.barclays/what-we-offer/our-programmes/product-builder/,,,"{'lat': 51.5471649, 'lng': -0.0240074, 'address': 'Plexal, Here East, Queen Elizabeth Olympic Park, London E20 3BS, UK', 'components': {'city': 'London', 'state': 'England', 'county': 'Greater London', 'country': 'United Kingdom', 'zip code': 'E20 3BS', 'state code': 'England', 'country code': 'GB'}}",1348695171700984260__LOOKUP__1681899480068x911201686033964000,,custom.perk_program_parent,4717900738,1681908025962,1740877376106,1681908024978x729310417911283700,
Wise app ,//meta.cdn.bubble.io/f1681924674157x294922962464968960/684AD80A-07E2-470E-B7C7-0996690F01BB.jpeg,0,https://openprojecthq.com/profile/openprojecthqcomprofile,,,"{'lat': 6.6068582, 'lng': 3.3902639, 'address': '32 Omojuwa St, Ikosi Ketu 105102, Lagos, Nigeria', 'components': {'city': 'Lagos', 'state': 'Lagos', 'county': 'Kosofe', 'street': 'Omojuwa Street', 'country': 'Nigeria', 'zip code': '105102', 'state code': 'LA', 'country code': 'NG', 'neighborhood': 'Ikosi Ketu', 'street number': '32'}}",1348695171700984260__LOOKUP__1681921856839x190417525455540930,,custom.perk_program_parent,2851000582,1681924680172,1681924680241,1681924679077x944665095239106600,
Bubble.io,//meta.cdn.bubble.io/f1682009469252x165525547610454460/IMG_20230420_110803.jpg,0,Famous virtual channel (youtube),,,"{'lat': 34.0786607, 'lng': 74.76589179999999, 'address': 'Bemina, Srinagar', 'components': {'city': 'Srinagar'}}",1348695171700984260__LOOKUP__1681991264693x123658262195541330,,custom.perk_program_parent,2853125831,1682009473261,1682009473307,1682009471261x152341566283317250,
RMo Technology,//meta.cdn.bubble.io/f1682040242412x161391280963151900/RMo%20Technology.png,0,rmotechnologyremote.tech,,,"{'lat': 53.1751225, 'lng': -2.9159008, 'address': '32 Burnham Rd, Chester CH4 8EX, UK', 'components': {'city': 'Chester', 'state': 'England', 'county': 'Cheshire West and Chester', 'street': 'Burnham Road', 'country': 'United Kingdom', 'zip code': 'CH4 8EX', 'state code': 'England', 'country code': 'GB', 'street number': '32'}}",1348695171700984260__LOOKUP__1673882205621x386943126754242940,,custom.perk_program_parent,2853785819,1682040294519,1682040294565,1682040288550x701976293455691800,
71077,//meta.cdn.bubble.io/f1682056024376x156032894419800400/IMG_20230420_110803.jpg,0,www.ai gpt.com,,,"{'lat': 34.0786607, 'lng': 74.76589179999999, 'address': 'Bemina, Srinagar', 'components': {'city': 'Srinagar'}}",1348695171700984260__LOOKUP__1681991264693x123658262195541330,,custom.perk_program_parent,2853995826,1682056030640,1682056030696,1682056028911x822103404800376800,
No Code Founders - Pro Perks,//meta.cdn.bubble.io/f1682176990874x269654063591006530/NCF.png,35,nocodefounders.com,,,"{'lat': 55.8926852, 'lng': -3.0689776, 'address': '4 Lothian St, Dalkeith EH22 1DS, UK', 'components': {'city': 'Dalkeith', 'state': 'Scotland', 'county': 'Midlothian', 'street': 'Lothian Street', 'country': 'United Kingdom', 'zip code': 'EH22 1DS', 'state code': 'Scotland', 'country code': 'GB', 'street number': '4'}}",1348695171700984260__LOOKUP__1516962280344x710531815420836240,,custom.perk_program_parent,5065323806,1682176994329,1751967941829,1682176993369x241109161434677250,
Reduce Pollution,//meta.cdn.bubble.io/f1682248415553x590845443993871500/TCD%20Logo.jpeg,0,www.thecreativedata.co,,,"{'lat': 25.4358011, 'lng': 81.846311, 'address': 'Prayagraj, Uttar Pradesh, India', 'components': {'city': 'Prayagraj', 'state': 'Uttar Pradesh', 'county': 'Prayagraj Division', 'country': 'India', 'state code': 'UP', 'country code': 'IN'}}",1348695171700984260__LOOKUP__1682245163766x815521974151612400,,custom.perk_program_parent,2857143412,1682248830582,1682248830630,1682248829122x867968283712946200,
Partnership Program,//meta.cdn.bubble.io/f1682318539281x148130459326090800/nyl-logo%281%29.jpg,0,www.nyl.technology,,,"{'lat': 1.352083, 'lng': 103.819836, 'address': 'Singapore', 'components': {'country': 'Singapore', 'country code': 'SG'}}",1348695171700984260__LOOKUP__1682318273460x133772498086011550,,custom.perk_program_parent,2858273559,1682318558035,1682318558083,1682318557181x845689601154875400,
NeuillyLAB ,//meta.cdn.bubble.io/f1682327830769x103155849906795260/Lab.png,0,https://www.neuillylab.com/,,,"{'lat': 48.8818504, 'lng': 2.2738262, 'address': '5 Villa Emile Bergerat, 92200 Neuilly-sur-Seine, France', 'components': {'city': 'Neuilly-sur-Seine', 'state': 'Île-de-France', 'county': 'Hauts-de-Seine', 'street': 'Villa Emile Bergerat', 'country': 'France', 'zip code': '92200', 'state code': 'IDF', 'country code': 'FR', 'street number': '5'}}",1348695171700984260__LOOKUP__1682084772106x849223783461950200,,custom.perk_program_parent,2858478165,1682327839984,1682327840030,1682327839484x185833994189013000,
CKI,//meta.cdn.bubble.io/f1682381076524x398759479737670600/Christopher-Karam-Logo-Dark.png,0,https://chriskaram.ca,,,"{'lat': 45.4460196, 'lng': -75.62486109999999, 'address': '665 Bathgate Dr #1107, Ottawa, ON K1K 3Y5, Canada', 'components': {'city': 'Ottawa', 'state': 'Ontario', 'county': 'Ottawa', 'street': 'Bathgate Drive', 'country': 'Canada', 'zip code': 'K1K 3Y5', 'state code': 'ON', 'subpremise': '1107', 'country code': 'CA', 'street number': '665'}}",1348695171700984260__LOOKUP__1682350221370x423034436121951360,,custom.perk_program_parent,2859972533,1682381500199,1682381500250,1682381499543x661052816962617300,
Vtl,//meta.cdn.bubble.io/f1682412683076x338767471466248960/red-youtube-play-button-png-download-play-button-red-png-transparent-png--800x800-free-download-on-nicepng.png,0,Vtl,,,"{'lat': 32.3370042, 'lng': 74.903339, 'address': 'Zafarwal, Narowal, Punjab, Pakistan', 'components': {'city': 'Zafarwal', 'state': 'Punjab', 'county': 'Narowal', 'country': 'Pakistan', 'state code': 'Punjab', 'country code': 'PK'}}",1348695171700984260__LOOKUP__1669995344358x434529614868150800,,custom.perk_program_parent,2860657405,1682412693709,1682412693751,1682412690698x681091326304845800,
Pg,//meta.cdn.bubble.io/f1682444551861x923345718534002600/IMG_20180619_174818.jpg,0,https://answercrypto.com/,,,"{'lat': 29.2197349, 'lng': 78.9701848, 'address': 'Girital, Kashipur, Uttarakhand 244713', 'components': {'city': 'Kashipur', 'state': 'Uttarakhand', 'county': 'Kumaon Division', 'country': 'India', 'zip code': '244713', 'state code': 'UT', 'country code': 'IN'}}",1348695171700984260__LOOKUP__1682444331776x752539019656042000,,custom.perk_program_parent,2861604650,1682444557891,1682444557941,1682444735966x926401525809676300,
Empower Bubble in Brazil,//meta-l.cdn.bubble.io/f1682543493106x499559141439096560/Screenshot_20230426_181104_Instagram.jpg,0,www.stardb.com.br,,,"{'lat': -23.5199998, 'lng': -46.6763105, 'address': 'Av. Marquês de São Vicente, 1619 - 18 andar - Barra Funda, São Paulo - SP, 01139-003, Brazil', 'components': {'city': 'Parque Industrial Tomas Edson', 'state': 'São Paulo', 'county': 'São Paulo', 'street': 'Avenida Marquês de São Vicente', 'country': 'Brazil', 'zip code': '01139-003', 'state code': 'SP', 'subpremise': '18 andar', 'country code': 'BR', 'street number': '1619'}}",1348695171700984260__LOOKUP__1682542820441x350760308506258500,,custom.perk_program_parent,2864046781,1682543564433,1682543564491,1682543563603x919100003200614400,
AI writer app,//meta-l.cdn.bubble.io/f1682611768154x717041729956624100/qualped-logoQwai.png,0,qualped.life,,,"{'lat': 43.8967463, 'lng': -78.872802, 'address': '41 Warren Ave, Oshawa, ON L1J 4G1, Canada', 'components': {'city': 'Oshawa', 'state': 'Ontario', 'county': 'Regional Municipality of Durham', 'street': 'Warren Avenue', 'country': 'Canada', 'zip code': 'L1J 4G1', 'state code': 'ON', 'country code': 'CA', 'neighborhood': 'McLaughlin', 'street number': '41'}}",1348695171700984260__LOOKUP__1565290010281x879040105935205100,,custom.perk_program_parent,2865583999,1682611772134,1682611772179,1682611774670x711747835398455300,
Makers Fellowship,//meta-l.cdn.bubble.io/f1682651665935x783704609298612000/logo%20makers-04.png,0,https://www.makers.build/,,,"{'lat': 23.634501, 'lng': -102.552784, 'address': 'Mexico', 'components': {'country': 'Mexico', 'country code': 'MX'}}",1348695171700984260__LOOKUP__1682651379819x377549789611495230,,custom.perk_program_parent,2866513973,1682651671975,1682651672005,1682651670903x127539143081459710,
Get Buzzed,//meta-l.cdn.bubble.io/f1682708987742x359239754978833340/logo-white.jpeg,0,https://www.get-buzzed.tech/,,,"{'lat': 51.28390599999999, 'lng': -0.8373446, 'address': '12 Albert St, Fleet GU51 3RL, UK', 'components': {'city': 'Fleet', 'state': 'England', 'county': 'Hampshire', 'street': 'Albert Street', 'country': 'United Kingdom', 'zip code': 'GU51 3RL', 'state code': 'England', 'country code': 'GB', 'street number': '12'}}",1348695171700984260__LOOKUP__1682498793214x289873746470541440,,custom.perk_program_parent,2867995719,1682709008387,1682709008434,1682709007162x980725556106756100,
Best earning money game ,//meta-l.cdn.bubble.io/f1682757323370x878479007562307200/IMG_20230424_184756_387.jpg,0,Play Store ,,,"{'lat': 25.3258049, 'lng': 84.4015075, 'address': 'Piro, Bihar 802207, India', 'components': {'city': 'Piro', 'state': 'Bihar', 'county': 'Patna Division', 'country': 'India', 'zip code': '802207', 'state code': 'BR', 'country code': 'IN'}}",1348695171700984260__LOOKUP__1682754245743x954075409279678300,,custom.perk_program_parent,2868775150,1682757341321,1682757341365,1682757338998x799318034776588300,
Bubbles,//meta-l.cdn.bubble.io/f1682777602801x726703727551668400/Screenshot%202023-04-29%20031908.png,0,https://github.com/dorp007,,,"{'lat': 42.6977082, 'lng': 23.3218675, 'address': 'Sofia, Bulgaria', 'components': {'city': 'Sofia', 'state': 'Sofia City Province', 'country': 'Bulgaria', 'state code': 'Sofia City Province', 'country code': 'BG'}}",1348695171700984260__LOOKUP__1658356800341x460526758711714100,,custom.perk_program_parent,2869218653,1682777661235,1682777661279,1682777660284x597436363267637200,
Tech Times,//meta-l.cdn.bubble.io/f1682833278266x201418245603712800/Tech%20Times.png,0,https://www.techtimes.com/,,,"{'lat': 32.3182314, 'lng': -86.902298, 'address': 'Alabama, USA', 'components': {'state': 'Alabama', 'country': 'United States', 'state code': 'AL', 'country code': 'US'}}",1348695171700984260__LOOKUP__1682830544486x534795362675069000,,custom.perk_program_parent,2870083042,1682833280284,1682833280334,1682833279168x568463156075036700,
Electronic Engineering Undergraduate Thesis,//meta-l.cdn.bubble.io/f1682872845964x248322044789250460/images.png,0,http://www.usb.ve/,,,"{'lat': 10.4089066, 'lng': -66.8804249, 'address': 'Sartenejas, Caracas, Miranda, Venezuela', 'components': {'city': 'Caracas', 'state': 'Miranda', 'county': 'Baruta', 'country': 'Venezuela', 'state code': 'Miranda', 'country code': 'VE', 'neighborhood': 'Sartenejas'}}",1348695171700984260__LOOKUP__1682871892298x287332085963351900,,custom.perk_program_parent,2870688481,1682872853486,1682872853530,1682872852233x659247883363811300,
Agent Gaming ,//meta-l.cdn.bubble.io/f1682924584392x599482746522404200/Agent%20Logo%20Updated.png,0,https://twitter.com/AGENTGAMlNG,,,"{'lat': 28.8377577, 'lng': -81.6278019, 'address': '1873 Strathmore Cir, Mt Dora, FL 32757, USA', 'components': {'city': 'Mount Dora', 'state': 'Florida', 'county': 'Lake County', 'street': 'Strathmore Circle', 'country': 'United States', 'zip code': '32757', 'state code': 'FL', 'country code': 'US', 'street number': '1873'}}",1348695171700984260__LOOKUP__1682670614161x971773898695953000,,custom.perk_program_parent,2871593881,1682924705702,1682924705746,1682924704677x540080695057055740,
Software testing,//meta-l.cdn.bubble.io/f1683062173911x466975043983903100/qualimatrix-technologies.jpg,0,qualimatrix.tech,,,"{'lat': 12.9541377, 'lng': 77.6423142, 'address': 'Embassy Golf Links Road, adjoining Solitaire, Embassy Golf Links Business Park, Domlur, Bengaluru, Karnataka 560071, India', 'components': {'city': 'Bengaluru', 'state': 'Karnataka', 'county': 'Bangalore Division', 'street': 'Embassy Golf Links Road', 'country': 'India', 'premise': 'Solitaire', 'zip code': '560071', 'state code': 'KA', 'country code': 'IN'}}",1348695171700984260__LOOKUP__1683061333385x156119031098165950,,custom.perk_program_parent,2874886737,1683062326638,1683062326688,1683062325311x943228160324403200,
Bubble courses,//meta-l.cdn.bubble.io/f1683092204488x872627992522533100/Profile%20images.png,0,https://nocodomia.io,,,"{'lat': 46.227638, 'lng': 2.213749, 'address': 'France', 'components': {'country': 'France', 'country code': 'FR'}}",1348695171700984260__LOOKUP__1653321983329x414892302823259200,,custom.perk_program_parent,2875370426,1683092255531,1683092255578,1683092254669x325178429005365250,
Flexiple Partnerships,//meta-l.cdn.bubble.io/f1683099634820x375136619348384960/flexiple%20logo.jpeg,0,https://flexiple.com,,,"{'lat': 28.7012358, 'lng': 77.18360720000001, 'address': '1st Floor, C, B-2, Mahendru Enclave, Gujranwala Town, Delhi, 110033, India', 'components': {'city': 'Delhi', 'state': 'Delhi', 'county': 'Delhi Division', 'country': 'India', 'premise': 'B-2', 'zip code': '110033', 'state code': 'DL', 'subpremise': '1st Floor, C', 'country code': 'IN'}}",1348695171700984260__LOOKUP__1683061581377x968235677292688500,,custom.perk_program_parent,2875523089,1683099706795,1683099706841,1683099706358x257592279694835700,
N/A,//meta-l.cdn.bubble.io/f1683126725305x233805550898313200/Screenshot%202023-04-30%20at%2011.46.27%20AM.png,0,N/A,,,"{'lat': 40.7127753, 'lng': -74.0059728, 'address': 'New York, NY, USA', 'components': {'city': 'New York', 'state': 'New York', 'country': 'United States', 'state code': 'NY', 'country code': 'US'}}",1348695171700984260__LOOKUP__1682650248606x906816249350549900,,custom.perk_program_parent,2876252559,1683126731377,1683126731423,1683126730516x802040753892360200,
100code,//meta-l.cdn.bubble.io/f1683210522821x229528568712892500/100code_logo.png,0,https://100code.org/,,,"{'lat': 6.1256983, 'lng': 1.2253621, 'address': '46GG+74H, Lomé, Togo', 'components': {'city': 'Lomé', 'state': 'Maritime Region', 'county': 'Golfe', 'country': 'Togo', 'state code': 'Maritime Region', 'country code': 'TG'}}",1348695171700984260__LOOKUP__1570353457044x117621193872016420,,custom.perk_program_parent,2878304740,1683210589105,1683210589157,1683210587571x798893241117179900,
Service Company,//meta-l.cdn.bubble.io/f1683278122096x690035767857498400/0.png,0,https://www.codecrafttech.com/,,,"{'lat': 12.8719177, 'lng': 74.8424721, 'address': '2nd Floor, Classique arcade, KSR Road, Hampankatta, Mangaluru, Karnataka 575001, India', 'components': {'city': 'Mangaluru', 'state': 'Karnataka', 'county': 'Mysore Division', 'street': 'KS Rao Road', 'country': 'India', 'premise': 'Classique arcade', 'zip code': '575001', 'state code': 'KA', 'country code': 'IN'}}",1348695171700984260__LOOKUP__1683269678770x317925792966910600,,custom.perk_program_parent,2879779841,1683278139645,1683278139691,1683278137872x656767282531270700,
Artreus,//meta-l.cdn.bubble.io/f1683551567399x644397185939058000/Screenshot_20230508-141222.png,0,artreus.io,,,"{'lat': 6.5243793, 'lng': 3.3792057, 'address': 'Lagos, Nigeria', 'components': {'city': 'Lagos', 'state': 'Lagos', 'country': 'Nigeria', 'state code': 'LA', 'country code': 'NG'}}",1348695171700984260__LOOKUP__1683550246819x176288131773907550,,custom.perk_program_parent,2884710160,1683551611627,1683551611677,1683551610146x652463682234089500,
GOWA - Get Organised With Amie ,//meta-l.cdn.bubble.io/f1683612790545x823185787119280500/gowa.png,0,www.amielouise.co,,,"{'lat': 55.378051, 'lng': -3.435973, 'address': 'United Kingdom', 'components': {'country': 'United Kingdom', 'country code': 'GB'}}",1348695171700984260__LOOKUP__1683611690126x163453693241865540,,custom.perk_program_parent,2886237630,1683612793859,1683612793903,1683612793378x184498137522765820,
App Development Skills Program,//meta-l.cdn.bubble.io/f1683715212759x154515472373991200/SACMAST%20LETTERHEAD%202023.PNG,0,www.sacmast.com,,,"{'lat': -26.10283, 'lng': 28.05128, 'address': '165 West St, Sandown, Sandton, 2031, South Africa', 'components': {'city': 'Sandton', 'state': 'Gauteng', 'county': 'City of Johannesburg Metropolitan Municipality', 'street': 'West Street', 'country': 'South Africa', 'zip code': '2031', 'state code': 'GP', 'country code': 'ZA', 'street number': '165'}}",1348695171700984260__LOOKUP__1671480174566x964895924191991700,,custom.perk_program_parent,2889025622,1683715297200,1683715297244,1683715296028x887451689340895200,
Yay,//meta-l.cdn.bubble.io/f1683732025428x202391825282307140/Screenshot_20230508-075620_Gallery.jpg,0,http/Lillian ,,,"{'lat': 9.081999, 'lng': 8.675277, 'address': 'Nigeria', 'components': {'country': 'Nigeria', 'country code': 'NG'}}",1348695171700984260__LOOKUP__1683730918832x741926433031715700,,custom.perk_program_parent,2889534892,1683732029469,1683732029515,1683732026942x588982743866540000,
???,//meta-l.cdn.bubble.io/f1683747914175x462184286103682000/Rent%20C-Suite_horizontal%20logo.png,0,www.rentcsuite.com,,,"{'lat': 54.5259614, 'lng': -105.2551187, 'address': 'North America', 'components': {}}",1348695171700984260__LOOKUP__1682965628654x864720814806967200,,custom.perk_program_parent,2889998296,1683747939295,1683747939344,1683747938279x725578155373363200,
ScaleX Ventures,//meta-l.cdn.bubble.io/f1683903876557x534291497009885600/6086a39b4f0e1d20fe20713d_hero-scaleX-text%20%281%29.svg,0,https://www.scalexventures.com/,,,"{'lat': 41.0671656, 'lng': 29.0449568, 'address': 'Arnavutköy, Bebek Arnavutköy Cd, 34345 Beşiktaş/İstanbul, Türkiye', 'components': {'state': 'İstanbul', 'county': 'Beşiktaş', 'street': 'Bebek Arnavutköy Caddesi', 'country': 'Türkiye', 'zip code': '34345', 'state code': 'İstanbul', 'country code': 'TR'}}",1348695171700984260__LOOKUP__1683900736083x695548106614952200,,custom.perk_program_parent,2894142084,1683903881410,1683903881455,1683903880242x163344616670101500,
Start-Up Chile,//meta-l.cdn.bubble.io/f1683906426987x543455835782900200/logo-SUP.png,0,www.startupchile.org,,,"{'lat': -33.4405907, 'lng': -70.6459145, 'address': 'Agustinas 640, 8320219 Santiago, Región Metropolitana, Chile', 'components': {'city': 'Santiago', 'state': 'Región Metropolitana', 'county': 'Santiago', 'street': 'Agustinas', 'country': 'Chile', 'zip code': '8320219', 'state code': 'Región Metropolitana', 'country code': 'CL', 'street number': '640'}}",1348695171700984260__LOOKUP__1683906210206x201364320705543100,,custom.perk_program_parent,2894215888,1683906428493,1683906428542,1683906424972x811249640326561800,
RevRoad,//meta-l.cdn.bubble.io/f1683911616248x988600373540789000/900-px.jpg,0,https://revroad.com,,,"{'lat': 40.2551103, 'lng': -111.6630103, 'address': '1555 Freedom Blvd 200 W, Provo, UT 84604, USA', 'components': {'city': 'Provo', 'state': 'Utah', 'county': 'Utah County', 'street': 'Freedom Boulevard 200 West', 'country': 'United States', 'zip code': '84604', 'state code': 'UT', 'country code': 'US', 'neighborhood': 'Carterville', 'street number': '1555'}}",1348695171700984260__LOOKUP__1683911210169x370351646450949760,,custom.perk_program_parent,2894452815,1683915461118,1683915461166,1683915460610x506710377771565060,
WE MEET ,//meta-l.cdn.bubble.io/f1684025115357x171202680365032400/Screenshot_20230514-003754.jpg,0,www.wemeet.com,,,"{'lat': 7.7284853, 'lng': 8.5559192, 'address': 'PHH4+99V, Gboko Road, Walmayo 970101, Makurdi, Benue, Nigeria', 'components': {'city': 'Makurdi', 'state': 'Benue', 'county': 'Markurdi', 'street': 'Gboko Road', 'country': 'Nigeria', 'zip code': '970101', 'state code': 'BN', 'country code': 'NG', 'neighborhood': 'Walmayo'}}",1348695171700984260__LOOKUP__1684020638542x320228097540494700,,custom.perk_program_parent,2896315073,1684025144093,1684025144141,1684025140956x423184664171380740,
- ,//meta-l.cdn.bubble.io/f1684159057219x887965795779432900/Screenshot%202023-05-15%20at%2010.16.34.png,0,- ,,,"{'lat': 25.1022551, 'lng': 55.1695533, 'address': 'BBC Building - DMC Building 10 - Al Sufouh - Dubai Media City - Dubai - United Arab Emirates', 'components': {'city': 'Dubai', 'state': 'Dubai', 'country': 'United Arab Emirates', 'premise': 'BBC Building - DMC Building 10', 'state code': 'Dubai', 'country code': 'AE', 'neighborhood': 'Dubai Media City'}}",1348695171700984260__LOOKUP__1684146293592x401112988880142600,,custom.perk_program_parent,2898845258,1684159081700,1684159081750,1684159080365x795061362468847600,
SOFTPAL CSSL | IGF DIGITAL LITERACY TRAINING,//meta-l.cdn.bubble.io/f1684236208613x701552813081178800/Softpal%20full%20logo.jpg,0,www.softpalcssl.com,,,"{'lat': 9.0155396, 'lng': 7.425250800000001, 'address': '2C8G+646, Kwaba 900108, Abuja, Federal Capital Territory, Nigeria', 'components': {'city': 'Abuja', 'state': 'Federal Capital Territory', 'county': 'Abuja Municipal Area Council', 'country': 'Nigeria', 'zip code': '900108', 'state code': 'Federal Capital Territory', 'country code': 'NG', 'neighborhood': 'Kwaba'}}",1348695171700984260__LOOKUP__1684144786601x765154820701699800,,custom.perk_program_parent,2903039378,1684236302162,1684236302212,1684236300786x568160541164437500,
shahzadkhan ,//meta-l.cdn.bubble.io/f1684268566005x213625271659539040/img2.jpg,0,https://www.linkedin.com/in/shaz-khan-440844275,,,"{'lat': 51.068785, 'lng': -1.794472, 'address': 'Salisbury, UK', 'components': {'city': 'Salisbury', 'state': 'England', 'county': 'Wiltshire', 'country': 'United Kingdom', 'state code': 'England', 'country code': 'GB'}}",1348695171700984260__LOOKUP__1645747702189x559859210839474400,,custom.perk_program_parent,2904635595,1684268570379,1684268570424,1684268569409x511749543937179650,
AppLaunch Accelerator Package,//meta-l.cdn.bubble.io/f1684356163056x234314824014411700/Scarface%20Solutions.png,0,scarfacesolutions.com,,,"{'lat': 45.8162476, 'lng': -122.7058155, 'address': '89 N 42nd Pl, Ridgefield, WA 98642, USA', 'components': {'city': 'Ridgefield', 'state': 'Washington', 'county': 'Clark County', 'street': 'North 42nd Place', 'country': 'United States', 'zip code': '98642', 'state code': 'WA', 'country code': 'US', 'street number': '89'}}",1348695171700984260__LOOKUP__1684181079364x168174827978242900,,custom.perk_program_parent,2908860999,1684356185756,1684356185805,1684356184734x696621493432090600,
Internet Marketing Group Ltd,//meta-l.cdn.bubble.io/f1684408386931x148490866082334530/GrowTal%20%281%29.png,0,https://internetmarketingdeals.com/,,,"{'lat': 51.4475629, 'lng': -2.8463274, 'address': '30 Edward Rd, Clevedon BS21 7DS, UK', 'components': {'city': 'Clevedon', 'state': 'England', 'county': 'North Somerset', 'street': 'Edward Road', 'country': 'United Kingdom', 'zip code': 'BS21 7DS', 'state code': 'England', 'country code': 'GB', 'street number': '30'}}",1348695171700984260__LOOKUP__1684408068969x758249458598957700,,custom.perk_program_parent,2910981032,1684408389944,1684408389991,1684408389408x630037612568772600,
TK Racing,//meta-l.cdn.bubble.io/f1684432645668x405877006320941100/tk%20racing%20logo.jpg,0,https://www.tkracing15.com/,,,"{'lat': 43.6920701, 'lng': -70.44625789999999, 'address': 'Gorham, ME 04038, USA', 'components': {'city': 'Gorham', 'state': 'Maine', 'county': 'Cumberland County', 'country': 'United States', 'zip code': '04038', 'state code': 'ME', 'country code': 'US'}}",1348695171700984260__LOOKUP__1684421997918x950628024858758100,,custom.perk_program_parent,2912241361,1684432861288,1684432861333,1684432705979x205573884377038850,
TomJenda,//meta-l.cdn.bubble.io/f1684468561900x869189326799733900/Logo.jpg,0,https://tcgroup.tech/,,,"{'lat': 21.0362368, 'lng': 105.7905825, 'address': 'Cầu Giấy, Hanoi, Vietnam', 'components': {'state': 'Hanoi', 'county': 'Cầu Giấy', 'country': 'Vietnam', 'state code': 'Hanoi', 'country code': 'VN'}}",1348695171700984260__LOOKUP__1684465962797x624720691266673800,,custom.perk_program_parent,2913774474,1684468624857,1684468624900,1684468623965x673983175777583100,
Kintu Morrish,//meta-l.cdn.bubble.io/f1684670208242x767555766735181800/sa6.jpg,0,Morrishkintu@gmail.com,,,"{'lat': 1.373333, 'lng': 32.290275, 'address': 'Uganda', 'components': {'country': 'Uganda', 'country code': 'UG'}}",1348695171700984260__LOOKUP__1684669315549x431798026138714400,,custom.perk_program_parent,2921217029,1684670216554,1684670216599,1684670214407x521805978242908200,
IMQueen Consulting,//meta-l.cdn.bubble.io/f1684729750891x254291174869487600/imqueen_logo_final_transparent%20BLACK.png,0,imqueenconsulting.com,,,"{'lat': 29.7163357, 'lng': -95.54790609999999, 'address': '10333 Harwin Dr., Houston, TX 77036, USA', 'components': {'city': 'Houston', 'state': 'Texas', 'county': 'Harris County', 'street': 'Harwin Drive', 'country': 'United States', 'zip code': '77036', 'state code': 'TX', 'country code': 'US', 'neighborhood': 'Chinatown', 'street number': '10333'}}",1348695171700984260__LOOKUP__1684729563315x550553475874108400,,custom.perk_program_parent,2923127647,1684729755318,1684729755362,1684729754130x984700745518940200,
partners program,//meta-l.cdn.bubble.io/f1684739614343x227306494524858400/miracle-websoft-cropped.jpg,0,miraclewebsoft.com,,,"{'lat': 30.4765796, 'lng': 76.5905317, 'address': 'Rajpura, Punjab 140401, India', 'components': {'city': 'Rajpura', 'state': 'Punjab', 'county': 'Patiala Division', 'country': 'India', 'zip code': '140401', 'state code': 'PB', 'country code': 'IN'}}",1348695171700984260__LOOKUP__1684738459909x510090957055487200,,custom.perk_program_parent,2923496412,1684739622294,1684739622340,1684739621425x538375443062980600,
AI Top Tools,//meta-l.cdn.bubble.io/f1684784179010x843026567276983700/AI%20TOP%20TOOLS.png,0,https://aitoptools.com/,,,"{'lat': 26.2986414, 'lng': -80.2769069, 'address': '5645 Coral Ridge Dr #398, Coral Springs, FL 33076, USA', 'components': {'city': 'Coral Springs', 'state': 'Florida', 'county': 'Broward County', 'street': 'Coral Ridge Drive', 'country': 'United States', 'zip code': '33076', 'state code': 'FL', 'subpremise': '398', 'country code': 'US', 'neighborhood': 'Kensington', 'street number': '5645'}}",1348695171700984260__LOOKUP__1684783997766x616230239780722700,,custom.perk_program_parent,2925760058,1684784183058,1684784183105,1684784178727x982889364124074000,
Scholarship for students ,//meta-l.cdn.bubble.io/f1684799214300x989445345916043800/brain.png,0,Menloparklab.com,,,"{'lat': 49.2827291, 'lng': -123.1207375, 'address': 'Vancouver, BC, Canada', 'components': {'city': 'Vancouver', 'state': 'British Columbia', 'county': 'Metro Vancouver', 'country': 'Canada', 'state code': 'BC', 'country code': 'CA'}}",1348695171700984260__LOOKUP__1684798561256x435098695137268000,,custom.perk_program_parent,2926406899,1684799218848,1684799218896,1684799218275x424403680024068100,
Gruppo1,//meta-l.cdn.bubble.io/f1684867817515x809081003532651900/logo.png,0,https://gruppo1comercial.wixsite.com/gruppo,,,"{'lat': -23.5773837, 'lng': -46.6865584, 'address': 'Av. Brg. Faria Lima, 2369 - 1102 - Jardim Paulistano, São Paulo - SP, 01452-922, Brazil', 'components': {'city': 'Jardim Paulistano', 'state': 'São Paulo', 'county': 'São Paulo', 'street': 'Avenida Brigadeiro Faria Lima', 'country': 'Brazil', 'zip code': '01452-922', 'state code': 'SP', 'subpremise': '1102', 'country code': 'BR', 'street number': '2369'}}",1348695171700984260__LOOKUP__1680704199941x900797101020865800,,custom.perk_program_parent,2929555593,1684868254115,1684868254164,1684868252906x279501788834955260,
UNIEL,//meta-l.cdn.bubble.io/f1684909748702x985870066095790500/UNIEL-removebg-preview.png,0,uniel.io,,,"{'lat': 42.1854707, 'lng': 24.3306843, 'address': 'ul. ""Dimitar Grekov"" 5, 4400 Pazardzhik Center, Pazardzhik, Bulgaria', 'components': {'city': 'Pazardzhik', 'state': 'Pazardzhik', 'street': 'ulitsa ""Dimitar Grekov""', 'country': 'Bulgaria', 'zip code': '4400', 'state code': 'Pazardzhik', 'country code': 'BG', 'neighborhood': 'Pazardzhik Center', 'street number': '5'}}",1348695171700984260__LOOKUP__1684649665089x482041787558065150,,custom.perk_program_parent,2931265681,1684909753104,1684909753147,1684909751339x414309880113922050,
SANDBOX,//meta-l.cdn.bubble.io/f1684928061197x745999508192748700/Sanbox_Final_Logo-01.jpg,0,www.sandbox.dtec.ae,,,"{'lat': 25.1217555, 'lng': 55.3775468, 'address': 'Technohub 1, Dubai Silicon Oasis Near Axiom HQ and RIT University - واحة دبي السيليكون - منطقة صناعية - دبي - United Arab Emirates', 'components': {'city': 'دبي', 'state': 'دبي', 'country': 'United Arab Emirates', 'state code': 'دبي', 'country code': 'AE', 'neighborhood': 'منطقة صناعية'}}",1348695171700984260__LOOKUP__1684927937467x641122873138758800,,custom.perk_program_parent,2932265596,1684928478511,1684928478557,1684928476865x420694109583310850,
Freely Talk ,//meta-l.cdn.bubble.io/f1685135519200x955802135637045400/image.jpg,0,Don’t have,,,"{'lat': 36.4103395, 'lng': 44.38719529999999, 'address': 'Kurdistan Region, Iraq', 'components': {'country': 'Iraq', 'country code': 'IQ'}}",1348695171700984260__LOOKUP__1685135207865x499948531707828740,,custom.perk_program_parent,2941007620,1685135523974,1685135524020,1685135522836x876161234397823000,
Developy,//meta-l.cdn.bubble.io/f1685399238647x294555800812449600/Logo%20Developy-04.svg,0,https://www.developy.digital/,,,"{'lat': 18.9161797, 'lng': -99.2337407, 'address': 'Blvd. Lic. Benito Juárez, Centro, 62000 Cuernavaca, Mor., Mexico', 'components': {'city': 'Cuernavaca', 'state': 'Morelos', 'street': 'Boulevard Licenciado Benito Juárez', 'country': 'Mexico', 'zip code': '62000', 'state code': 'Mor.', 'country code': 'MX'}}",1348695171700984260__LOOKUP__1685389983674x509310368888878300,,custom.perk_program_parent,2951360608,1685399397973,1685399398021,1685399394915x491285676559695900,
Startup Grind,,58,https://www.startupgrind.com/,,,"{'lat': 37.387474, 'lng': -122.0575434, 'address': 'Silicon Valley, CA, USA', 'components': {'state': 'California', 'country': 'United States', 'state code': 'CA', 'country code': 'US'}}",1348695171700984260__LOOKUP__1679681143870x288736242587440000,,custom.perk_program_parent,4739687643,1709326129575,1741637080553,1709326128946x597468551451770900,
Stripe Atlas,//meta-q.cdn.bubble.io/f1737497288470x172582937453091400/cyQ5hfYy_400x400.jpg,80,https://stripe.com/atlas,True,True,"{'lat': 37.7749295, 'lng': -122.4194155, 'address': 'San Francisco, CA, USA', 'components': {'city': 'San Francisco', 'state': 'California', 'county': 'San Francisco County', 'country': 'United States', 'state code': 'CA', 'country code': 'US'}}",1348695171700984260__LOOKUP__1705950654428x555761081441990200,,custom.perk_program_parent,5235972474,1737494136031,1757942247271,1737494135228x606991416057921500,
AWS Activate,//meta-q.cdn.bubble.io/f1738873243593x897191033840779500/Amazon_Web_Services_Logo.svg.png,315,https://aws.amazon.com/activate/activate-landing/,True,True,"{'lat': 38.7945952, 'lng': -106.5348379, 'address': 'United States', 'components': {'country': 'United States', 'country code': 'US'}}",1348695171700984260__LOOKUP__1705950654428x555761081441990200,,custom.perk_program_parent,5244638082,1738873271663,1758197626854,1738873270777x200360702309302270,
Mercury,//meta-q.cdn.bubble.io/f1738873380125x790193470808147100/mercury-icon-black_%281%29.png,27,https://mercury.com/,True,True,"{'lat': 38.7945952, 'lng': -106.5348379, 'address': 'United States', 'components': {'country': 'United States', 'country code': 'US'}}",1348695171700984260__LOOKUP__1705950654428x555761081441990200,,custom.perk_program_parent,5234818734,1738873403878,1757901121142,1738873403645x797613856345817100,
Notion,//meta-q.cdn.bubble.io/f1738873528250x682209350855639300/notion-logo-1.svg,46,https://www.notion.com/,True,True,"{'lat': 38.7945952, 'lng': -106.5348379, 'address': 'United States', 'components': {'country': 'United States', 'country code': 'US'}}",1348695171700984260__LOOKUP__1705950654428x555761081441990200,,custom.perk_program_parent,5240575296,1738873538124,1758076729692,1738873537884x368755587401121800,
Cornell Tech,//meta-q.cdn.bubble.io/f1738873668239x972961063221057300/Cornell_University_seal.svg.png,0,https://tech.cornell.edu/,True,True,"{'lat': 40.7127753, 'lng': -74.0059728, 'address': 'New York, NY, USA', 'components': {'city': 'New York', 'state': 'New York', 'country': 'United States', 'state code': 'NY', 'country code': 'US'}}",1348695171700984260__LOOKUP__1705950654428x555761081441990200,,custom.perk_program_parent,4659814222,1738873698518,1738873698519,1738873698246x844794396589424600,
NYU,//meta-q.cdn.bubble.io/f1738873755838x191604800070694900/0x0.webp,0,https://www.nyu.edu/,True,True,"{'lat': 40.7127753, 'lng': -74.0059728, 'address': 'New York, NY, USA', 'components': {'city': 'New York', 'state': 'New York', 'country': 'United States', 'state code': 'NY', 'country code': 'US'}}",1348695171700984260__LOOKUP__1705950654428x555761081441990200,,custom.perk_program_parent,4659817903,1738873768746,1738873804762,1738873768024x425903402239655940,
Antler,//meta-q.cdn.bubble.io/f1738873881444x883292836112528300/antlerglobal_logo.jpeg,0,https://www.antler.co/,True,True,"{'lat': 38.7945952, 'lng': -106.5348379, 'address': 'United States', 'components': {'country': 'United States', 'country code': 'US'}}",1348695171700984260__LOOKUP__1705950654428x555761081441990200,,custom.perk_program_parent,4659821108,1738873897445,1738873897446,1738873897021x731887768884740100,
