app_name_text,bubble_url_text,app_description_text,include_link__boolean,thumbnail_image_image,accepted_terms__boolean,additional_images_list_image,app_category_option_app_category,status_option_app_gallery_status,accepted_acknowledgement__boolean,platform_option_app_gallery_platform,include_thumbnail_in_listing__boolean,app_category_option_app_gallery_category,app_categories_list_option_app_gallery_category,app_metadata_record_custom_application_metadata,Created By,Modified By,_type,_version,Created Date,Modified Date,_id,Slug
The Rush,https://therush.us/,"Maximize your time in the water with The Rush’s curated surf trips, led by local experts who uncover hidden breaks for a responsible, authentic experience that benefits both surfers and local communities.

Built by Tinkso.",True,//meta-q.cdn.bubble.io/f1742237777574x882029089043500000/Mar%205%202025%20Screenshot%20from%20Vincent%20Krouwels%20%282%29.png,,"['//meta-q.cdn.bubble.io/f1742237835024x793737009207077000/Mar%205%20Screenshot%20from%20Vincent%20Krouwels%20%284%29.png', '//meta-q.cdn.bubble.io/f1742237843973x996914865278777300/Mar%205%20Screenshot%20from%20Vincent%20Krouwels%20%285%29.png', '//meta-q.cdn.bubble.io/f1742237852744x735060470747881900/Mar%205%20Screenshot%20from%20Vincent%20Krouwels%20%286%29.png']",,approved,,web,True,,['marketplace'],,1348695171700984260__LOOKUP__admin_user_meta_live,,,,1742389504439,1742475048314,,
Autypik,https://app.autypik.com/login?type=signup,"Autypik is a recruitment platform dedicated to autistic and neurodiverse talents, as well as to companies committed to diversity and inclusion. This platform aims to facilitate the employment of neurodiverse individuals in France, where 95% of autistic people are unemployed, by highlighting their unique potential to companies that value diversity.

Built by Tinkso.",True,//meta-q.cdn.bubble.io/f1742237664904x717277502054680700/Screen%201%20from%20Vincent%20Krouwels.png,,"['//meta-q.cdn.bubble.io/f1742237692345x347387554384334800/Screen%202%20from%20Vincent%20Krouwels.jpg', '//meta-q.cdn.bubble.io/f1742237706279x441413401248564000/Screen%203%20from%20Vincent%20Krouwels.jpg', '//meta-q.cdn.bubble.io/f1742237712687x491349218099731400/Screen%204%20from%20Vincent%20Krouwels.jpg', '//meta-q.cdn.bubble.io/f1742237720072x509218100513679550/Screen%205%20from%20Vincent%20Krouwels.jpg', '//meta-q.cdn.bubble.io/f1742237740100x115176609436842260/Screen%206%20from%20Vincent%20Krouwels.jpg']",,approved,,web,True,,['marketplace'],,1348695171700984260__LOOKUP__admin_user_meta_live,,,,1742389504441,1742475032244,,
Guido,https://app.guido-mobility.ch/?lang=en_us,"Guido is a 3-sided marketplace built for Swiss Automotive Group (SAG), Switzerland’s largest automotive parts distributor, to seamlessly connect fleet managers, garages, and SAG’s parts database. It streamlines service requests, parts sourcing, and invoicing in a single platform.

Built by Tinkso.",True,//meta-q.cdn.bubble.io/f1742237435535x540407995714630140/Guido%20Landing%20Page.png,,"['//meta-q.cdn.bubble.io/f1742237501422x856930962544559000/Mar%205%202025%20Screenshot%20from%20Vincent%20Krouwels.png', '//meta-q.cdn.bubble.io/f1742237513120x500246556576824600/Mar%205%202025%20Screenshot%20from%20Vincent%20Krouwels%20%281%29.png', '//meta-q.cdn.bubble.io/f1742237525191x891489019460472300/Mar%205%20Screenshot%20from%20Vincent%20Krouwels%20%283%29.png']",,approved,,web,True,,"['marketplace', 'internal_tool']",,1348695171700984260__LOOKUP__admin_user_meta_live,,,,1742389504444,1742475021387,,
Qollect,https://qolect.eu/,"Qolect is a collectibles Auction & Marketplace site with escrow functionality allowing users to buy, bid, manage, and/or simply share their collectibles portfolio.

Built by Tinkso.",True,//meta-q.cdn.bubble.io/f1742237332149x155505806650229060/Product%20Detail%20Bid%20View%20from%20Vincent%20Krouwels.png,,"['//meta-q.cdn.bubble.io/f1742237348241x995540332570615200/Marketplace%20View%20from%20Vincent%20Krouwels.png', '//meta-q.cdn.bubble.io/f1742237355157x228994525594934400/Block%20by%20Vincent%20Krouwels.png', '//meta-q.cdn.bubble.io/f1742237365649x282521981227317000/Mar%205%20Screenshot%20from%20Vincent%20Krouwels.png', '//meta-q.cdn.bubble.io/f1742237373313x549933405321680900/Mar%205%20Screenshot%20from%20Vincent%20Krouwels%20%281%29.png', '//meta-q.cdn.bubble.io/f1742237381396x837904867839321200/Mar%205%20Screenshot%20from%20Vincent%20Krouwels%20%282%29.png']",,approved,,web,True,,['marketplace'],,1348695171700984260__LOOKUP__admin_user_meta_live,,,,1742389504447,1742475008572,,
Bytes & Spokes Talent Mobility Platform,http://www.bytesandspokes.com,Bytes & Spokes is an AI-powered Talent Mobility platform designed to help services organizations effectively manage their talent and find the best fit for their client project needs. ,True,//meta-q.cdn.bubble.io/f1742237108177x587163914271590300/Bubble%20Marketing%20Thumbnail.png,,"['//meta-q.cdn.bubble.io/f1742237159346x570117038520343800/Mar%205%20Screenshot%20from%20Bytes%20%26%20Spokes.png', '//meta-q.cdn.bubble.io/f1742237173781x324117063705652540/Mar%205%20Screenshot%20from%20Bytes%20%26%20Spokes%20%281%29.png', '//meta-q.cdn.bubble.io/f1742237185320x510992099996282940/Mar%205%202025%20Screenshot%20from%20Bytes%20%26%20Spokes.png', '//meta-q.cdn.bubble.io/f1742237195730x339015453247240450/Mar%205%202025%20Screenshot%20from%20Bytes%20%26%20Spokes%20%281%29.png']",,approved,,web,True,,"['ai', 'internal_tool', 'saas']",,1348695171700984260__LOOKUP__admin_user_meta_live,,,,1742389504450,1742389504450,,
The Flow | Tango Events,,TheFlow is an app that makes it easy to organize and join tango dance events—whether you're an organizer managing an event or a dancer looking to participate.,False,//meta-q.cdn.bubble.io/f1742236940759x673052444905235700/Home%20001%20from%20Eric%20Suclla.png,,"['//meta-q.cdn.bubble.io/f1742237016762x191141396396084640/Home%20from%20Eric%20Suclla%20%282%29.png', '//meta-q.cdn.bubble.io/f1742237026387x442904172301648000/Home%20from%20Eric%20Suclla%20%283%29.png', '//meta-q.cdn.bubble.io/f1742237051974x348818921600289500/Home%20004%20from%20Eric%20Suclla%20%281%29.png', '//meta-q.cdn.bubble.io/f1742237062471x835595984755552800/Dashboard%20from%20Eric%20Suclla%20%283%29.png', '//meta-q.cdn.bubble.io/f1742237070033x823549649397490600/Dashboard%20from%20Eric%20Suclla%20%284%29.png']",,approved,,web,True,,['community'],,1348695171700984260__LOOKUP__admin_user_meta_live,,,,1742389504452,1742389504452,,
MD Surg,,"MDSURG is an educational website for healthcare professionals, featuring an innovative and interactive system based on technology and experience.",False,//meta-q.cdn.bubble.io/f1742235309022x774432582657789200/Thumbnail%20from%20Eric%20Suclla%20%281%29.png,,"['//meta-q.cdn.bubble.io/f1742235362625x181289192627897900/About%20Eric%20Suclla.png', '//meta-q.cdn.bubble.io/f1742235368412x755253154404451200/About%20Eric%20Suclla%20%281%29.png', '//meta-q.cdn.bubble.io/f1742235375188x398499377100737500/About%20Eric%20Suclla%20%282%29.png', '//meta-q.cdn.bubble.io/f1742235384039x781872770598573600/Dashboard%20from%20Eric%20Suclla%20%282%29.png', '//meta-q.cdn.bubble.io/f1742235395240x668529862185090200/Subspeciality%20from%20Eric%20Suclla.png']",,approved,,web,True,,"['education', 'healthcare']",,1348695171700984260__LOOKUP__admin_user_meta_live,,,,1742389504455,1742389504455,,
Laboratoria +,https://laboratoriaplus.la/,A career development platform empowering women in Latin America for professional and personal growth,True,//meta-q.cdn.bubble.io/f1742235023200x967657595142989800/Thumbnail%20from%20Eric%20Suclla.png,,"['//meta-q.cdn.bubble.io/f1742235120341x953787434808451000/Home%20from%20Eric%20Suclla.png', '//meta-q.cdn.bubble.io/f1742235128223x425581871827447100/Home%20from%20Eric%20Suclla%20%281%29.png', '//meta-q.cdn.bubble.io/f1742235140530x435912826384466700/Home%20004%20from%20Eric%20Suclla.png', '//meta-q.cdn.bubble.io/f1742235147890x407120193525708740/Dashboard%20from%20Eric%20Suclla.png', '//meta-q.cdn.bubble.io/f1742235154696x171626382777869680/Dashboard%20from%20Eric%20Suclla%20%281%29.png']",,approved,,web,True,,"['education', 'community']",,1348695171700984260__LOOKUP__admin_user_meta_live,,,,1742389504458,1742389504458,,
Class2Class,https://platform.class2class.org/public/c2c,"Class2Class is an innovative platform built on Bubble that connects teachers worldwide, enabling them to collaborate on projects aligned with the United Nations Sustainable Development Goals. Through a seamless social networking experience, educators can connect, create projects, invite students, and communicate via an internal chat to enhance collaboration. This platform breaks classroom borders, allowing students to learn from different cultures, develop teamwork skills, and work on real-world challenges. By fostering global connections and meaningful learning experiences, Class2Class empowers teachers and students to make a lasting impact on education and sustainability.",True,//meta-q.cdn.bubble.io/f1742234796391x114790064851769460/Thumbnail%20from%20Eric%20S.png,,"['//meta-q.cdn.bubble.io/f1742234921391x434578995373948900/Home%20from%20Eric%20S.png', '//meta-q.cdn.bubble.io/f1742234928235x818217149071619700/Home%20001%20from%20Eric.png', '//meta-q.cdn.bubble.io/f1742234935475x905120256409364600/Dash%20from%20Eric.png', '//meta-q.cdn.bubble.io/f1742234943118x540577495768850300/Dash%20002%20from%20Eric.png', '//meta-q.cdn.bubble.io/f1742234953348x665032723650636400/Opt%20001%20from%20Eric.png']",,approved,,web,True,,"['education', 'community', 'social_network']",,1348695171700984260__LOOKUP__admin_user_meta_live,,,,1742389504461,1742389504461,,
TopBeat,,"Topbeat, a global online music school for young learners and aspiring musicians, offers a comprehensive platform built using Bubble with the following features:

Attendance Management: An integrated attendance calendar allows students and instructors to monitor attendance records.

Video Conferencing Integration: The platform integrates with video conferencing tools to facilitate real-time, one-on-one, demo, and group music lessons.

Interactive Musical Notation: A graphical user interface (GUI) displays visual representations of guitar notes and chords, enhancing the learning experience.

Teacher Onboarding: Instructors can create profiles, manage schedules, and access teaching resources. They can set up their availability calendar, create time slots, and manage their booking schedule.

Student Onboarding: Students can schedule calls with instructors based on available time slots.

Class Scheduling: A dedicated scheduling interface allows students to view available slots, book lessons, reschedule or cancel classes, and receive automated reminders for upcoming sessions.

Secure Payment Integration: The platform integrates secure payment gateways, enabling users to purchase credits and schedule sessions.

Data Analytics and Reporting: Data tracking mechanisms monitor user engagement and progress, generating regular reports for parents.

",False,//meta-q.cdn.bubble.io/f1742234689848x626115958583252400/Chakor%20Agency%20Image%2032%20%281%29.png,,"['//meta-q.cdn.bubble.io/f1742234739987x970240911054560500/Chakor%20Agency.png', '//meta-q.cdn.bubble.io/f1742391311069x541476875075094660/Chakor%20Agency%20%281%29.png', '//meta-q.cdn.bubble.io/f1742391319716x746795822674161500/Chakor%20Agency%20%282%29.png', '//meta-q.cdn.bubble.io/f1742391328792x553941778996450500/Chakor%20Agency%20%283%29.png', '//meta-q.cdn.bubble.io/f1742391336039x696347964015737100/Chakor%20Agency%20%284%29.png']",,approved,,web,True,,['education'],,1348695171700984260__LOOKUP__admin_user_meta_live,,,,1742389504463,1742391340568,,
Startup Beach,https://mystartupbeach.com,"Startup Beach makes it effortless to host, grow, and monetize startup events. Whether you're a first-time organizer or a seasoned host, our platform gives you the tools to amplify your event, drive meaningful connections, and unlock new sponsorship opportunities.",True,//meta-q.cdn.bubble.io/f1742234463657x225063952976207970/Startup%20Beach%20Gallery.png,,"['//meta-q.cdn.bubble.io/f1742234570943x887032372133394000/Startup%20Beach%20Details.png', '//meta-q.cdn.bubble.io/f1742234579316x381977381588429300/Startup%20Beach%20Discovery.png', '//meta-q.cdn.bubble.io/f1742234622056x307947875166741500/Startup%20Beach%20Landing.png', '//meta-q.cdn.bubble.io/f1742234637664x568538397666187970/Startup%20Beach%20Marketplace.png']",,approved,,web,True,,['community'],,1348695171700984260__LOOKUP__admin_user_meta_live,,,,1742389504468,1742389504468,,
Goodcourse,https://www.goodcourse.co,"Goodcourse is a TikTok-inspired B2B platform for corporate training, delivering 10x higher completion rates on topics like compliance and inclusion.

The challenge was to build an accessible, engaging learning tool for employees without computer access at work. Starting with a simple text-message-based app, the Goodcourse team needed a leap to a multimedia-rich, interactive experience.

Starting small with no experience on Bubble, the GoodCourse team was able to build their own first version of the application with a text messaging interface.

The new version meant designing a new client and admin-facing modules from the ground up, linked with an original core.

Bubble.io proved to be an ideal tool for the assignment — not just as the foundation of the original app, but for its ability to handle complex functionality to match the expectation of the modern user, familiar with Tiktok, Youtube and other social media platforms.

After launch, we fully handed over the module to the Goodcourse team, who took it even further. 

Following initial funding, GoodCourse was accepted to Y Combinator 2023 batch, growing from a founding duo to a 10+ member team, now serving educational institutions and businesses worldwide.",True,//meta-q.cdn.bubble.io/f1742234387027x526094447710387900/Frame%20from%20Konstantin%20Elovenko%20%286%29.png,,['//meta-q.cdn.bubble.io/f1742234425989x512893833098129860/Frame%20from%20Konstantin%20Elovenko%20%287%29.png'],,approved,,all_platforms,True,,['education'],,1348695171700984260__LOOKUP__admin_user_meta_live,,,,1742389504470,1742389504470,,
Metla,https://metla.com/,"Metla is a platform that brings together all the key tools for managing crypto assets: from search and transaction tracking to NFT and DeFi management.

The crypto market is growing, but with it come challenges — scattered data, cluttered interfaces, endless logins. We set out to change that by creating a convenient and secure space for traders and beginners alike.

We learned the technology from scratch and tackled the hurdles: turning chaotic data into a unified system, simplifying complex financial tools, and striking a balance between security and usability.

Bubble.io became the perfect foundation: fast development, flexibility, and cost-efficiency for a scalable solution. What makes Bubble particularly standout is its nearly limitless integration capabilities, which we leveraged extensively in this project. With over 50 integrations across various crypto platforms and services, we were able to experiment and select the most suitable options, tailoring the solution to our exact needs while maintaining speed and adaptability",True,//meta-q.cdn.bubble.io/f1742234159201x826691916767846400/Frame%20from%20Konstantin%20Elovenko.png,,"['//meta-q.cdn.bubble.io/f1742234225052x808779525599040400/Frame%20from%20Konstantin%20Elovenko%20%281%29.png', '//meta-q.cdn.bubble.io/f1742234236864x440561632274124350/Frame%20from%20Konstantin%20Elovenko%20%282%29.png', '//meta-q.cdn.bubble.io/f1742234244178x833349686467578900/Frame%20from%20Konstantin%20Elovenko%20%283%29.png', '//meta-q.cdn.bubble.io/f1742234251828x285986530959570180/Frame%20from%20Konstantin%20Elovenko%20%284%29.png', '//meta-q.cdn.bubble.io/f1742234333185x386072637317675970/Frame%20from%20Konstantin%20Elovenko%20%285%29.png']",,approved,,web,True,,"['finance', 'web3']",,1348695171700984260__LOOKUP__admin_user_meta_live,,,,1742389504473,1742389504473,,
SWANS,https://bookswans.com/,"SWANS is a mobile-first marketplace app that allows celebrities to discover and book top-tier makeup artists and hairstylists in the US. The Client's focus was on creating a secure and seamless experience for both sides.

This project was important to the client because it solved a real problem for high-profile individuals like celebrities making it easy and secure to find and book trusted beauty artists. By addressing the need for a streamlined hiring process with verified identities, the platform not only ensures safety but also provides artists with a professional space to showcase their services and connect with clients. It’s about building trust and convenience for both sides.

Main Features:

 # Client Features: 
A marketplace with advanced filters, the ability to place orders and receive applications or invite specific artists, identity verification (via Veriff), a payment gateway (Stripe), in-app/email/SMS notifications, order tracking, review system, and tipping options.

  # Artist Features: 
Tools to create and manage portfolios, set pricing and services, undergo an approval process, receive notifications and reminders, accept or cancel orders, apply to jobs, and add travel dates, receive payments.

 # Admin Panel: 
Controls for approving artists, managing services, monitoring orders, and communicating with users.
",True,//meta-q.cdn.bubble.io/f1742234074668x597389914696124300/iPhone%2015%20Pro%20Katerina%20Skumen.png,,"['//meta-q.cdn.bubble.io/f1742234106318x176231980144462500/Profile%20Katerina%20Skumen.png', '//meta-q.cdn.bubble.io/f1742391481360x806249093912875500/Order%20from%20Katerina%20Skumen.png', '//meta-q.cdn.bubble.io/f1742391492233x918654170589061600/Orders%20and%20Chat%20from%20Katerina%20Skumen.png', '//meta-q.cdn.bubble.io/f1742391499575x159493610924503100/Catalog%20from%20Katerina%20Skumen.png']",,approved,,mobile,True,,['marketplace'],,1348695171700984260__LOOKUP__admin_user_meta_live,,,,1742389504475,1742391847321,,
Trucking88,https://www.trucking88.com/,"Trucking88 is a transportation management system made to simplify the dispatching process. 

Trucking88 needed a solution to simplify dispatching for small and medium trucking businesses. 

Their goal? To make logistics and daily operations easier without overwhelming users.

Here’s the challenge they faced:

- Complex workflows like dispatching loads, mapping routes, and coordinating schedules.
- Tools that are not only functional but also easy to use for everyone, from managers to drivers, are needed.
- An industry that demands efficiency to maintain tight margins.

Trucking88 envisioned a no-code tool built on Bubble, allowing the quick creation of web and mobile apps. 

But to make it successful, we had to:

- Understand how trucking businesses truly operate.
- Identify what works, what doesn’t, and where tech could help without adding complications.

The real test was transforming this intricate world into a simple, user-friendly solution that delivered.

Main Features:
1. Order management: A comprehensive dashboard to create and manage orders with all the details concerning the orders such as their status, invoices, payments.
2. In-app messaging: Allows to ensure efficient communication between dispatchers and drivers. 
3. User management, client management, fleet management: Management of the relevant sections of the application.  
4. Financial section: Detailed analytics for income and expenses, accessible to both admins and some users of the app who have that permission. We also included a payroll management feature to simplify payroll processing.
5. Quickbook integration: Streamlines the finance process for the companies using the application.
6. Maintenance: Scheduling maintenance activities and seeing all the maintenance works done for the specific trucks/trailers. 
7. Admin Panel: Gives overview of the companies using the application. 
8. Mobile application for drivers: An easy to use mobile application for a quick and efficient work of the drivers. 

Key Takeaways: The complete solution for trucking industry where companies can start at a lower subscription and upgrade their subscription once their operations grow. 


",True,//meta-q.cdn.bubble.io/f1742233951583x267046906766428960/MacBook%2008%20from%20Katerina%20Skumen.png,,"['//meta-q.cdn.bubble.io/f1742233986566x833603736152209300/Mobile%20Katerina%20Skumen.png', '//meta-q.cdn.bubble.io/f1742233998837x466707520330592100/MacBook%20Air%202022%20Katerina%20Skumen.png', '//meta-q.cdn.bubble.io/f1742391615360x604761788312573000/Messages%20from%20Katerina%20Skumen.png', '//meta-q.cdn.bubble.io/f1742391626914x427616425444557600/MacBook%2014%20Katerina%20Skumen.png']",,approved,,all_platforms,True,,"['internal_tool', 'saas']",,1348695171700984260__LOOKUP__admin_user_meta_live,,,,1742389504482,1742391629875,,
BrandBay,,"BrandBay is a comprehensive brand asset management platform designed to streamline the organization, collaboration, and distribution of brand assets for designers, agencies, and companies. Built using Bubble, BrandBay offers the following features:

- Brand Asset Management: Store, organize, and host all brand assets, including colors, logos, videos, and files, in a centralized location.

- Brand Kit Generator: Create easily shareable and secure brand guidelines to maintain consistent branding across all materials.

- Multi-Brand Management: Manage multiple brands seamlessly, each within its own custom-designed, white-label workspace.

- Team and Client Collaboration: Facilitate collaboration with team members and clients through asset commenting, notes, and customizable permissions.

- White Label & Custom Domain: Customize the platform with your own branding, including custom domains, to provide an exclusive experience for clients.

- Asset Security: Protect sensitive information with password protection for individual assets, collections, or entire brand libraries, along with user-specific permissions.

- Browser Extension and Desktop App: Access brand assets quickly through BrandBay's browser extension and desktop application, enhancing workflow efficiency.",False,//meta-q.cdn.bubble.io/f1742233774239x481290150946263000/Chakor%20Agency%20Image%2032.png,,"['//meta-q.cdn.bubble.io/f1742233858360x298630868401469400/Screenshot%20from%20Chakor%20Agency.png', '//meta-q.cdn.bubble.io/f1742233867209x758141703294682200/Screenshot%20from%20Chakor%20Agency%20%281%29.png', '//meta-q.cdn.bubble.io/f1742233873440x276592434494958400/Screenshot%20from%20Chakor%20Agency%20%282%29.png', '//meta-q.cdn.bubble.io/f1742233879796x191630990947197380/Screenshot%20from%20Chakor%20Agency%20%283%29.png', '//meta-q.cdn.bubble.io/f1742391675743x805488778457206300/Chakor%20Agency%20Screenshot%205.png']",,approved,,web,True,,['saas'],,1348695171700984260__LOOKUP__admin_user_meta_live,,,,1742389504485,1742391678546,,
didweever,https://didweever.com,Didweever keeps track of all the details for you.,True,//meta-q.cdn.bubble.io/f1742233442931x183612103059866960/Thumbnail%20from%20Youssef%20Elkhayami.png,,"['//meta-q.cdn.bubble.io/f1742233495173x411682975215144960/Youssef%20Elkhayami%20%281%29.png', '//meta-q.cdn.bubble.io/f1742233507580x431027179280424100/Youssef%20Elkhayami%20%282%29.png', '//meta-q.cdn.bubble.io/f1742233514857x485126797578851300/Youssef%20Elkhayami.png']",,approved,,web,True,,"['productivity', 'ai', 'saas']",,1348695171700984260__LOOKUP__admin_user_meta_live,,,,1742389504492,1742389504492,,
RenovateNow,https://www.renovatenow.ae/,"A successful construction work marketplace providing access to transparent, reliable and trustworthy professionals for any construction or home renovation in the UAE. Post your project, compare professionals and book directly online via the platform for the best price guarantee.

Built by Tinkso.",True,//meta-q.cdn.bubble.io/f1742233257612x866076435594111100/Screenshot%20Mar%2010%202025%20from%20Vincent%20Krouwels.png,,"['//meta-q.cdn.bubble.io/f1742233173721x757767529160680000/Renovate%20Now%20Backup%20Professional%20Dashboard%20Mar%2012%202025.png', '//meta-q.cdn.bubble.io/f1742233187236x305990891743704800/Renovate%20Now%20Backup%20Test%20Project%20Creation%20Mar%2012%202025.png', '//meta-q.cdn.bubble.io/f1742233200230x509940917823523460/Renovate%20Now%20Company%20Profile%20Mar%2012%202025.png', '//meta-q.cdn.bubble.io/f1742391801681x389102782129617800/Renovate%20Now%20Project%20Details%20Mar%2012%202025.png', '//meta-q.cdn.bubble.io/f1742391811410x755211386940494600/Renovate%20Now%20Project%20Details%20Mar%2012%202025%20%281%29.png']",,approved,,web,True,,['marketplace'],,1348695171700984260__LOOKUP__admin_user_meta_live,,,,1742389504498,1742474967641,,
Yonder,https://liveyonder.co,A marketplace for building a second home. ,True,//meta-q.cdn.bubble.io/f1742230167328x486937158043497800/Yonder%20Preview%20from%20Mike%20Wiendels.png,,"['//meta-q.cdn.bubble.io/f1742230227110x999779635389836000/Yonder%20Screenshot%20from%20Mike%20Wiendels.png', '//meta-q.cdn.bubble.io/f1742230235030x226598390936208800/Yonder%20Screenshot%20from%20Mike%20Wiendels%20%281%29.png', '//meta-q.cdn.bubble.io/f1742230242258x659432013047877200/Yonder%20Screenshot%20Three%20from%20Mike%20Wiendels.png']",,approved,,web,True,,['marketplace'],,1348695171700984260__LOOKUP__admin_user_meta_live,,,,1742389504501,1742474936792,,
Tesseract Nexus,https://tesseract.nexus/,"Tesseract Nexus offers easy to use, powerful and common AI needs and education for developing best in-class Agents, Automations and Full-Stack Solutions. ",True,//meta-q.cdn.bubble.io/f1742228970045x807332942447125000/Bubble%20App%20Showcase%20Thumbnail.png,,"['//meta-q.cdn.bubble.io/f1742229120407x414998546851787140/Bubble%20App%20Showcase%20Slide%201.png', '//meta-q.cdn.bubble.io/f1742229135091x480830160455613760/bubble-app-showcase-thumbnail-800-600-slide-2%20-%20Vadim%20Vozmitsel.png', '//meta-q.cdn.bubble.io/f1742229235564x170808765248801500/Bubble%20App%20Showcase%20Thumbnail%20%281%29.png', '//meta-q.cdn.bubble.io/f1742229242293x459459331793108160/Bubble%20App%20Showcase%20Slide%204.png']",,approved,,web,True,,"['ai', 'education']",,1348695171700984260__LOOKUP__admin_user_meta_live,,,,1742389504503,1742389504503,,
NoCodeFusion,https://nocodefusion.com/,"The AI Copilot extension for Bubble.io. Generate your first draft of your Bubble app in 10 minutes, then use our AI-powered Chrome extension to continue building your app with AI.",True,//meta-q.cdn.bubble.io/f1742412049474x508796244927498600/Screenshot%202025-03-19%20at%203.20.45%E2%80%AFPM.png,,,,approved,,web,True,,['ai'],,1348695171700984260__LOOKUP__1593058359166x180180465868606800,,,,1742412096823,1742418957008,,
DashLabs,https://www.dashlabs.ai/,"DashLabs is the go-to place for VCs to kickstart CRM reporting. VC Platform and Operation teams use it to go from lack of reporting ideas to investor-ready dashboards in minutes. DashLabs offers the largest CRM reporting library with more than a century of reporting best practices leading VCs trust to successfully run and improve their operations. Sign up and solve your teams CRM reporting for Dealflow, LP-Tracking, Portfolio Support, Relationship Management and many more… ",True,//meta-q.cdn.bubble.io/f1742413365517x806040856393425200/Screenshot%202025-02-10%20at%201.15.47%E2%80%AFPM.png,,"['//meta-q.cdn.bubble.io/f1742413376722x706418032992533800/Screenshot%202025-02-10%20at%201.13.14%E2%80%AFPM.png', '//meta-q.cdn.bubble.io/f1742413393766x821868593341612500/Screenshot%202025-02-06%20at%204.21.22%E2%80%AFPM.png', '//meta-q.cdn.bubble.io/f1742413400895x186788350057015780/Screenshot%202025-02-06%20at%204.24.05%E2%80%AFPM.png']",,approved,,web,True,,['productivity'],,1348695171700984260__LOOKUP__1634870171629x201722575661003500,,,,1742413417374,1742419138207,,
Kicky,https://app.kicky.com/,"Kicky is an all-in-one solution for independent artists running their own business. Kicky's suite of business tools give artists power like:

* A custom e-commerce and marketing website on their own domain.
* Inventory management tools
* Profit margin tools and financial analytics
* Email and social media marketing

All supported by Kicky's in-house artist advisors, who are experts at helping you succeed in your art business.",True,//meta-q.cdn.bubble.io/f1742419008401x825429740232406300/kicky%20logged-out.png,,"['//meta-q.cdn.bubble.io/f1742419361938x778443005047379800/Untitled%203.png', '//meta-q.cdn.bubble.io/f1742419370622x955661611534054100/Untitled%205.png', '//meta-q.cdn.bubble.io/f1742419376011x263732855831498400/Untitled%204.png', '//meta-q.cdn.bubble.io/f1742419381569x364678656951522560/tasks.png']",,approved,,web,True,,['marketplace'],,1348695171700984260__LOOKUP__1655354971946x212759240141091400,,,,1742419390562,1742497119162,,
Codeless Love,https://codeless.love,"Codeless Love is a community of Bubble developers and enthusiasts who volunteer their time for the good of the entire community. 

This website brings together all of the Codeless Love initiatives such as:
 * Community-maintained open-source Bubble plugins
 * The popular Bubble Editor Powerup browser extension
 * The Best Practices Project
 * Bubble Retreat
 * Codeless Love Slack",True,//meta-q.cdn.bubble.io/f1742420171764x894450473004427100/Untitled%202.png,,"['//meta-q.cdn.bubble.io/f1742420181156x148873159323613220/Untitled%203.png', '//meta-q.cdn.bubble.io/f1742420188997x181068255015036200/Untitled%204.png', '//meta-q.cdn.bubble.io/f1742420194498x953269067642390600/5.png']",,approved,,web,True,,['community'],,1348695171700984260__LOOKUP__1711029653464x413419669352247360,,,,1742420203184,1742491054730,,
Add On IDX,https://www.addonidx.com/,Easily add IDX to any website. Integrate MLS Listings onto your favorite website platforms with Add On IDX.,True,//meta-q.cdn.bubble.io/f1742423419008x416513460177499800/CleanShot%202025-03-19%20at%2016.30.07%402x.png,,['//meta-q.cdn.bubble.io/f1742423445651x730320934796489300/add-on-idx-dashboard-tn2.png'],,approved,,web,True,,['saas'],,1348695171700984260__LOOKUP__1551122397269x279950687487211500,,,,1742423475359,1742501604603,,
realnice`,https://getrealnice.com/,The simplest way to get a free-forever personal website on yourname [dot] com.,True,//meta-q.cdn.bubble.io/f1742427345745x148307129727025540/realnice_homepage.png,,,,approved,,web,True,,['productivity'],,1348695171700984260__LOOKUP__1640722991276x434365427479245700,,,,1742427353767,1742497563534,,
Vela Travel,https://vela.travel/,"Vela uses AI to redefine how travelers research and explore the world. Discover personalized recommendations for destinations, restaurants, and activities—tailored to you.",True,//meta-q.cdn.bubble.io/f1742436356022x368162628713015100/Layout05%20copy.png,,"['//meta-q.cdn.bubble.io/f1742436459708x423623655199697000/Layout04.png', '//meta-q.cdn.bubble.io/f1742436463522x310832763956505150/Layout06.png', '//meta-q.cdn.bubble.io/f1742436471408x169766684876037950/Screenshot%202025-03-19%20at%2010.07.24%20PM.png']",,approved,,all_platforms,True,,['portal'],,1348695171700984260__LOOKUP__1534189753145x580479088705033100,,,,1742436499632,1742497629613,,
Tweetfinder,https://tweetfinder.io/,"Twitter Advanced Search in your Sidebar
Save your Time 10x - Find Tweets that Matter to your Business",True,//meta-q.cdn.bubble.io/f1742441571755x697454209002026400/screenshot%201%20tf.png,,"['//meta-q.cdn.bubble.io/f1742441595401x997712118967332000/screenshot%202%20tf.png', '//meta-q.cdn.bubble.io/f1742441599830x362062202940669250/screenshot%203%20tf.png']",,approved,,web,True,,['productivity'],,1348695171700984260__LOOKUP__1639986660399x319235792748696200,,,,1742441614592,1742504100568,,
qAppt.co - Booking software for small business ,https://qappt.co/,"Qappt.co: Streamline your appointments and manage bookings effortlessly with Qappt. Designed for businesses of all sizes, Qappt offers user-friendly scheduling solutions, robust tools, and seamless integrations to enhance your productivity and customer experience.",True,//meta-q.cdn.bubble.io/f1742463156075x158812936953481400/qappt.co_preview.png,,"['//meta-q.cdn.bubble.io/f1742463167641x378381622966426500/2.png', '//meta-q.cdn.bubble.io/f1742463172762x298702464708054700/12.png', '//meta-q.cdn.bubble.io/f1742463175903x295300276652807900/122.png']",,approved,,web,True,,"['internal_tool', 'saas']",,1348695171700984260__LOOKUP__1525682873806x763134988024830800,,,,1742463183038,1742506433718,,
EazyCode.com ,https://eazycode.com/,EazyCode | Trusted NoCode Development Agency ,True,//meta-q.cdn.bubble.io/f1742463357261x255571010377018120/Screenshot%202025-03-20%20at%2011.35.50.png,,,,approved,,web,True,,['agency'],,1348695171700984260__LOOKUP__1525682873806x763134988024830800,,,,1742463380228,1742507009856,,
Woézo,https://woezo.fr/,"Woézo is an innovative HR SaaS platform designed for SMEs to enhance employee experience through seamless onboarding, centralized internal communication (news, intranet, events), and active employee listening (integrated surveys, feedback, and insights). Simplify integration, inform effectively, and foster engagement from day one.",True,//meta-q.cdn.bubble.io/f1742465646253x928669966012774000/woezo-home.png,,"['//meta-q.cdn.bubble.io/f1742466727806x570543297559977800/woezo-0.png', '//meta-q.cdn.bubble.io/f1742466733892x647544913392138500/Woezo-2.png', '//meta-q.cdn.bubble.io/f1742466740188x618882257251145600/woezo-3.png', '//meta-q.cdn.bubble.io/f1742466746216x995022007811121200/woezo-4.png', '//meta-q.cdn.bubble.io/f1742466759456x307667399173213060/woezo-5.png', '//meta-q.cdn.bubble.io/f1742466767158x929563340448416300/woezo-6.png']",,approved,,web,True,,"['internal_tool', 'saas']",,1348695171700984260__LOOKUP__1725279119976x146883234304278980,,,,1742466823602,1742506858911,,
Planit Event,https://www.planit-event.com/,"Planit is an all-in-one event management platform that streamlines every aspect of event planning. It enables you to send invitations, track attendance, create invitation groups, and design custom agendas for a personalized experience. Additionally, Planit helps manage transportation, accommodation, and dietary preferences for each guest while keeping track of tasks to ensure seamless event execution.",False,//meta-q.cdn.bubble.io/f1742467974082x180732293757081000/Capture%20d%E2%80%99e%CC%81cran%202024-04-18%20a%CC%80%2009.53.30.png,,"['//meta-q.cdn.bubble.io/f1742468789924x902878554244599200/CleanShot%202025-03-20%20at%2012.06.01.png', '//meta-q.cdn.bubble.io/f1742468798628x263892040062733380/CleanShot%202025-03-20%20at%2012.00.51%402x.png', '//meta-q.cdn.bubble.io/f1742468804922x858934373768136600/CleanShot%202025-03-20%20at%2011.57.18.png', '//meta-q.cdn.bubble.io/f1742468809972x520776224701305660/CleanShot%202025-03-20%20at%2012.00.51%402x.png', '//meta-q.cdn.bubble.io/f1742468872831x505623651540016300/Capture%20d%E2%80%99e%CC%81cran%202024-04-16%20a%CC%80%2015.58.14.png']",,approved,,web,True,,['e_commerce'],,1348695171700984260__LOOKUP__1674468021655x678197862843588500,,,,1742468915293,1742500208507,,
Mastory - AI Kids Story generator,https://ma-belle-histoire.bubbleapps.io/version-test,"Mastory is a fun AI-powered kids' story generator that lets parents and children create fully custom stories. Users can choose characters, names, locations, and the characters they’ll meet along the way. It's available for both desktop and mobile use. The platform was live for three months, but I’ve since abandoned the project. You can still have a look at it!",True,//meta-q.cdn.bubble.io/f1742470899628x974146720092661900/CleanShot%202025-03-20%20at%2012.34.19.png,,"['//meta-q.cdn.bubble.io/f1742471111849x876385768987046700/CleanShot%202025-03-20%20at%2012.34.36.png', '//meta-q.cdn.bubble.io/f1742471123024x277991131582573150/CleanShot%202025-03-20%20at%2012.35.03.png', '//meta-q.cdn.bubble.io/f1742471127521x586080850115997700/CleanShot%202025-03-20%20at%2012.35.55.png', '//meta-q.cdn.bubble.io/f1742471132507x136899131795740860/CleanShot%202025-03-20%20at%2012.36.34%402x.png', '//meta-q.cdn.bubble.io/f1742471141424x561567465656194900/CleanShot%202025-03-20%20at%2012.36.43.png', '//meta-q.cdn.bubble.io/f1742471148426x869832328665394400/CleanShot%202025-03-20%20at%2012.36.54.png']",,approved,,web,True,,"['ai', 'education']",,1348695171700984260__LOOKUP__1674468021655x678197862843588500,,,,1742471160105,1742507083386,,
Aicado,https://aicado.ai/,"Aicado provides embeddable AI tools with a no-code approach, simplifying AI integration. With nearly 20 AI models, including text-to-image generation and speech processing, our platform supports diverse applications. Our flagship product, Super Agent, combines chatbot capabilities with features like code interpretation, web search, image processing, and audio conversion, allowing quick and effortless integration into your applications.",True,//meta-q.cdn.bubble.io/f1742472167305x343987138376644400/aicado.png,,"['//meta-q.cdn.bubble.io/f1742475220595x331476050865751940/Aicado1.png', '//meta-q.cdn.bubble.io/f1742475226610x645900010043052000/Aicado2.png', '//meta-q.cdn.bubble.io/f1742475233233x210903619150976770/Aicado3.png', '//meta-q.cdn.bubble.io/f1742475238422x505734821449982140/Aicado4.png', '//meta-q.cdn.bubble.io/f1742475246049x945478643903917300/Aicado5.png', '//meta-q.cdn.bubble.io/f1742475255877x710514789211103000/Aicado6.png']",,approved,,web,True,,['ai'],,1348695171700984260__LOOKUP__1570353514439x731657414613105000,,,,1742475274811,1742504627841,,
Kodsuz,https://kod-suz.com/,"Kod-suz is an innovative team specializing in no-code technologies. Founded in 2019, we aim to make a difference in the digital world with the speed and freedom of no-code. While providing tailored no-code solutions across various industries, we also contribute to the sector with our own projects. Our experienced team creates unique, high-quality projects to ensure sustainable success for our clients. Through collaboration and constant communication, we deliver top-tier no-code solutions.",True,//meta-q.cdn.bubble.io/f1742477058874x273286601019850020/kodsuz.png,,"['//meta-q.cdn.bubble.io/f1742477664834x809568100669980800/Kodsuz1.png', '//meta-q.cdn.bubble.io/f1742477672362x831408892026018000/Ekran%20Resmi%202025-03-20%2016.34.12.png', '//meta-q.cdn.bubble.io/f1742477684783x321066283027647600/Kodsuz2.png', '//meta-q.cdn.bubble.io/f1742477692361x452170909631335300/Kodsuz3.png', '//meta-q.cdn.bubble.io/f1742477699381x319859465284189500/Kodsuz4.png']",,approved,,web,True,,['agency'],,1348695171700984260__LOOKUP__1570353514439x731657414613105000,,,,1742477816957,1742507138933,,
TallyCal,https://tallycal.com/,"Scheduling group meetings is a hassle—TallyCal makes it effortless! Quickly send a poll, find the best time, and lock it in—ad-free and hassle-free!",True,//meta-q.cdn.bubble.io/f1742479297112x714009995155040000/tallycal_bubble_1.jpg,,"['//meta-q.cdn.bubble.io/f1742479468289x119832099214547410/tallycal_bubble.jpg', '//meta-q.cdn.bubble.io/f1742479702689x191199049254308960/tallycal_bubble_3.jpg', '//meta-q.cdn.bubble.io/f1742479707099x145456030383388060/tallycal_bubble_4.jpg']",,approved,,web,True,,['productivity'],,1348695171700984260__LOOKUP__1462930038361x617523462977260300,,,,1742479716727,1742506911163,,
ChurchSpace,https://www.bookchurchspace.com/,"ChurchSpace bridges the gap between underutilized church facilities and community needs, facilitating venue rentals through features like advanced search functionality, online booking and payment systems, and custom dashboards for both church administrators and space seekers. Additionally, there is also a churchspace application that provides churches with features such as sermon streaming, online giving, and church messaging.",True,//meta-q.cdn.bubble.io/f1742488242862x330050672654530940/richtext_content%20%282%29.png,,"['//meta-q.cdn.bubble.io/f1742488257075x837026064870452600/richtext_content.png', '//meta-q.cdn.bubble.io/f1742488267594x931025167508929800/www.bookchurchspace.com_version-test%28iPhone%2014%20Pro%20Max%29%20%281%29.png', '//meta-q.cdn.bubble.io/f1742488279050x272047700775672740/www.bookchurchspace.com_version-test_rd_dashboard%28iPhone%2014%20Pro%20Max%29%20%281%29.png']",,approved,,all_platforms,True,,['marketplace'],,1348695171700984260__LOOKUP__1604634467981x982578472975550500,,,,1742488292261,1742505075495,,
Grantify,https://www.grantify.io/,"Grantify streamlines the grant application process by connecting grant seekers with relevant funding opportunities and providing tools to manage the entire grant lifecycle. It aggregates grant listings from various sources, allowing users to filter and search based on specific criteria. The application further assists with application preparation through features like document storage, collaborative editing, and progress tracking, aiming to increase the success rate of grant applications. ",True,//meta-q.cdn.bubble.io/f1742492695473x709509733804328200/66bf8464488cf1c3e22884d9_66bf8450fde6f2092747d804_002.png,,"['//meta-q.cdn.bubble.io/f1742492713283x410436533884293000/66bf86b1495cd8d160ab97c7_006.png', '//meta-q.cdn.bubble.io/f1742492719493x236147755451479700/Screenshot%202025-03-17%20182803.png', '//meta-q.cdn.bubble.io/f1742492723915x863156733361044000/Screenshot%202025-03-17%20182757.png', '//meta-q.cdn.bubble.io/f1742492728211x978948998726613400/Screenshot%202025-03-17%20182746.png']",,approved,,web,True,,['finance'],,1348695171700984260__LOOKUP__1604634467981x982578472975550500,,,,1742492926190,1742504775254,,
Praction,https://praction.co/,"Praction.co is a platform designed to simplify and enhance the management of professional practices, primarily for healthcare providers and other service-based businesses. It offers a suite of tools for appointment scheduling, patient or client management, billing and invoicing, and communication. This centralized system aims to streamline administrative tasks, improve workflow efficiency, and enhance the overall client experience.",True,//meta-q.cdn.bubble.io/f1742493025912x775280667413045600/sale%20-%202025-03-17T180755.460.png,,"['//meta-q.cdn.bubble.io/f1742493032299x410905551035483100/Screenshot%202025-03-17%20181702.png', '//meta-q.cdn.bubble.io/f1742493061142x165897792294912960/Screenshot%202025-03-17%20181712.png', '//meta-q.cdn.bubble.io/f1742493067080x581268906095558300/Screenshot%202025-03-17%20181735.png']",,approved,,web,True,,['internal_tool'],,1348695171700984260__LOOKUP__1604634467981x982578472975550500,,,,1742493216263,1742505296838,,
No Code MBA,https://app.nocode.mba/,An online learning platform teaching how to build with no-code and AI tools like Bubble.,True,//meta-q.cdn.bubble.io/f1742569042517x303262685902729200/Screenshot%202025-03-21%20at%2010.53.05%E2%80%AFAM.png,,"['//meta-q.cdn.bubble.io/f1742569078030x154410729364911520/Screenshot%202025-03-21%20at%2010.57.40%E2%80%AFAM.png', '//meta-q.cdn.bubble.io/f1742569081472x285272140407852640/Screenshot%202025-03-21%20at%2010.52.37%E2%80%AFAM.png']",,approved,,web,True,,"['ai', 'education']",,1348695171700984260__LOOKUP__1610383896007x940045183419387000,,,,1742569106479,1742930086356,,
BlogFox,https://blogfox.ai/,An AI blog writer that converts content like Youtube videos to blog posts.,True,//meta-q.cdn.bubble.io/f1742569328815x536459786816354300/Screenshot%202025-03-21%20at%2010.59.08%E2%80%AFAM.png,,"['//meta-q.cdn.bubble.io/f1742569335996x331327267435025150/Screenshot%202025-03-21%20at%2010.59.18%E2%80%AFAM.png', '//meta-q.cdn.bubble.io/f1742569342979x217682893285310980/Screenshot%202025-03-21%20at%2011.01.10%E2%80%AFAM.png']",,approved,,web,True,,"['ai', 'saas']",,1348695171700984260__LOOKUP__1610383896007x940045183419387000,,,,1742569365372,1742930148821,,
ConferenceTap,https://app.conferencetap.com/,Event app platform for in-person and virtual events,True,//meta-q.cdn.bubble.io/f1742571594314x607938599919333900/Screenshot%202025-03-21%20at%2011.37.17%E2%80%AFAM.png,,"['//meta-q.cdn.bubble.io/f1742571603991x627149708453157200/Screenshot%202025-03-21%20at%2011.39.03%E2%80%AFAM.png', '//meta-q.cdn.bubble.io/f1742571606655x542112315758614500/Screenshot%202025-03-21%20at%2011.39.29%E2%80%AFAM.png']",,approved,,web,True,,"['community', 'social_network']",,1348695171700984260__LOOKUP__1610383896007x940045183419387000,,,,1742571645078,1742930302356,,
Kowl,https://kowl.bubbleapps.io,"Kowl is a native mobile application designed for artists to help them bypass traditional music labels. The app aids artists in developing strategies to promote their image and new releases, such as albums or singles. Additionally, it allows them to track their social media statistics, helping them grow their presence. By leveraging artificial intelligence, Kowl offers tailored promotion strategies and insights, optimizing the promotion process for smaller artists who might not receive adequate s",True,//meta-q.cdn.bubble.io/f1742571783047x775702359903322000/Capture%20d%E2%80%99e%CC%81cran%202025-03-21%20a%CC%80%2016.42.55.png,,['//meta-q.cdn.bubble.io/f1742571823329x548376784161223040/Capture%20d%E2%80%99e%CC%81cran%202025-03-21%20a%CC%80%2016.43.33.png'],,approved,,mobile,True,,['community'],,1348695171700984260__LOOKUP__1719655941762x137157820044705660,,,,1742571829027,1743449835384,,
Archi-Tek,archi-tek.com,"Architek is a web and native application designed to connect building professionals with each other. Architects can showcase their projects on the platform, making it easier for engineering firms and project managers to find and collaborate with them. The application serves as a networking and portfolio platform for building industry professionals.
",True,//meta-q.cdn.bubble.io/f1742572044639x885417412217082800/Archi-tek.png,,['//meta-q.cdn.bubble.io/f1742572133816x606239139329576300/Capture%20d%E2%80%99e%CC%81cran%202025-03-21%20a%CC%80%2016.48.45.png'],,approved,,web,True,,['marketplace'],,1348695171700984260__LOOKUP__1719655941762x137157820044705660,,,,1742572137576,1743450503346,,
CheckinBee,https://app.checkinbee.com/,"CheckinBee will check in with your loved one each and every day via text message (or more frequently if you wish). If a check-in is missed, their designated care circle will be automatically notified to check on them.",False,//meta-q.cdn.bubble.io/f1742588332741x651884890773634800/Screenshot%202025-03-21%20at%203.18.48%E2%80%AFPM.png,,,,approved,,web,True,,['community'],,1348695171700984260__LOOKUP__1488146193674x822618548059836000,,,,1742588348759,1743530294003,,
Ringly.io,https://app.ringly.io/sign-up-auth,"Ringly.io is a platform that lets you create AI phone agents. 

These AI voice agents talk to your customers so you don't have to. 

Use it to automate customer service, call customers when an item is back is stock, qualify leads, or really just anything you can imagine.",True,//meta-q.cdn.bubble.io/f1742592410660x947767213062964400/1.png,,"['//meta-q.cdn.bubble.io/f1742592495213x891716412045065100/2.png', '//meta-q.cdn.bubble.io/f1742592500003x322575345830744100/3.png', '//meta-q.cdn.bubble.io/f1742592502923x906177359456730900/Untitled%20design.png']",,approved,,web,True,,"['ai', 'saas']",,1348695171700984260__LOOKUP__1706707639749x573868004420804860,,,,1742592687790,1743532071767,,
HigherEdPods,https://higheredpods.com/,"HigherEdPods is higher education's podcaster community. For listeners, it's a fantastic directory of podcasts from universities and colleges. For higher education podcasters, it's your community to share and learn from other podcasters like you.",True,//meta-q.cdn.bubble.io/f1742592998303x860331715232000000/Desktop%20and%20mobile%20-%20HigherEdPods%20%28800%20x%20600%20px%29.png,,"['//meta-q.cdn.bubble.io/f1742594031863x196139677302113120/Podcast%20-%20HigherEdPods%20%28800%20x%20600%20px%29.png', '//meta-q.cdn.bubble.io/f1742594035873x729687697670270600/Profile%20-%20HigherEdPods%20%28800%20x%20600%20px%29.png', '//meta-q.cdn.bubble.io/f1742594041109x869842672854639600/Humanities%20-%20HigherEdPods%20%28800%20x%20600%20px%29.png']",,approved,,web,True,,"['community', 'education']",,1348695171700984260__LOOKUP__1703784792895x980852014552746600,,,,1742594053197,1744039181398,,
TradeUp Exchange,https://tradeup.exchange/,"Pokémon card trading, simplified.

Join 15,000+ successful trades in a community built just for card lovers. No Middleman. 90% of our trades are complete in 4 days or less!

No Base Fees: Every transaction is fee-free—keep 100% of your profit
No Middleman: Our escrow system is 100% scam-free, ensuring total satisfaction for both parties
Fast Turnaround: 90% of trades finalize in 4 days, so you can expand your collection faster
Thriving Community: Connect with thousands of Pokémon fans looking",True,//meta-q.cdn.bubble.io/f1742602975077x963474309311469700/banner-bubble.png,,"['//meta-q.cdn.bubble.io/f1742602753175x631058017519414900/bubble1.png', '//meta-q.cdn.bubble.io/f1742602755688x528019266467940160/bubble2.png', '//meta-q.cdn.bubble.io/f1742602792350x360150954431630800/bubble6.png', '//meta-q.cdn.bubble.io/f1742602804573x117186090094736350/bubble3.png', '//meta-q.cdn.bubble.io/f1742602807662x218833468811991070/bubble4.png', '//meta-q.cdn.bubble.io/f1742602810085x478333224128715700/bubble5.png']",,approved,,web,True,,"['community', 'e_commerce']",,1348695171700984260__LOOKUP__1621401864399x745677600310325400,,,,1742602991164,1744039230018,,
Milestones,https://milestones.so/,"Milestones helps you grow your business. The platform features in-depth video/written case studies with founders about their business, a database of insights to drill down on every experts' answers to topics like getting first users, increasing revenue, marketing, growth, retention, and more, tools to automatically apply knowledge to your own unique business and industry, and lots more on the way.",True,//meta-q.cdn.bubble.io/f1742604496198x823746424789637500/464_1x_shots_so.png,,"['//meta-q.cdn.bubble.io/f1742604509047x152098026926289920/34_1x_shots_so.png', '//meta-q.cdn.bubble.io/f1742604514977x536756307460465800/47_1x_shots_so.png', '//meta-q.cdn.bubble.io/f1742604520587x561415339074798900/142_1x_shots_so.png', '//meta-q.cdn.bubble.io/f1742604525734x945917936481213800/839_1x_shots_so.png']",,approved,,web,True,,['saas'],,1348695171700984260__LOOKUP__1516970078789x293411498423665800,,,,1742604533257,1744039266917,,
Prograds,https://prograds.com/,"Prograds is the first and only web application for graduate student progress. Grad students, faculty, and program administrators update information about each student’s status and progress. All the information about a student’s milestones and requirements, funding, courses, thesis work, and other events is all in one place. Users can share files, send messages, and set email reminders to keep students on track. 
Prograds is in use at U of Toronto, UMass-Amherst, Texas A&M, UBC, and more.",True,//meta-q.cdn.bubble.io/f1742669581167x325006051495183360/2025-03-22%2011_52_09-Prograds%20Landing%20Page%20Prograds.com.jpg,,"['//meta-q.cdn.bubble.io/f1742669654251x649718426615153000/2025-02-28%2016_29_24-Prograds%20-%20Opera.jpg', '//meta-q.cdn.bubble.io/f1742669663166x885830663202083800/2025-02-28%2015_20_33-.jpg', '//meta-q.cdn.bubble.io/f1742669670850x216811003270308770/2025-02-28%2015_20_02-.jpg', '//meta-q.cdn.bubble.io/f1742669680111x655291008080541800/2025-02-28%2015_11_46-.jpg']",,approved,,web,True,,"['education', 'productivity']",,1348695171700984260__LOOKUP__1591074429344x619156774656781700,,,,1742669735306,1753802006964,,
Orgoniser,https://orgoniser.com/,"Orgoniser allows you to curate, track and manage your media consumption, from books to series, movies or music; and to discover, share and discuss with your friends.
It is a fully responsive webapp, supporting mobiles, tablets and PCs, and is enabled to be installed as an app for easy access and push notifications.
Orgoniser is connected to major internet databases to easily populate your collection and to check availability in streaming platforms, supporting all major regions and languages.",True,//meta-q.cdn.bubble.io/f1742732625697x321532578243683960/orgoniser1.png,,"['//meta-q.cdn.bubble.io/f1742732668547x648042802609829500/orgoniser2.png', '//meta-q.cdn.bubble.io/f1742732673184x566660547833697000/orgoniser3.png', '//meta-q.cdn.bubble.io/f1742732677661x571877013430376600/orgoniser4.png', '//meta-q.cdn.bubble.io/f1742732682092x508288715451743440/orgoniser5.png', '//meta-q.cdn.bubble.io/f1742732687661x501151188027895600/orgoniser6.png', '//meta-q.cdn.bubble.io/f1742732692764x119583104064305170/orgoniser7.png']",,approved,,web,True,,['productivity'],,1348695171700984260__LOOKUP__1717060979301x242084108010166800,,,,1742732799464,1744039381484,,
What2Watch,https://what2watchapp.bubbleapps.io,"Rediscover Entertainment: Your TV Guide, Revamped and Reimagined!

Discover, Share, and Never Miss a Moment of Entertainment with What2Watch! Streamline your movie and TV show searches across all your favorite streaming services effortlessly. Find the perfect watch, whether it's the latest blockbusters or hidden gems. Connect with friends, share your viewing experiences, and make watching even more enjoyable. Start exploring the world of limitless entertainment at What2Watch today!",False,//meta-q.cdn.bubble.io/f1742832016954x517440008070364900/What2Watch%201%20%282%29.png,,"['//meta-q.cdn.bubble.io/f1742832045254x596415532188087700/What2Watch%202%20%281%29.png', '//meta-q.cdn.bubble.io/f1742832057187x403496571835238600/What2Watch%203%20%281%29.png']",,approved,,web,True,,"['marketplace', 'portal']",,1348695171700984260__LOOKUP__1598313029232x535264352840145540,,,,1742832060971,1744039431975,,
Balo,https://balo.expert/,"Balo is a marketplace connecting enterprise software users with expert consultants, initially starting with Salesforce specialists. It offers real-time consultations and scheduled sessions, ensuring seamless collaboration between clients and verified experts. Integrations with Stripe enable secure payments, Cronofy handles scheduling, Brevo for emails, and Daily.co supports video calls. Designed for efficiency, Balo simplifies expert access, streamlining problem-solving for businesses",True,//meta-q.cdn.bubble.io/f1742925054694x796214811469060400/Image%20Resizer%20Screenshot.png,,"['//meta-q.cdn.bubble.io/f1742925325016x461666101929587300/Client_s%20cases.png', '//meta-q.cdn.bubble.io/f1742925330201x750532722889251700/Expert%20profile.png', '//meta-q.cdn.bubble.io/f1742925334262x464653908743031940/Expert%20search.png', '//meta-q.cdn.bubble.io/f1742925338414x638365181784325500/Landing%20page.png', '//meta-q.cdn.bubble.io/f1742925348893x124675548744706660/Expert%20settings.png']",,approved,,web,True,,['saas'],,1348695171700984260__LOOKUP__1582849635701x428209155506861900,,,,1742925449115,1744039551859,,
TattooGigs,https://tattoogigs.com/,"TattooGigs was built to revolutionize hiring in the tattoo industry—and it did so at an unprecedented speed. In just a few months, the platform went from an idea to the largest global marketplace connecting tattoo artists and shops.

Through rapid prototyping, and agile development, TattooGigs was launched in record time. A strong focus on performance optimization and user experience ensured instant adoption and explosive growth.",True,//meta-q.cdn.bubble.io/f1742925546548x723400519725077200/Landing%20Page%20800x600.png,,"['//meta-q.cdn.bubble.io/f1742925569967x468059030148130900/Portfolio%20management.png', '//meta-q.cdn.bubble.io/f1742925574661x347564414218132400/Artist%20profile.png', '//meta-q.cdn.bubble.io/f1742925579067x354004396476905100/Artist%20search.png', '//meta-q.cdn.bubble.io/f1742925582750x961723254693057900/Job%20search.png', '//meta-q.cdn.bubble.io/f1742925586589x940875010702660500/Landing%20page.png']",,approved,,web,True,,"['community', 'marketplace']",,1348695171700984260__LOOKUP__1582849635701x428209155506861900,,,,1742925591598,1744042430220,,
Football Edge,https://footballedge.net/signup_login_1,"This app is built to help people improve their Football skills!

It has:

Feed/Community features
60+ Exercises with videos and instructions by Certified Coaches
Goals
Time Tracking
Streaks
Education/Learning modules
Settings Pages

and more...
",True,//meta-q.cdn.bubble.io/f1743052433002x505830170201480700/ChatGPT%20Image%20Mar%2027%2C%202025%2C%2004_13_32%20PM.png,,"['//meta-q.cdn.bubble.io/f1743052237220x381184903644484300/app-mockup-ios-screenshot-2-football-edge-6.5-inch-1.png', '//meta-q.cdn.bubble.io/f1743052240376x698585863787946100/app-mockup-ios-screenshot-2-football-edge-6.5-inch-3.png', '//meta-q.cdn.bubble.io/f1743052242504x359787939703797060/app-mockup-ios-screenshot-2-football-edge-6.5-inch-4.png', '//meta-q.cdn.bubble.io/f1743052238625x142469516928190200/app-mockup-ios-screenshot-2-football-edge-6.5-inch-2.png', '//meta-q.cdn.bubble.io/f1743052244299x909272634959531300/app-mockup-ios-screenshot-2-football-edge-6.5-inch-5.png', '//meta-q.cdn.bubble.io/f1743052245522x863414562052251100/app-mockup-ios-screenshot-2-football-edge-6.5-inch-6.png']",,approved,,mobile,True,,"['mobile', 'productivity']",,1348695171700984260__LOOKUP__1669046819666x699153475278952600,,,,1743052537446,1744039922758,,
Lyrics to Language,https://lyricstolanguage.com/,"Learn Mandarin with Music
Video Overview: https://www.youtube.com/watch?v=5177X3ic-jE ",True,//meta-q.cdn.bubble.io/f1743091743401x997824057491876400/Screenshot%202025-03-27%20090852.png,,"['//meta-q.cdn.bubble.io/f1743091453571x478652267928826100/01.png', '//meta-q.cdn.bubble.io/f1743091458627x365102417802976450/02.png', '//meta-q.cdn.bubble.io/f1743091463390x170778087746960670/03.png', '//meta-q.cdn.bubble.io/f1743091467633x710837813403192600/04.png']",,approved,,all_platforms,True,,['education'],,1348695171700984260__LOOKUP__1695157055020x653506532847835400,,,,1743091754290,1744040598751,,
KnowThyDrink,https://www.knowthydrink.com/,"KnowThyDrink is a cocktail recipe database, complete with nutrition, allergens, and alcohol info. Each cocktail can also be edited and saved/shared as a new custom recipe, and recipes can be created from scratch for the home bartender who needs a place to save their own recipes. Build and share cocktail menus, and filter search results by cocktails you can make with what's on your home bar shelf.",True,//meta-q.cdn.bubble.io/f1743557337856x609577897608920300/knowthydrink-home.png,,"['//meta-q.cdn.bubble.io/f1743557355935x569635375611384770/knowthydrink-search.png', '//meta-q.cdn.bubble.io/f1743557358910x418846836970119230/knowthydrink-recipe.png', '//meta-q.cdn.bubble.io/f1743557362236x384250026286204300/KnowThyDrink-ingredients.png', '//meta-q.cdn.bubble.io/f1743557364332x250856713643103460/KnowThyDrink-directions.png', '//meta-q.cdn.bubble.io/f1743557367027x773443870763178100/KnowThyDrink-nutrition.png', '//meta-q.cdn.bubble.io/f1743557369468x731582990044819000/KnowThyDrink-edit.png']",,approved,,web,True,,['portal'],,1348695171700984260__LOOKUP__1642898282687x800532511671360400,,,,1743557376436,1744044555282,,
Nomad Barrio,https://nomadbarrio.com/,"Nomad Barrio is Medellín’s #1 platform for digital nomads and expats. Find furnished rentals, buy property, and join expat events and meetups. Make Medellín feel like home today!",True,//meta-q.cdn.bubble.io/f1743564125684x121511596236582700/capture_250401_222126.png,,,,approved,,web,True,,['marketplace'],,1348695171700984260__LOOKUP__1630343420038x710847265063862000,,,,1743564175650,1744043924102,,
wildgoatride.com,wildgoatride.com,Camper van rental platform. A smooth online booking experience for the user and a complete back-office booking management tool for the companies operating a rental camper agency.,True,//meta-q.cdn.bubble.io/f1743577258386x728948713420868400/campervans_foto_mountain3%20copy%202%20Large.jpeg,,,,approved,,web,True,,['marketplace'],,1348695171700984260__LOOKUP__1509110235967x871305819135159300,,,,1743577272790,1744044061250,,
Plazn,www.plazn.com,"​Plazn is a comprehensive restaurant reservation management platform designed to streamline the booking process and enhance the dining experience. With Plazn, restaurants can effortlessly accept and organize reservations without incurring commission fees. The platform allows restaurant owners to set up their establishments, define tables, hours of operation, and availability, enabling customers to book reservations through a user-friendly interface. ",True,//meta-q.cdn.bubble.io/f1743603462809x385460359366875100/Disen%CC%83o%20sin%20ti%CC%81tulo%20%2831%29.png,,"['//meta-q.cdn.bubble.io/f1743603509524x753770467473062100/Disen%CC%83o%20sin%20ti%CC%81tulo%20%2829%29.png', '//meta-q.cdn.bubble.io/f1743603519760x603746022841154200/Disen%CC%83o%20sin%20ti%CC%81tulo%20%2830%29.png', '//meta-q.cdn.bubble.io/f1743603535300x149838449678749700/Disen%CC%83o%20sin%20ti%CC%81tulo%20%2835%29.png']",,approved,,web,True,,"['portal', 'saas']",,1348695171700984260__LOOKUP__1655397242555x869607927272260200,,,,1743603613998,1744044244194,,
Solo,https://withsolo.xyz/,"Solo empowers managers to measure and enhance company culture, boost employee retention, and elevate performance — by asking just one question each day.

Each day, we send a micro employee pulse survey (a single question) to help you better understand your team. This simple approach prevents employees from experiencing survey fatigue.",True,//meta-q.cdn.bubble.io/f1743621659021x759765104436845200/Screenshot%202025-04-02%20at%2020.20.45.png,,"['//meta-q.cdn.bubble.io/f1743621727556x702141258907061500/Screenshot%202025-01-17%20at%2019.39.31.png', '//meta-q.cdn.bubble.io/f1743621737061x721769338182770600/9u3ti08bgxz2hdby4ew1ubb3n4tk.png', '//meta-q.cdn.bubble.io/f1743621751437x742115332090775200/o984hu059f1b1ut1doumkupygr30.png']",,approved,,web,True,,"['internal_tool', 'saas']",,1348695171700984260__LOOKUP__1698977400254x555765176233094400,,,,1743621778443,1744044297048,,
My Digital CMO,https://mydigitalcmo.io/,"My Digital CMO is your go-to digital marketing workspace, perfect for marketing leaders and consultants seeking an efficient way to work with clients. It streamlines onboarding, business evaluation, and strategy setup, boosting efficiency and trust. With advanced features, you can tailor your workspace to your needs, enjoy seamless integrations, and inbound email capabilities. With AI support and a branded workspace, you'll impress clients from day one, ensuring they feel confident and trust.",True,//meta-q.cdn.bubble.io/f1743637375228x142128858647020850/mydigitalcmo-2025-04-03-10.12.08.png,,"['//meta-q.cdn.bubble.io/f1743639652125x690733858508555600/mydigitalcmo-2025-04-03-10.49.10.png', '//meta-q.cdn.bubble.io/f1743639661658x902933961646636800/mydigitalcmo-2025-04-03-10.49.52.png', '//meta-q.cdn.bubble.io/f1743639672269x931911088862935600/mydigitalcmo-2025-04-03-10.50.19.png']",,approved,,web,True,,"['internal_tool', 'saas']",,1348695171700984260__LOOKUP__1620152587524x116241574137017740,,,,1743639681536,1744044323383,,
Beelango,https://beelango.com/,"Revolutionize language learning with engaging, interactive online courses that keep you motivated and coming back for more. Perfect for self-learners seeking structure and results. Language schools and educators can leverage our white label program to create branded language schools with our state-of-the-art curriculum and community features. Experience language acquisition that's accessible, enjoyable, and effective for everyone.
",True,//meta-q.cdn.bubble.io/f1743674689686x311513403718348680/%D7%A6%D7%99%D7%9C%D7%95%D7%9D%20%D7%9E%D7%A1%D7%9A%202025-04-03%20%D7%91-12.55.27.png,,,,approved,,web,True,,"['community', 'education']",,1348695171700984260__LOOKUP__1489501406106x859578589908778600,,,,1743674712729,1744044389285,,
Rumind,https://rumind.co/,"Rumind is a beauty platform that helps users discover, track, and eventually purchase personal fragrances. With community reviews, average ratings, and a sleek, user-friendly interface, Rumind makes exploring the world of fragrance intuitive and personal. Whether you're a casual user or a fragrance fanatic, Rumind offers smarter search and data-driven insights for all things fragrance.",True,//meta-q.cdn.bubble.io/f1744052443787x921286829058458900/thumbnail.png,,"['//meta-q.cdn.bubble.io/f1744053955333x830432136105012000/IMG_5217.PNG', '//meta-q.cdn.bubble.io/f1744053977334x193349923596548130/IMG_5218.PNG', '//meta-q.cdn.bubble.io/f1744053988647x454340541096729600/IMG_5221.PNG', '//meta-q.cdn.bubble.io/f1744053994340x670517944107573200/IMG_5224.PNG']",,approved,,web,True,,"['e_commerce', 'marketplace']",,1348695171700984260__LOOKUP__1487229466180x440707795321941400,,,,1744054003707,1744211549320,,
FormWise,https://app.formwise.ai/,"FormWise is a no-code AI tool building platform which improves retention and stickiness to Agency SaaS companies, coaches, and marketers through embeddable suites of customizable, niche specific, monetizable, and white label AI Tools and Toolsets.",True,//meta-q.cdn.bubble.io/f1744392077606x751241351464437800/341shots_so.jpeg,,"['//meta-q.cdn.bubble.io/f1744392093285x116822354304179310/91shots_so.jpeg', '//meta-q.cdn.bubble.io/f1744392098195x601632435861789000/180shots_so.jpeg', '//meta-q.cdn.bubble.io/f1744392104172x647234291074155300/870shots_so.jpeg']",,approved,,web,True,,['productivity'],,1348695171700984260__LOOKUP__1673976473503x607734556296811800,,,,1744392146904,1745416777127,,
O-teknik,https://o-teknik.dk/,"A single page application with a backend interface for admins for an ongoing orienteering training series in Denmark. Every week new courses are made available. Participants can buy and print the orienteering maps with courses and easily find their way to the trainings with Google Maps and Apple Maps links. Each training is open with controls in the forrests for four weeks.
The project is public, and it helps making the sport and high quality trainings in great terrains more widely available.",True,//meta-q.cdn.bubble.io/f1745158911699x312326519474454660/1.png,,"['//meta-q.cdn.bubble.io/f1745158925743x706585359824054500/2.png', '//meta-q.cdn.bubble.io/f1745158928331x100519612802815860/3.png', '//meta-q.cdn.bubble.io/f1745158931957x756319242205079000/4.png', '//meta-q.cdn.bubble.io/f1745158935313x277155289807247100/5.png']",,approved,,web,True,,['portal'],,1348695171700984260__LOOKUP__1635798432725x220789846116405730,,,,1745158944625,1745515561224,,
Thenocodecrew,https://thenocodecrew.com/,"The NoCode Crew is the first global community for makers, builders and no-coders, with members in over 100 countries. Create your profile, introduce yourself, meet others IRL or online through meetups, ask for help, learn, share, and find new missions. Built 100% on Bubble, it’s your space to grow, connect, and never build alone again. Join your tribe and bring your ideas to life with the power of community.",True,//meta-q.cdn.bubble.io/f1745406964125x363451735157962700/01.jpg,,"['//meta-q.cdn.bubble.io/f1745406985857x988851354821176800/02.jpg', '//meta-q.cdn.bubble.io/f1745406991287x513522158784061700/03.jpg', '//meta-q.cdn.bubble.io/f1745406996052x780344058898456700/04.jpg', '//meta-q.cdn.bubble.io/f1745407001305x215221760146608220/05.jpg', '//meta-q.cdn.bubble.io/f1745407016371x991561733294959400/07.jpg', '//meta-q.cdn.bubble.io/f1745407032576x632662930693691900/09.jpg']",,approved,,web,True,,"['community', 'portal']",,1348695171700984260__LOOKUP__1548311914377x795223174923414900,,,,1745407042779,1745515595734,,
Fuel,https://fuel.education/,"Fuel is a German-language educational app that blends creative writing with roleplay. Students continue short, unfinished script scenes, exploring new perspectives and enhancing their social and narrative skills. Teachers can view all story threads and have access to high-quality teaching materials. Backed by over 440k Swiss francs from the Innovation Promotion Agency, the Universities of Teacher Education in Bern and Zurich, among others, Fuel brings values-based learning into the digital age.",True,//meta-q.cdn.bubble.io/f1745413315689x401386012844764400/Fuel_MacBook_Air_2023_day_Artboard1.png,,"['//meta-q.cdn.bubble.io/f1745413322170x749424275496086700/Fuel_MacBook_Air_2023_night_Artboard1.png', '//meta-q.cdn.bubble.io/f1745413324525x682726572861068300/Fuel_iPad_Pro_12_9_2024_day.png']",,approved,,web,True,,['education'],,1348695171700984260__LOOKUP__1613921040776x893552921444711800,,,,1745413335240,1745515626124,,
MEDICAE,https://medicae.mx/,"MEDICAE is a comprehensive software solution designed to streamline healthcare management for clinics and hospitals. It automates tasks like appointment scheduling, patient record management, and billing, empowering healthcare providers to enhance efficiency and focus on delivering excellent patient care.",True,//meta-q.cdn.bubble.io/f1745855115048x332989385765387840/Logotipo%20Final%20%7C%20MEDICAE.png,,"['//meta-q.cdn.bubble.io/f1745855266712x905881479840932100/Screenshot%202025-04-28%20at%209.46.22%E2%80%AFa.m..png', '//meta-q.cdn.bubble.io/f1745855275038x626084836990463000/Screenshot%202025-04-28%20at%209.46.33%E2%80%AFa.m..png', '//meta-q.cdn.bubble.io/f1745855278632x828477117653087900/Screenshot%202025-04-28%20at%209.46.39%E2%80%AFa.m..png', '//meta-q.cdn.bubble.io/f1745855281166x399037101734875500/Screenshot%202025-04-28%20at%209.46.46%E2%80%AFa.m..png', '//meta-q.cdn.bubble.io/f1745855283969x324703843639934100/Screenshot%202025-04-28%20at%209.46.56%E2%80%AFa.m..png', '//meta-q.cdn.bubble.io/f1745855286551x348376877621458200/Screenshot%202025-04-28%20at%209.47.03%E2%80%AFa.m..png']",,approved,,web,True,,"['healthcare', 'portal']",,1348695171700984260__LOOKUP__1712855365198x857278146692905900,,,,1745855301953,1747081364266,,
Droom - Dream Journaling App,https://droom.app/,"Droom lets you capture, journal, and visualize dreams with AI. Log dreams quickly, track patterns, and style them by genre. AI creates dream art, suggests titles, and polishes stories. Share with a dreamer community, comment, and connect over lucid adventures or quiet tales. Save your dreams before they fade! ",True,//meta-q.cdn.bubble.io/f1745952849130x515650071688034100/droom_dream_journaling_app_tracker.webp,,"['//meta-q.cdn.bubble.io/f1745952855832x992012809541462100/dream_journal_app_droom_tracking.webp', '//meta-q.cdn.bubble.io/f1745952865701x233091881411924700/dream_ai_image_generator.webp', '//meta-q.cdn.bubble.io/f1745952871358x210842926986754660/dream_rating_genre.webp', '//meta-q.cdn.bubble.io/f1745952877821x214611903236866980/dream_ai_creator.webp', '//meta-q.cdn.bubble.io/f1745952894067x411323266707042100/private_night_dreams.webp', '//meta-q.cdn.bubble.io/f1745952898484x101175099353065120/dreamer_community_app.webp']",,approved,,mobile,True,,['healthcare'],,1348695171700984260__LOOKUP__1591365445827x526348350579599360,,,,1745952926962,1747081413254,,
Coopa,https://coupon-scanner-43320.bubbleapps.io,"Coopa helps you keep track of your coupons with ease. Just take a photo, and the app will scan and organize the details for you. Mark coupons as used, edit info as needed, and get timely reminders before they expire, with options for 1 month, 1 week, 1 day, or same-day alerts. Simple, smart, and built to save you time.",True,//meta-q.cdn.bubble.io/f1746390192603x695211842868701600/Thumbnail.webp,,"['//meta-q.cdn.bubble.io/f1746390201848x178907789645118560/Image-1.webp', '//meta-q.cdn.bubble.io/f1746390206894x636154768830011100/Image-2.webp', '//meta-q.cdn.bubble.io/f1746390212036x715653395955667800/Image-3.webp']",,approved,,mobile,True,,['finance'],,1348695171700984260__LOOKUP__1487633835445x304803330218419460,,,,1746390256396,1747081536348,,
Molku,https://molku.ai/,"Molku — Autofill PDFs in Seconds by Transferring Data from Other Documents

Stop wasting time copying and pasting data between documents. Molku’s AI extracts and transfers data between PDFs with ease, applying prompts like arithmetic operations, replacing text, translating, adding hyperlinks, and more. Processing each new file will take only seconds. Process documents in 100+ languages, automate repetitive tasks, reduce errors, and boost productivity—all for free, no credit card needed.",True,//meta-q.cdn.bubble.io/f1746775880563x607495463794748300/4.png,,"['//meta-q.cdn.bubble.io/f1746775890595x431878915954367900/1.png', '//meta-q.cdn.bubble.io/f1746775898562x257259545463467840/2.png', '//meta-q.cdn.bubble.io/f1746775900873x318181862780529700/3.png', '//meta-q.cdn.bubble.io/f1746775904691x598054162236439700/5.png', '//meta-q.cdn.bubble.io/f1746775907703x311786847930173760/6.png', '//meta-q.cdn.bubble.io/f1746775910806x278707269491504930/7.png']",,approved,,web,True,,['productivity'],,1348695171700984260__LOOKUP__1469015439340x477873066673055300,,,,1746775915977,1747081654023,,
Razmeni - Parents marketplace,https://razmeni.rs/,"Razmeni is a no-code-marketplace platform that empowers parents to exchange unused items, fostering sustainability and community connection. 

Our goal was to create a user-friendly marketplace with an intuitive design and robust features, enabling parents to list, exchange, and discover items effortlessly. The web app was designed to be fully mobile responsive and provide a seamless user experience, with an engaging UI and strong community-driven functionality.

Razmeni handles 1k+ users today.",True,//meta-q.cdn.bubble.io/f1747704507988x640700751758257700/New%20Project%20%2821%29.png,,"['//meta-q.cdn.bubble.io/f1747704208583x650085158039654960/69416606-f8dc-475f-a83a-6896febbadea.jpg', '//meta-q.cdn.bubble.io/f1747704238602x957979901375008100/0ba6c78f-f250-4305-8b41-4bfb5c3a6b16.jpg', '//meta-q.cdn.bubble.io/f1747704250089x221263935834663300/a0f939e1-a0a7-4b57-9445-df401712f7bc.jpg', '//meta-q.cdn.bubble.io/f1747704376705x973322272933815300/d3a3b159-0a41-42c5-8717-86e28f86ce32.jpg', '//meta-q.cdn.bubble.io/f1747704387509x616399115349330700/861ce7df-143f-43b4-8ddf-f6eba9e8bed6.jpg']",,approved,,web,True,,"['e_commerce', 'marketplace']",,1348695171700984260__LOOKUP__1653611153285x306452018315680260,,,,1747704518615,1749060838189,,
Paperhoot,paperhoot.com,"PaperHoot helps users create and optimize professional resumes using AI. Whether uploading an existing CV, connecting LinkedIn, or writing from scratch, PaperHoot transforms user data into powerful, personalized resumes. Featuring live editing, customizable templates, and step-by-step guidance — all in one sleek platform.",True,//meta-q.cdn.bubble.io/f1748271995164x289317999716841600/paper.jpg,,"['//meta-q.cdn.bubble.io/f1748272137538x839369127271958400/1733410016310.jpeg', '//meta-q.cdn.bubble.io/f1748272142696x476583513125428540/1733410016063.jpeg', '//meta-q.cdn.bubble.io/f1748272147067x379517182443226000/1735039397365.jpeg', '//meta-q.cdn.bubble.io/f1748272152507x617652540800640800/1735039397494.jpeg', '//meta-q.cdn.bubble.io/f1748272160076x105562370211242260/1735039397768.jpeg', '//meta-q.cdn.bubble.io/f1748272164590x961017038892054500/1735039397106.jpeg']",,approved,,web,True,,['productivity'],,1348695171700984260__LOOKUP__1720474164526x125341372042912180,,,,1748272169608,1749064208907,,
Airdev Portal,https://adportal.bubbleapps.io,"This is the mobile version of the Airdev Portal, the application that we use to manage all of our client engagements. It isolates critical functionality that we need to be able to access on the go, such as activity feed, task management, and push notifications.",True,//meta-q.cdn.bubble.io/f1748308445523x667581856344127000/mobile-app-1.png,,"['//meta-q.cdn.bubble.io/f1748308475150x277450024560942140/mobile-app-2.png', '//meta-q.cdn.bubble.io/f1748308479762x886032999354315800/mobile-app-3.png', '//meta-q.cdn.bubble.io/f1748308482999x294527368726101440/mobile-app-4.png']",,approved,,mobile,True,,"['internal_tool', 'mobile']",,1348695171700984260__LOOKUP__1445351948919x649075008928775800,,,,1748308620868,1749064249348,,
Share Talent,https://sharetalent.co/,"ShareTalent connects nonprofits with top-tier freelance talent in marketing, design, video, and more. Find skilled professionals who are passionate about making a difference.",True,//meta-q.cdn.bubble.io/f1748495182656x209120862114978720/Share%20Thumbnail.png,,"['//meta-q.cdn.bubble.io/f1748495460697x103864217876314500/Talent%20Showcase.png', '//meta-q.cdn.bubble.io/f1748495673458x193334341236388160/Types%20of%20work%20to%20share.png', '//meta-q.cdn.bubble.io/f1748496075455x707863497295320200/Share%20work%20Showcase.png', '//meta-q.cdn.bubble.io/f1748496094339x590960325003691400/Work%20Profile.png', '//meta-q.cdn.bubble.io/f1748496118235x352729825182598300/Edit%20Profile%20Showcase.png', '//meta-q.cdn.bubble.io/f1748496131513x765078071056892900/Resumed%20mode.png']",,approved,,web,True,,"['community', 'marketplace']",,1348695171700984260__LOOKUP__1677067303088x946037362594854700,,,,1748496144045,1749064342411,,
MMARA: My Hair Coach,https://20231227mmara.bubbleapps.io,"MMARA is your personal hair health coach, designed to help you understand why your hair is changing and what to do about it. Whether you're navigating shedding, thinning, or breakage, MMARA connects the dots between your lifestyle, stress, hormones, and nutrition to reveal the root causes. With expert-backed insights and personalized guidance, you’ll feel empowered—not overwhelmed—in your hair care journey.",False,//meta-q.cdn.bubble.io/f1748869415932x765316655885207400/1.png,,"['//meta-q.cdn.bubble.io/f1748869431108x790737488198672100/2.png', '//meta-q.cdn.bubble.io/f1748869440067x572019077986399170/4.png', '//meta-q.cdn.bubble.io/f1748869449945x514238185501383800/8.png', '//meta-q.cdn.bubble.io/f1748869458296x872855093123932900/9.png', '//meta-q.cdn.bubble.io/f1748869465800x240814188940806620/3.png']",,approved,,mobile,True,,"['healthcare', 'mobile']",,1348695171700984260__LOOKUP__1636824915293x290137982231688960,,,,1748869474332,1749065827337,,
Linkflow,https://joinlinkflow.bubbleapps.io,"Linkflow is a platform designed for creative freelancers to better organize their projects and communicate more effectively with their clients.

It’s a 2-sided platform:
– 1 interface for the freelancer, where they can manage tasks, share deliverables, track time, and request actions.
– 1 interface for the client, where they can follow progress, give feedback, and access all key info in one place.

This native app dedicated to clients is not released yet.",True,//meta-q.cdn.bubble.io/f1748868887839x495851304265990640/Frame%2045.png,,"['//meta-q.cdn.bubble.io/f1748869805866x994733413318660700/Frame%2046.png', '//meta-q.cdn.bubble.io/f1748869817948x381224124950188200/Frame%2047.png', '//meta-q.cdn.bubble.io/f1748869824492x575815162903690050/Frame%2048.png', '//meta-q.cdn.bubble.io/f1748869830032x875724844181928800/Frame%2049.png', '//meta-q.cdn.bubble.io/f1748869836117x141004081729906980/Frame%2050.png', '//meta-q.cdn.bubble.io/f1748869842811x927224254645581000/Frame%2051.png']",,approved,,mobile,True,,"['mobile', 'productivity']",,1348695171700984260__LOOKUP__1674468021655x678197862843588500,,,,1748869848050,1749066374656,,
Tastory,https://tastory.app/,"AI Kitchen Sidekick, like ChatGPT for cooking. Track your pantry and shopping lists, get recipes based on what you have chat as you cook to get help. ",True,//meta-q.cdn.bubble.io/f1750291189700x831326142015740000/IMG_2864.jpeg,,"['//meta-q.cdn.bubble.io/f1750291220961x332275369366071200/IMG_2866.png', '//meta-q.cdn.bubble.io/f1750291269682x923185307624376300/IMG_2869.jpeg', '//meta-q.cdn.bubble.io/f1750291280370x270802229897493920/IMG_2870.jpeg', '//meta-q.cdn.bubble.io/f1750291295815x134808510081112500/IMG_2867.jpeg']",,approved,,all_platforms,True,,"['ai', 'healthcare', 'mobile']",,1348695171700984260__LOOKUP__1665659224588x189559994393209150,,,,1750291307747,1751907590147,,
BackseatUX,https://backseatux.com/,"It’s an AI-powered UX tool that instantly turns text, images, or voice into single file HTML prototypes. You can use the results as inspiration for your Bubble app or as html snippets.

Some Features include:

* Redesign any website instantly just by pasting a URL.
* Generate styleguides so AI generates your designs in your style.
* Design an app from a screenshot or sketch
* Visually edit your designs with one-click changes.
* Make web animations without writing any code.",True,//meta-q.cdn.bubble.io/f1752002814201x547626706127524600/Screenshot%202025-07-08%20at%202.26.41%E2%80%AFPM.png,,"['//meta-q.cdn.bubble.io/f1752001493884x322912595130400100/Screenshot%202025-07-08%20at%202.04.50%E2%80%AFPM.png', '//meta-q.cdn.bubble.io/f1752001803567x211283879418646680/Screenshot%202025-07-08%20at%202.06.50%E2%80%AFPM.png', '//meta-q.cdn.bubble.io/f1752001826121x119447584678234800/Screenshot%202025-07-08%20at%202.10.22%E2%80%AFPM.png', '//meta-q.cdn.bubble.io/f1752002859979x396509167027656400/Screenshot%202025-07-08%20at%202.27.32%E2%80%AFPM.png']",,approved,,web,True,,"['ai', 'portal']",,1348695171700984260__LOOKUP__1551139208254x364391883354372860,,,,1752002902591,1753726991969,,
Drape,https://on2style.com/,"Drape - Virtual Try-on. Step into your style story with Drape — the fashion visualization app that lets you see yourself wearing the looks you love, in the worlds you imagine.",True,//meta-q.cdn.bubble.io/f1752064113317x956303185892243300/Drape%20800x600.png,,['//meta-q.cdn.bubble.io/f1752064128296x849424359193181600/Drape%20UI%2001.png'],,approved,,all_platforms,True,,"['ai', 'e_commerce']",,1348695171700984260__LOOKUP__1683722197745x374176396025268000,,,,1752064411189,1753727142657,,
StackTrack: Trading Tracker,https://stackstrack.com/,"Set your trading goals, log trades, and stay on track.

StackTrack helps traders stay focused and consistent by turning their trading journey into a goal-based challenge. Whether you're trading crypto, stocks, or forex — this app keeps you on track with a clear plan and performance insights.",True,//meta-q.cdn.bubble.io/f1752364540832x861966793383841000/0x0ss.png,,"['//meta-q.cdn.bubble.io/f1752364592644x311953657034644400/0x0ss%20%281%29.png', '//meta-q.cdn.bubble.io/f1752364597294x122362073806032030/0x0ss%20%282%29.png', '//meta-q.cdn.bubble.io/f1752364601012x768913488259867100/0x0ss%20%283%29.png', '//meta-q.cdn.bubble.io/f1752364604321x563139703144871740/0x0ss%20%284%29.png']",,approved,,mobile,True,,"['e_commerce', 'finance']",,1348695171700984260__LOOKUP__1697333030215x877444595103334900,,,,1752364610612,1753727360489,,
Simtrack,https://simtrack.app/,"Simtrack is a community-driven platform built for simracing enthusiasts.
It allows drivers, teams, and organizers to connect, publish events, manage coaching sessions, and share opportunities — all in one unified tool.

Whether you're a solo driver looking for your next race, a coach offering services, or a league admin managing multi-event championships, Simtrack makes everything simple and accessible from mobile or desktop.

Features include:
Event publication, Team, Coaching, recruit, service",True,//meta-q.cdn.bubble.io/f1753915545171x248398345607398600/Capture%20d%27%C3%A9cran%202025-07-31%20004151.png,,"['//meta-q.cdn.bubble.io/f1753915556112x239944049160162750/Capture%20d%27%C3%A9cran%202025-07-31%20004258.png', '//meta-q.cdn.bubble.io/f1753915569550x532703740233410700/Capture%20d%27%C3%A9cran%202025-07-31%20004216.png', '//meta-q.cdn.bubble.io/f1753915581534x596283204575672300/Capture%20d%27%C3%A9cran%202025-07-31%20004337.png', '//meta-q.cdn.bubble.io/f1753915594048x650025031686029200/Capture%20d%27%C3%A9cran%202025-07-31%20004349.png', '//meta-q.cdn.bubble.io/f1753915605799x655765584686691800/Capture%20d%27%C3%A9cran%202025-07-31%20004445.png']",,approved,,web,True,,"['community', 'social_network']",,1348695171700984260__LOOKUP__1694682685459x197120341235675460,,,,1753915617217,1756151855218,,
