link_text,name_text,title_text,image_image,order_number,Created By,Modified By,_type,_version,Created Date,Modified Date,_id,Slug
https://mx.linkedin.com/in/iemiliolr,Emilio López Romo,"COO, Arcus",//meta-l.cdn.bubble.io/f1695646496630x431250147328146700/Mentor%2004.svg,1,1348695171700984260__LOOKUP__admin_user_meta_live,,custom.certification_advisor,4347686849,1696509933345,1727465034055,1696509933345x421854012056308540,
https://www.linkedin.com/in/lorene-bergougnoux-a04876205,Lorène Bergougnoux,"Bubble Developer, Freelance",//meta-l.cdn.bubble.io/f1695646228229x319117665108070460/Rectangle%20389.svg,2,1348695171700984260__LOOKUP__admin_user_meta_live,,custom.certification_advisor,3960349242,1696509933345,1713809934615,1696509933345x993166304727210400,
https://www.linkedin.com/in/george-collier-uk/,George Collier,"Founder, Not Quite Unicorns",//meta-q.cdn.bubble.io/f1727465046043x953544495049511200/George%20Collier%20Headshot%20from%20Bubble%20Certification%20Advisory%20Committee.png,3,1348695171700984260__LOOKUP__1584328926695x251094412062892830,,custom.certification_advisor,4347688986,1727465093428,1727465093428,1727465093131x830723718691422200,
https://www.linkedin.com/in/lois-laput,Lois Laput,"Developer, Gumdrop Labs",//meta-q.cdn.bubble.io/f1727465107723x499604702445528600/Lois%20Headshot%20from%20Bubble%20Certification%20Advisory.png,4,1348695171700984260__LOOKUP__1584328926695x251094412062892830,,custom.certification_advisor,4347690121,1727465128122,1727465128122,1727465127925x515176673397440500,
,Brenton Stine,"Founder, Kicky",//meta-q.cdn.bubble.io/f1727465133650x491615448195311200/Brenton%20Headshot%20Square%20from%20Bubble%20Certification%20Advisory%20Committee.jpeg,5,1348695171700984260__LOOKUP__1584328926695x251094412062892830,,custom.certification_advisor,4347694225,1727465252618,1727465252618,1727465252347x260646712770035700,
https://www.linkedin.com/in/lindsaysmithprofile/,Lindsay Smith,Plugin Author / Developer,//meta-q.cdn.bubble.io/f1727465332267x980464067880086700/Bubble%20Certification%20Advisory%20Committee%20Invitation.jpeg,6,1348695171700984260__LOOKUP__1584328926695x251094412062892830,,custom.certification_advisor,4347697293,1727465323482,1727465334716,1727465323247x266442600543158270,
https://br.linkedin.com/in/pedrocastroduarte,Pedro Duarte,"Founder, Befree Academy",//meta-q.cdn.bubble.io/f1731613134010x392141426886708030/Pedro%20Headshot.jpg,7,1348695171700984260__LOOKUP__1584328926695x251094412062892830,,custom.certification_advisor,4465677567,1731613244218,1731613244219,1731613243364x112318487259774980,
https://br.linkedin.com/in/vitorizidoro,Vitor Izidoro,"Founder, EasyQode",//meta-q.cdn.bubble.io/f1731613270979x469302139958871940/Headshot%20for%20CAC%20from%20Jeremy.png,8,1348695171700984260__LOOKUP__1584328926695x251094412062892830,,custom.certification_advisor,4465679477,1731613297684,1731613297684,1731613297457x160873567554109440,
