rank_number,investor_name_text,investor_photo_image,investor_background_text,Created By,Modified By,_type,_version,Created Date,Modified Date,_id,Slug
1,Walter Kortschak,,"Executive Chairman of SignalFire,
Angel investor in Lyft, Palantir and Twitter.",1348695171700984260__LOOKUP__1339510945575x284965680912137020,,custom.investor,307729661,1561415001697,1561415495248,1561415001696x750931088085746000,
2,Ali Partovi,,CEO at Neo & founder of code.org.,1348695171700984260__LOOKUP__1339510945575x284965680912137020,,custom.investor,3233961289,1561415002078,1692644502726,1561415002078x440018017763360100,
6,Shana Fisher,,Managing Partner at Third Kind VC.,1348695171700984260__LOOKUP__1339510945575x284965680912137020,,custom.investor,3233958165,1561415002315,1692644439298,1561415002315x428812707827347140,
4,Eric Ries,,"Founder of LTSE,
Founder of the Lean Startup.",1348695171700984260__LOOKUP__1339510945575x284965680912137020,,custom.investor,1485592933,1561415002643,1627394256424,1561415002643x739175871054798000,
5,Scott Belsky,,"CPO at Adobe, Founder of Behance.",1348695171700984260__LOOKUP__1339510945575x284965680912137020,,custom.investor,307727563,1561415002963,1561415168187,1561415002962x474676121746735040,
5,Neil Blumenthal,,Founder of Warby Parker.,1348695171700984260__LOOKUP__1339510945575x284965680912137020,,custom.investor,1485590757,1561415003210,1627394217512,1561415003210x584820805755084500,
7,Dave Gilboa,,Founder of Warby Parker.,1348695171700984260__LOOKUP__1339510945575x284965680912137020,,custom.investor,307727497,1561415003463,1561415158614,1561415003463x430770663715906960,
8,Morgan Hermand,,Founder of Adore Me.,1348695171700984260__LOOKUP__1339510945575x284965680912137020,,custom.investor,307729875,1561415003706,1561415533989,1561415003706x130285649279890940,
9,Michael Katz,,Founder of mParticle.,1348695171700984260__LOOKUP__1339510945575x284965680912137020,,custom.investor,307727434,1561415003946,1561415149362,1561415003946x994033748608382600,
10,Frederic Kerrest,,"Vice-Chairman and Co-Foudner, Okta.",1348695171700984260__LOOKUP__1339510945575x284965680912137020,,custom.investor,3479130587,1561415004234,1699213690424,1561415004234x154840835958747200,
11,Fuzzy Khosrowshahi,,"VP Product Engineering, Slack.
Founder of Google Sheets.",1348695171700984260__LOOKUP__1339510945575x284965680912137020,,custom.investor,593636136,1561415004477,1595544397940,1561415004477x545600320645229100,
12,Ross Mason,,Founder of MuleSoft.,1348695171700984260__LOOKUP__1339510945575x284965680912137020,,custom.investor,307727298,1561415004692,1561415127880,1561415004692x442204841895822000,
13,Nas,,"Rapper, songwriter, entrepreneur and investor.",1348695171700984260__LOOKUP__1339510945575x284965680912137020,,custom.investor,307727196,1561415004931,1561415115660,1561415004931x258852674297323400,
14,Jeffrey Raider,,Founder of Harry's.,1348695171700984260__LOOKUP__1339510945575x284965680912137020,,custom.investor,307727140,1561415005173,1561415108866,1561415005173x994035054419460200,
15,Charles Songhurst,,"Former Head of Corporate Strategy, Microsoft.",1348695171700984260__LOOKUP__1339510945575x284965680912137020,,custom.investor,307727097,1561415005414,1561415104024,1561415005414x445206731462788350,
16,David Tisch,,Founder of BoxGroup and TechStars NYC.,1348695171700984260__LOOKUP__1339510945575x284965680912137020,,custom.investor,307729774,1561415005650,1561415516031,1561415005650x582105898477564400,
17,Nat Turner,,Founder of Flatiron Health.,1348695171700984260__LOOKUP__1339510945575x284965680912137020,,custom.investor,307726822,1561415005889,1561415070410,1561415005889x215826012253911520,
18,Zach Weinberg,,Founder of Flatiron Health.,1348695171700984260__LOOKUP__1339510945575x284965680912137020,,custom.investor,307726793,1561415006135,1561415066437,1561415006135x898693514772808100,
19,Joey Zwillinger,,Founder of Allbirds.,1348695171700984260__LOOKUP__1339510945575x284965680912137020,,custom.investor,307726704,1561415006380,1561415055076,1561415006380x764787418639800300,
13.5,Xavier Niel,,Founder of Free. Founder of Kima Ventures and Station F.,1348695171700984260__LOOKUP__1339510945575x284965680912137020,,custom.investor,597337528,1595544325923,1595778057905,1595544325923x947401203360970000,
12,Nick Mehta,,CEO of Gainsight.,1348695171700984260__LOOKUP__1339510945575x284965680912137020,,custom.investor,3233957181,1627393111928,1692644419924,1627393110444x426683175388053500,
11,Alexis Lê-Quôc,,Founder and CTO of Datadog.,1348695171700984260__LOOKUP__1339510945575x284965680912137020,,custom.investor,3233956926,1627393898863,1692644414636,1627393898660x644136392689975300,
1,Ryan Hinckle,,"Managing Director, Insight Partners.",1348695171700984260__LOOKUP__1339510945575x284965680912137020,,custom.investor,3233956701,1627394142785,1692644409820,1627394142597x114497773262340100,
5,Yony Feng,,Founder and CTO of Peloton.,1348695171700984260__LOOKUP__1339510945575x284965680912137020,,custom.investor,3233956354,1627394196388,1692644403524,1627394196166x721728122067091500,
