text_text,image_image,order_number,description_text,archived__boolean,auto_clear__boolean,short_description_text,randomize_order__boolean,shortened_description_text,onboarding_persona_option_onboarding_persona,onboarding_question_custom_onboarding_question,onboarding_personas_list_option_onboarding_persona,Created By,Modified By,_type,_version,Created Date,Modified Date,_id,Slug
BUILD,//meta-l.cdn.bubble.io/f1683302672615x458468580288816900/Group%201055.png,1,Create an app for myself or my business. Free to start building.,,,Building my app,,Looking to build an app,builder,1348695171700984260__LOOKUP__1655494674904x518813523219562300,['builder'],1348695171700984260__LOOKUP__admin_user_meta_test,,custom.onboarding_answer,3537866319,1655494866080,1701098316800,1655494866080x343550824429203400,
HIRE,//meta-l.cdn.bubble.io/f1683302693672x391087001184202500/Mask%20group%20%282%29.png,2,Find someone to build my app for me. Service starting at $200/month.,,,Hiring a developer,,Looking to hire someone,outsourcer__rfp_,1348695171700984260__LOOKUP__1655494674904x518813523219562300,"['outsourcer__book_a_dev_', 'outsourcer__rfp_']",1348695171700984260__LOOKUP__admin_user_meta_test,,custom.onboarding_answer,3537866320,1655494893550,1701098325991,1655494893550x564577386290952640,
EARN,//meta-l.cdn.bubble.io/f1683302703554x197301699132055740/Mask%20group%20%283%29.png,3,Make money by building apps for others. Typically around $80+/hour.,,,Building apps for others,,Looking to make money,earner,1348695171700984260__LOOKUP__1655494674904x518813523219562300,['earner'],1348695171700984260__LOOKUP__admin_user_meta_test,,custom.onboarding_answer,3537866321,1655494912469,1701098336142,1655494912469x751429434792114200,
Blog or publication,,10,,,,,True,,,1348695171700984260__LOOKUP__1655494694843x296712937833131900,,1348695171700984260__LOOKUP__admin_user_meta_test,,custom.onboarding_answer,4011045851,1655494981443,1715351694975,1655494981443x803648061163528600,
Course,,3,,,,,True,,,1348695171700984260__LOOKUP__1655494694843x296712937833131900,,1348695171700984260__LOOKUP__admin_user_meta_test,,custom.onboarding_answer,3537866323,1655494997779,1676325948210,1655494997779x930751974933178800,
Facebook/Instagram,,5,,,,,True,,,1348695171700984260__LOOKUP__1655494694843x296712937833131900,,1348695171700984260__LOOKUP__admin_user_meta_test,,custom.onboarding_answer,3537866325,1655495014524,1676325943188,1655495014524x343087452166002560,
Friend or colleague,,1,,,,,True,,,1348695171700984260__LOOKUP__1655494694843x296712937833131900,,1348695171700984260__LOOKUP__admin_user_meta_test,,custom.onboarding_answer,4011046636,1655495022814,1715351715960,1655495022814x175400041010225200,
Other social networks,,14,,,,,True,,,1348695171700984260__LOOKUP__1655494694843x296712937833131900,,1348695171700984260__LOOKUP__admin_user_meta_test,,custom.onboarding_answer,3537866328,1655495030395,1676325937430,1655495030395x674069901946813700,
"Forum (Reddit, Quora, etc.)",,9,,,,,True,,,1348695171700984260__LOOKUP__1655494694843x296712937833131900,,1348695171700984260__LOOKUP__admin_user_meta_test,,custom.onboarding_answer,4011044576,1655495039519,1715351661310,1655495039519x691100766879358700,
Press or news outlet,,7,,,,,True,,,1348695171700984260__LOOKUP__1655494694843x296712937833131900,,1348695171700984260__LOOKUP__admin_user_meta_test,,custom.onboarding_answer,4011047443,1655495046730,1715351738691,1655495046730x287278680051166850,
"Search engine (Google, Yahoo, etc.)",,4,,,,,True,,,1348695171700984260__LOOKUP__1655494694843x296712937833131900,,1348695171700984260__LOOKUP__admin_user_meta_test,,custom.onboarding_answer,4011047115,1655495148552,1715351729281,1655495148552x596983075094007600,
LinkedIn,,11,,,,,True,,,1348695171700984260__LOOKUP__1655494694843x296712937833131900,,1348695171700984260__LOOKUP__admin_user_meta_test,,custom.onboarding_answer,3537866332,1655495156793,1676325925705,1655495156793x267534050229894400,
X/Twitter,,8,,,,,True,,,1348695171700984260__LOOKUP__1655494694843x296712937833131900,,1348695171700984260__LOOKUP__admin_user_meta_test,,custom.onboarding_answer,4011046206,1655495176459,1715351704720,1655495176459x525160673987670200,
Podcast,,13,,,,,True,,,1348695171700984260__LOOKUP__1655494694843x296712937833131900,,1348695171700984260__LOOKUP__admin_user_meta_test,,custom.onboarding_answer,3537866334,1655495182391,1676325918211,1655495182391x199281319696801950,
Other,,12,,,,,,,,1348695171700984260__LOOKUP__1655494694843x296712937833131900,,1348695171700984260__LOOKUP__admin_user_meta_test,,custom.onboarding_answer,3537866335,1655495189309,1656604582344,1655495189309x216849588924356450,
"Incubator, Startup Program, or VC",,6,,,,,True,,,1348695171700984260__LOOKUP__1655494694843x296712937833131900,,1348695171700984260__LOOKUP__admin_user_meta_test,,custom.onboarding_answer,4011045479,1656604344554,1715351685070,1656604344554x449470984806870800,
"Review site (G2, Product Hunt, etc.)",,15,,,,,True,,,1348695171700984260__LOOKUP__1655494694843x296712937833131900,,1348695171700984260__LOOKUP__admin_user_meta_test,,custom.onboarding_answer,4011045045,1676326083640,1715351674702,1676326083640x848758779263167900,
NOT VERY COMFORTABLE,//meta-l.cdn.bubble.io/f1683300128599x784829598716330800/Export%20%282%29.png,1,I find it difficult to learn new tech.,False,,Non-technical,False,,,1348695171700984260__LOOKUP__1683214856454x224570128327994400,,1348695171700984260__LOOKUP__admin_user_meta_test,,custom.onboarding_answer,3537866350,1683215739402,1701098151738,1683215739402x900433378487178100,
PRETTY COMFORTABLE,//meta-l.cdn.bubble.io/f1683300142106x243194021278355200/Export%20%283%29.png,2,I’ll roll up my sleeves when I’m motivated to learn.,False,,Adapt to new tech,,,,1348695171700984260__LOOKUP__1683214856454x224570128327994400,,1348695171700984260__LOOKUP__admin_user_meta_test,,custom.onboarding_answer,3537866351,1683215770474,1701098509523,1683215770474x716044061504941700,
AS COMFORTABLE AS IT GETS,//meta-l.cdn.bubble.io/f1683300167554x416413439033483260/Export%20%285%29.png,3,I adapt to new tech easily.,False,,Technically confident,,,,1348695171700984260__LOOKUP__1683214856454x224570128327994400,,1348695171700984260__LOOKUP__admin_user_meta_test,,custom.onboarding_answer,3537866354,1683215822815,1701098519404,1683215822815x880426874015439200,
EXPLORING,//meta-l.cdn.bubble.io/f1683300056758x621866449409930200/Mask%20group.png,1,I’m in the early stages of ideation and looking for inspiration.,False,,Looking for inspiration,,,,1348695171700984260__LOOKUP__1683216722878x158381026917959740,,1348695171700984260__LOOKUP__admin_user_meta_test,,custom.onboarding_answer,3537866355,1683216765115,1701098535040,1683216765115x748340554667353200,
PLANNING,//meta-l.cdn.bubble.io/f1683300074499x950736483469539100/Mask%20group%20%281%29.png,2,I have a rough idea and am working through details.,False,,Ironing out details,,,,1348695171700984260__LOOKUP__1683216722878x158381026917959740,,1348695171700984260__LOOKUP__admin_user_meta_test,,custom.onboarding_answer,3537866356,1683216790951,1701098544063,1683216790951x629348295572602640,
EXECUTING,//meta-l.cdn.bubble.io/f1683300091326x846765176372223500/Export.png,3,I have a clear idea and am ready to start building.,False,,Ready to build,,,,1348695171700984260__LOOKUP__1683216722878x158381026917959740,,1348695171700984260__LOOKUP__admin_user_meta_test,,custom.onboarding_answer,3537866357,1683216813899,1700156839350,1683216813899x161007878971429100,
YouTube,,,,,,,True,,,1348695171700984260__LOOKUP__1655494694843x296712937833131900,,1348695171700984260__LOOKUP__admin_user_meta_live,,custom.onboarding_answer,4011048542,1715351771890,1715351771894,1715351771890x544991141585309700,
