set_text,url_text,quote_text,author_text,image_image,order_number,description_text,internal_name_text,author_s_title_text,author_s_image_image,total_number_in_set_number,next_testimonial_custom_testimonial,previous_testimonial_custom_testimonial,Created By,Modified By,_type,_version,Created Date,Modified Date,_id,Slug
immerse,,"“Building relationships with the other founders, (and) the training, coaching, and tools provided structure and accountability that helped me learn Bubble and build an app I’m proud of.”","Christine Saffold, Chama Capital",//meta-l.cdn.bubble.io/f1690400500118x392263560870136600/03%20Quote%20Image.svg,3,,,,,8,1348695171700984260__LOOKUP__1645032652256x537020645906644400,1348695171700984260__LOOKUP__1645032705023x208733489337288740,1348695171700984260__LOOKUP__admin_user_meta_test,,custom.testimonial,5182034725,1645032071553,1745510927672,1645032071553x432279527632162200,
immerse,,"“Critique is not cookie cutter, but direct and genuinely helpful. You are always encouraged following conversations and feel a sense of relief that you are in control of your product.”","Milan Ball, Philan",//meta-l.cdn.bubble.io/f1690400681268x335429296366365200/08%20Quote%20Image.svg,8,,,,,8,1348695171700984260__LOOKUP__1645032745241x604863949946830800,1348695171700984260__LOOKUP__1690400654560x476374708874903550,1348695171700984260__LOOKUP__admin_user_meta_test,,custom.testimonial,5182034726,1645032135016,1745510928336,1645032135016x461649662138962500,
immerse,,"“The coaching and leadership is phenomenal. The advice I received in individual sessions kept me focused, and I always left feeling better equipped to take on the next tasks.”","Spencer Charles, Huddle Local",//meta-l.cdn.bubble.io/f1690400539294x215778372436558720/04%20Quote%20Image.svg,4,,,,,8,1348695171700984260__LOOKUP__1645032681538x208507736900993120,1348695171700984260__LOOKUP__1645032071553x432279527632162200,1348695171700984260__LOOKUP__admin_user_meta_test,,custom.testimonial,5182034727,1645032652256,1692828619940,1645032652256x537020645906644400,
immerse,,"“I can't think of a better director to lead Immerse. As an alum and founder, she empathizes with the experiences of the founders and is an encouraging mentor.”","Jourdan Brunson, Black Cemeteries",//meta-l.cdn.bubble.io/f1690484347591x164820062627456500/05%20Quote%20Image%20%281%29.svg,5,,,,,8,1348695171700984260__LOOKUP__1645032766622x641168479318971600,1348695171700984260__LOOKUP__1645032652256x537020645906644400,1348695171700984260__LOOKUP__admin_user_meta_test,,custom.testimonial,5182034728,1645032681538,1745510913273,1645032681538x208507736900993120,
immerse,,"“The most valuable parts of the program for me were the 1:1 support when troubleshooting in Bubble, a fresh set of eyes on operational challenges, and expanding my network.”","Jordana Wright, Activate Space",//meta-l.cdn.bubble.io/f1690400478850x121812445745963060/02%20Quote%20Image.svg,2,,,,,8,1348695171700984260__LOOKUP__1645032071553x432279527632162200,1348695171700984260__LOOKUP__1645032745241x604863949946830800,1348695171700984260__LOOKUP__admin_user_meta_test,,custom.testimonial,5182034729,1645032705023,1690400684783,1645032705023x208733489337288740,
immerse,,"“This was an absolutely critical part of my founder journey. Beyond building the first functional version of my platform, it also helped me build up my confidence as an entrepreneur.”","Taylor Joffrion, CheckN",//meta-l.cdn.bubble.io/f1690400872180x362970894628331700/01%20Quote%20Image.svg,1,,,,,8,1348695171700984260__LOOKUP__1645032705023x208733489337288740,1348695171700984260__LOOKUP__1645032135016x461649662138962500,1348695171700984260__LOOKUP__admin_user_meta_test,,custom.testimonial,5182034730,1645032745241,1745510928308,1645032745241x604863949946830800,
immerse,,“Very inclusive pacing so that even the newest Bubble users are unlikely to fall behind. The weekly 1:1s help keep you focused on the next best step for the app/business model.” ,"Andre Fowlkes, Case Prep Hero",//meta-l.cdn.bubble.io/f1690400595723x886369828386752000/06%20Quote%20Image.svg,6,,,,,8,1348695171700984260__LOOKUP__1690400654560x476374708874903550,1348695171700984260__LOOKUP__1645032681538x208507736900993120,1348695171700984260__LOOKUP__admin_user_meta_test,,custom.testimonial,5182034731,1645032766622,1745510888170,1645032766622x641168479318971600,
hire-a-developer,,"“Bubble has allowed us to be lean and iterate quickly, despite having a small development team. We've paid off over $15M in debt for our customers, and we are excited to stick with Bubble.”","Nate Washington, Qoins",,1,,,,,1,,,1348695171700984260__LOOKUP__admin_user_meta_live,,custom.testimonial,5182034732,1655924155189,1655924155194,1655924155189x806008800941060500,
bootcamps,,"Bubble helped me test all my product ideas in a matter of weeks. Thanks to the Bootcamp, I was able to acquire the skills needed to launch my web app successfully. Sign up, your future self will thank you for it!","Benoit Cerceau [b][size=2]
Serial Entrepreneur & CEO [/size][/b]",//s3.amazonaws.com/appforest_uf/f1659014268421x566966420328868900/Bootcamps%20quote%20%281%29.jpeg,1,,,,,1,,,1348695171700984260__LOOKUP__admin_user_meta_live,,custom.testimonial,5182034733,1659014282475,1659014282482,1659014282475x702350273634318800,
careers,,Software is taking over everything. I started Bubble to make building software as easy as using software. Bubble is about changing people's lives by lowering the barrier to entry to the biggest economic transformation of our lifetimes.,"Josh, Co-CEO",//s3.amazonaws.com/appforest_uf/f1671134160805x589108045381006000/Josh%20Headshot.jpg,1,,,,,4,1348695171700984260__LOOKUP__1671134221507x345037970921739900,1348695171700984260__LOOKUP__1673539303512x306963354043383600,1348695171700984260__LOOKUP__admin_user_meta_test,,custom.testimonial,5182034734,1671134174032,1738774506329,1671134174032x107565165225492300,
careers,,"I take pleasure in the work that I do. I’m naturally curious, so I love tinkering, asking questions, figuring out how to achieve something, and investigating causes and impacts. I enjoy the “aha moments” I have and guiding users to make these same discoveries.","Sofia, Technical Product Support Specialist",//s3.amazonaws.com/appforest_uf/f1671134209995x565392296410489600/Sofia%20Headshot%20.JPG,2,,,,,4,1348695171700984260__LOOKUP__1671134254231x776680838739521000,1348695171700984260__LOOKUP__1671134174032x107565165225492300,1348695171700984260__LOOKUP__admin_user_meta_test,,custom.testimonial,5182034735,1671134221508,1751392298196,1671134221507x345037970921739900,
careers,,"Values have always felt like aspirational goals that companies hope their teams personify. But at Bubble, I find them to be descriptive of the team. While I have many things to be thankful for about Bubble, the people on the team are easily at the top of the list.","Andrew, Bubble Developer",//s3.amazonaws.com/appforest_uf/f1671134238390x193551289326225660/Andrew%20Headshot.jpeg,3,,,,,4,1348695171700984260__LOOKUP__1673539303512x306963354043383600,1348695171700984260__LOOKUP__1671134221507x345037970921739900,1348695171700984260__LOOKUP__admin_user_meta_test,,custom.testimonial,5182034736,1671134254231,1751392313965,1671134254231x776680838739521000,
careers,,I love that the solution we provide to our users is truly changing the game! Being a part of this greater movement towards empowering people of all backgrounds to start their own business is so rewarding.,"Rachel, Account Executive",//s3.amazonaws.com/appforest_uf/f1673540557691x753242112928371100/Rachel%20Headshot.jpg,4,,,,,4,1348695171700984260__LOOKUP__1671134174032x107565165225492300,1348695171700984260__LOOKUP__1671134254231x776680838739521000,1348695171700984260__LOOKUP__admin_user_meta_live,,custom.testimonial,5182034737,1673539303512,1751392321901,1673539303512x306963354043383600,
version-control,,"""Version control allows us to have multiple devs working simultaneously on different parts of client applications. This results in faster releases and no bottlenecks.”",Vlad Leytus,,1,,,"CEO
Airdev",,4,1348695171700984260__LOOKUP__1679508681504x509168987576737800,1348695171700984260__LOOKUP__1679508681504x298013595870974200,1348695171700984260__LOOKUP__admin_user_meta_test,,custom.testimonial,5182034738,1679508681504,1680292326073,1679508681504x111540133153135150,
version-control,,"“We have several developers working simultaneously on a product, so version control is really integral for efficient team work and safe product development.”",Levon Terteryan,,4,,,"Founder
Zeroqode",,4,1348695171700984260__LOOKUP__1679508681504x111540133153135150,1348695171700984260__LOOKUP__1679508681504x945586970433747500,1348695171700984260__LOOKUP__admin_user_meta_test,,custom.testimonial,5182034739,1679508681504,1680292326133,1679508681504x298013595870974200,
version-control,,"""Without version control, our business wouldn't have had as much success launching an MVP, raising a seed round, and now preparing for a Series A funding.”",JJ Englert,,2,,,"Engineer Lead
Home Pro Pay",,4,1348695171700984260__LOOKUP__1679508681504x945586970433747500,1348695171700984260__LOOKUP__1679508681504x111540133153135150,1348695171700984260__LOOKUP__admin_user_meta_test,,custom.testimonial,5182034740,1679508681504,1680292325068,1679508681504x509168987576737800,
version-control,,“Growing our Bubble app to the point where it serves tens of thousands of users requires a team of developers. Version control saves us hours of back and forth.”,Justin Kyser,,3,,,"Director of Innovation
LRS Healthcare",,4,1348695171700984260__LOOKUP__1679508681504x298013595870974200,1348695171700984260__LOOKUP__1679508681504x509168987576737800,1348695171700984260__LOOKUP__admin_user_meta_test,,custom.testimonial,5182034741,1679508681504,1679508814965,1679508681504x945586970433747500,
for-founders,,“It’s not just a website builder. Bubble is a platform with a backend and a database that has everything.”,David Liria,,1,,,"Founder, CircleHome",,3,1348695171700984260__LOOKUP__1686234213513x406292911709224960,1348695171700984260__LOOKUP__1686234308986x968035093837250600,1348695171700984260__LOOKUP__1657137793746x996939962945497900,,custom.testimonial,5182034742,1686234189997,1686234309815,1686234189345x785262404117987300,
for-founders,,“We could not only create our prototype in a matter of weeks but also collect and rapidly iterate on user feedback.”,Ben Waterman,,2,,,"Founder, Strabo",,3,1348695171700984260__LOOKUP__1686234308986x968035093837250600,1348695171700984260__LOOKUP__1686234189345x785262404117987300,1348695171700984260__LOOKUP__1657137793746x996939962945497900,,custom.testimonial,5182034743,1686234213850,1686234309740,1686234213513x406292911709224960,
for-founders,,"“A light bulb went off in my head: We can completely rip and replace everything we built, with Bubble.”",Chad Sakonchick,,3,,,"Founder, BetterLegal",,3,1348695171700984260__LOOKUP__1686234189345x785262404117987300,1348695171700984260__LOOKUP__1686234213513x406292911709224960,1348695171700984260__LOOKUP__1657137793746x996939962945497900,,custom.testimonial,5182034744,1686234309515,1686234309875,1686234308986x968035093837250600,
developers,,“The world of no-code changed my life. We can quickly create an MVP and get it into the hands of clients to make sure it creates value from the start.”,Daniel Abebe (he/him),,1,,,"Founder, HuggyStudio
Bubble Developer since 2020",,3,1348695171700984260__LOOKUP__1686248512695x191353633338032130,1348695171700984260__LOOKUP__1686248543894x668623012057841700,1348695171700984260__LOOKUP__1584328969159x196785245102066180,,custom.testimonial,5182034745,1686248481000,1687448966426,1686248480505x899764394738581500,
developers,,“It has been incredible to deepen my involvement in the growing Bubble ecosystem. This has created a new career path for me in tech.”,Jordana Wright (she/her),,2,,,"Immerse alum
Bubble Developer since 2022",,3,1348695171700984260__LOOKUP__1686248543894x668623012057841700,1348695171700984260__LOOKUP__1686248480505x899764394738581500,1348695171700984260__LOOKUP__1584328969159x196785245102066180,,custom.testimonial,5182034746,1686248512832,1686248544705,1686248512695x191353633338032130,
developers,,"“I'm so excited to help others unlock their dreams with Bubble. It's an incredible platform, and I'm looking forward to sharing it with as many people as possible.”",JJ Englert (he/him),,3,,,"Product & Engineering Leader
Bubble Developer since 2021",,3,1348695171700984260__LOOKUP__1686248480505x899764394738581500,1348695171700984260__LOOKUP__1686248512695x191353633338032130,1348695171700984260__LOOKUP__1584328969159x196785245102066180,,custom.testimonial,5182034747,1686248544047,1687448885835,1686248543894x668623012057841700,
immerse,,"“Thinking back on my experience with my cohort, Immerse is the perfect name for the program that has provided me with the knowledge and resources I lean on today!”","Jonathan Muruako,  Fitalyst",//meta-l.cdn.bubble.io/f1690400651759x463782558772920300/07%20Quote%20Image.svg,7,,,,,8,1348695171700984260__LOOKUP__1645032135016x461649662138962500,1348695171700984260__LOOKUP__1645032766622x641168479318971600,1348695171700984260__LOOKUP__1655821788267x851977517534107400,,custom.testimonial,5182034748,1690400654812,1690400684787,1690400654560x476374708874903550,
security,,"“Bubble’s baked-in security practices mean I don’t have to worry. Data can be encrypted with a single button, and I have powerful controls to pick the fields to expose to the right user only when they need it.”",Brenton Strine,,4,,,"Co-founder and CTO, Kicky",,5,1348695171700984260__LOOKUP__1694009297795x812785045133821000,1348695171700984260__LOOKUP__1694009297795x706650702431638700,1348695171700984260__LOOKUP__admin_user_meta_live,,custom.testimonial,5182034749,1694009297795,1694009420062,1694009297795x270360001601601660,
security,,"“Bubble’s comprehensive security measures, including encryption, regular audits, and data protection, ensure our data is safeguarded, enabling us to focus on building and deploying apps for our clients with peace of mind.”",Levon Terteryan,,3,,,"Founder, Zeroqode",,5,1348695171700984260__LOOKUP__1694009297795x270360001601601660,1348695171700984260__LOOKUP__1694009297795x887974457828440600,1348695171700984260__LOOKUP__admin_user_meta_live,,custom.testimonial,5182034750,1694009297795,1694009424581,1694009297795x706650702431638700,
security,,"“Bubble’s key advantage is control (custom  privacy rules, interoperability via API) and world-class infrastructure security under the hood (AWS, encryption, SSL). This gives Airdev and our clients peace of mind as we build together.”",Juan Martinez-Almeida,,5,,,"Head of Development, Airdev.co",,5,1348695171700984260__LOOKUP__1694009297795x921456652818501500,1348695171700984260__LOOKUP__1694009297795x270360001601601660,1348695171700984260__LOOKUP__admin_user_meta_live,,custom.testimonial,5182034751,1694009297795,1694009428431,1694009297795x812785045133821000,
security,,“Bubble has been a game-changer. Privacy rules give us the control essential for maintaining top-notch security throughout our app’s lifecycle. This adaptability helps us stay agile while upholding stringent data protection standards.”,JJ Englert,,2,,,"Founder, Nocode Alliance",,5,1348695171700984260__LOOKUP__1694009297795x706650702431638700,1348695171700984260__LOOKUP__1694009297795x921456652818501500,1348695171700984260__LOOKUP__admin_user_meta_live,,custom.testimonial,5182034752,1694009297795,1694009432138,1694009297795x887974457828440600,
security,,"""Managing an enterprise-level app with tens of thousands of users puts data security at the top of our mind. Bubble makes it easy to keep data secure through easy-to-understand privacy rules and data encryption.""",Justin Kyser,,1,,,"Director of Innovation, LRS Healthcare",,5,1348695171700984260__LOOKUP__1694009297795x887974457828440600,1348695171700984260__LOOKUP__1694009297795x812785045133821000,1348695171700984260__LOOKUP__admin_user_meta_live,,custom.testimonial,5182034753,1694009297795,1694009436875,1694009297795x921456652818501500,
data,,"""I set up a task management app in a day, something that used to take our team a month. I could create custom data types, integrate with Stripe, and even set up privacy rules — all without writing code.""","Justin Hume, VP of Engineering, Proserva",,1,,,,,3,1348695171700984260__LOOKUP__1694021748991x300649349387386900,1348695171700984260__LOOKUP__1694021766991x668774250977427500,1348695171700984260__LOOKUP__1642533433905x143799604274329020,,custom.testimonial,5182034754,1694021731371,1694097544992,1694021730677x412459380911636500,
data,,"""Bubble provides us with a reliable, scalable database that allows us to create complex, powerful data models for any use case imaginable while staying simple and easy to use.""","Will Ericksson, Managing Director, MomentumGroup",,2,,,,,3,1348695171700984260__LOOKUP__1694021766991x668774250977427500,1348695171700984260__LOOKUP__1694021730677x412459380911636500,1348695171700984260__LOOKUP__1642533433905x143799604274329020,,custom.testimonial,5182034755,1694021749235,1694097535644,1694021748991x300649349387386900,
data,,"""I’ve worked with many different external databases, and Bubble’s built-in database is the easiest and most intuitive. If you can think of an idea, you can create it on Bubble—it’s as simple as that.""","Linh Nguyen, Developer, Eterneva",,3,,,,,3,1348695171700984260__LOOKUP__1694021730677x412459380911636500,1348695171700984260__LOOKUP__1694021748991x300649349387386900,1348695171700984260__LOOKUP__1642533433905x143799604274329020,,custom.testimonial,5182034756,1694021767214,1694097545100,1694021766991x668774250977427500,
logic,,"""I've yet to discover a tool that surpasses Bubble's expression editor in ease and flexibility. Whether it's workflows or syncing data from external APIs, Bubble has met all of my client's demands.""","Bryan Gaurano, Founder of Prizmstack.io",,1,,,,,2,1348695171700984260__LOOKUP__1694097565022x825736428110217200,1348695171700984260__LOOKUP__1694097565022x825736428110217200,1348695171700984260__LOOKUP__1642533433905x143799604274329020,,custom.testimonial,5182034757,1694097496630,1694097566050,1694097495251x122577341745725440,
logic,,"""Bubble’s logic capabilities simplified what was once complex. Now, I see things from a coder’s perspective, confidently handling technical challenges. My approach to development has entirely been transformed.""","Julian Valentín, Bubble Developer",,2,,,,,2,1348695171700984260__LOOKUP__1694097495251x122577341745725440,1348695171700984260__LOOKUP__1694097495251x122577341745725440,1348695171700984260__LOOKUP__1642533433905x143799604274329020,,custom.testimonial,5182034758,1694097565451,1702043313515,1694097565022x825736428110217200,
certification,,"""This is a really useful exam from my perspective as an agency owner. So good that I would use it for vetting candidates and promoting junior developers to seniors.""",Matt Graham,,4,,,CEO of Rapid Dev,,4,1348695171700984260__LOOKUP__1716236124833x633944398543192000,1348695171700984260__LOOKUP__1695324924173x605037350113227500,1348695171700984260__LOOKUP__admin_user_meta_test,,custom.testimonial,5182034759,1695324733426,1716236150201,1695324733426x428361888885803400,
certification,,“All professional Bubble developers should take the test and add the certification to their LinkedIn profile. I will certainly use this when recruiting high-performing devs in the future.”,Will Ericksson,,2,,,"Director, Momentum Academy",,4,1348695171700984260__LOOKUP__1695324924173x605037350113227500,1348695171700984260__LOOKUP__1716236124833x633944398543192000,1348695171700984260__LOOKUP__admin_user_meta_test,,custom.testimonial,5182034760,1695324789334,1716236125570,1695324789333x366873223049536400,
certification,,"“I’ve been using Bubble for 5+ years, and while I have liked to think I’m an expert on the platform, having a certification from Bubble is (pardon my language) pretty badass.”",Mike Loc,,3,,,Forum Moderator,,4,1348695171700984260__LOOKUP__1695324733426x428361888885803400,1348695171700984260__LOOKUP__1695324789333x366873223049536400,1348695171700984260__LOOKUP__admin_user_meta_test,,custom.testimonial,5182034761,1695324924173,1716236125571,1695324924173x605037350113227500,
design,,"""Bubble's design editor allows me to craft stunning responsive interfaces without wading through the deep waters of traditional coding.""","Gregory John, Founder of Buildcamp",,1,,,,,3,1348695171700984260__LOOKUP__1695670769143x803576461974044700,1348695171700984260__LOOKUP__1695670795578x833445856324354000,1348695171700984260__LOOKUP__1695670280867x863983905312020900,,custom.testimonial,5182034762,1695670741968,1701988759824,1695670741487x257914814220730370,
design,,"""I have complete control over every pixel in my app. Whatever I dream up in Figma, I know I'll be able to build it in Bubble, and it'll look great on any size screen.""","Kelly Claus, Bubble Developer",,2,,,,,3,1348695171700984260__LOOKUP__1695670795578x833445856324354000,1348695171700984260__LOOKUP__1695670741487x257914814220730370,1348695171700984260__LOOKUP__1695670280867x863983905312020900,,custom.testimonial,5182034763,1695670769346,1701988768120,1695670769143x803576461974044700,
design,,"""Bubble is by far the leading no-code tool for beautiful front ends. We're able to build front ends in one to two days that mirror the quality of a traditional web stack.""","Jacob Klug, Co-Founder and CEO of Creme Digital",,3,,,,,3,1348695171700984260__LOOKUP__1695670741487x257914814220730370,1348695171700984260__LOOKUP__1695670769143x803576461974044700,1348695171700984260__LOOKUP__1695670280867x863983905312020900,,custom.testimonial,5182034764,1695670795828,1701988773056,1695670795578x833445856324354000,
bubblecon24,,Getting up early to go to BubbleCon is like waking up early to go to disneyland where you get to meet all your favorite characters 😄,bestbubbledev,//meta-q.cdn.bubble.io/f1715359488217x819659496877104500/BubbleCon%202024%20logo%20%284%29.svg,3,,,@bestbubbledev,,,,,1348695171700984260__LOOKUP__admin_user_meta_live,,custom.testimonial,5182034765,1715690833202,1715690833202,1715690833202x625387155050039400,
bubblecon24,,Just wrapped up [color= #1D9BF0]#BubbleCon2023[/color] ! Had an experience beyond words. Met so many great people doing great things with no code. Looking forward to [color= #1D9BF0]#BubbleCon2024[/color],Alex Dow,//meta-q.cdn.bubble.io/f1715359291518x128990826068851710/BubbleCon%202024%20Logo%20%282%29.svg,1,,,@alexdow_,,,,,1348695171700984260__LOOKUP__admin_user_meta_live,,custom.testimonial,5182034766,1715690833202,1715690833202,1715690833202x922876630607204200,
bubblecon24,,BubbleCon in NYC was incredible!   Meeting other people excited about no-code in person is 100x better than Zoom calls.,Levon Tertetyan,//meta-q.cdn.bubble.io/f1715359449835x713273475168944300/BubbleCon%202024%20logo%20%283%29.svg,2,,,@levon377,,,,,1348695171700984260__LOOKUP__admin_user_meta_live,,custom.testimonial,5182034767,1715690833202,1715690833202,1715690833202x990162965130517500,
bubblecon24,,"I went to NYC with a wish-list and am returning with much more. Native mobile, integrated AI, focus on page load speed, functions, significant bulk data improvements and lots more.",Gregory John,//meta-q.cdn.bubble.io/f1715359595129x808046503901153000/BubbleCon%202024%20logo%20%285%29.svg,4,,,@_gregoryjohn,,,,,1348695171700984260__LOOKUP__admin_user_meta_live,,custom.testimonial,5182034768,1715690833203,1715690833203,1715690833203x162120754311437120,
bubblecon24,,"Amazing experience, lots of knowledge and new friends. [color= #1D9BF0]@bubble[/color] is on the way to huge things, and at the same time it looks like it’s still just starting out.",Mantas Giedraitis,//meta-q.cdn.bubble.io/f1715359611205x315984797350613570/BubbleCon%202024%20Logo%20%287%29.svg,6,,,@MantasOmus,,,,,1348695171700984260__LOOKUP__admin_user_meta_live,,custom.testimonial,5182034769,1715690833203,1715690833203,1715690833203x183332234995368540,
bubblecon24,,"So awesome to catch up with the vibrant
[color= #1D9BF0]@bubble[/color] community. Nothing beats getting together in person, so 🤞🙏 for BubbleCon2024!",Airdev,//meta-q.cdn.bubble.io/f1715359575697x582213160727302700/BubbleCon%202024%20logo%20%286%29.svg,5,,,@airdevco,,,,,1348695171700984260__LOOKUP__admin_user_meta_live,,custom.testimonial,5182034770,1715690833203,1715690833203,1715690833203x279840326973902720,
bubblecon24,,So grateful to get such a masterclass on design system. I’m inspired to incorporate what I learned to how I build not just in bubble but other no-code tools as well.,Andrew Tsao,//meta-q.cdn.bubble.io/f1715359683740x823431837523155500/BubbleCon%202024%20Logo%20%289%29.svg,7,,,@atsaotsao,,,,,1348695171700984260__LOOKUP__admin_user_meta_live,,custom.testimonial,5182034771,1715690833203,1715690833203,1715690833203x324980741212492100,
bubblecon24,,"Thanks for hosting us [color= #1D9BF0]@bubble[/color] + NYC  
Left Inspired for new launches! 🚀[color= #1D9BF0]#bubblecon2023[/color]",Lee Launches,//meta-q.cdn.bubble.io/f1715359655564x562176693480700400/BubbleCon%202024%20logo%20%288%29.svg,7,,,@LeeLaunches,,,,,1348695171700984260__LOOKUP__admin_user_meta_live,,custom.testimonial,5182034772,1715690833203,1715690833203,1715690833203x462710514303179300,
certification,,"""As the largest Bubble agency, we invest a lot into maintaining the highest standards for our developers. Bubble's certification helps to validate core skills and knowledge, making our job easier.""",Andrew Haller,,1,,,"Co-founder and co-CEO, Airdev",,4,1348695171700984260__LOOKUP__1695324789333x366873223049536400,1348695171700984260__LOOKUP__1695324733426x428361888885803400,1348695171700984260__LOOKUP__1584328969159x196785245102066180,,custom.testimonial,5182034773,1716236125072,1716236150177,1716236124833x633944398543192000,
ai-page-2,,“Bubble is probably the ultimate horizontal solution out there that allows people to build applications.”,Alex Stan,,2,,,Founding Product Manager - Synthflow AI,,3,1348695171700984260__LOOKUP__1741198033468x986352159831621600,1348695171700984260__LOOKUP__1741197976588x137083820089016320,1348695171700984260__LOOKUP__admin_user_meta_live,,custom.testimonial,5182034774,1718283908235,1741198079344,1718283908235x904034279001563600,
ai-page-1,,“It’s not just a website builder. Bubble is a platform with a backend and a database that has everything.”,David Liria,,3,,,Co-founder - CircleHome,,3,1348695171700984260__LOOKUP__1718283932091x788690874100272900,1348695171700984260__LOOKUP__1718283932091x788690874100272900,1348695171700984260__LOOKUP__admin_user_meta_live,,custom.testimonial,5182034775,1718283932091,1722955944079,1718283932091x607432154840312800,
ai-page-1,,"“Bubble has allowed us to do so much that we couldn’t do before. And the speed – what would have taken years before now takes us a week or a month, even a day.”",Taylor Bennie,,2,,,"Head of Bachelor of Medicine, Bachelor of Surgery (MBBS) digital education
University College London Medical School",,3,1348695171700984260__LOOKUP__1718283932091x607432154840312800,1348695171700984260__LOOKUP__1718283932091x788690874100272900,1348695171700984260__LOOKUP__admin_user_meta_live,,custom.testimonial,5182034776,1718283932091,1722955941556,1718283932091x763945053112229000,
ai-page-1,,"“When I first started playing with Bubble, it was one of those ‘too good to be true’ moments.”",Erik Silk,,1,,,Co-founder - BluBinder,,3,1348695171700984260__LOOKUP__1718283932091x763945053112229000,1348695171700984260__LOOKUP__1718283932091x607432154840312800,1348695171700984260__LOOKUP__admin_user_meta_live,,custom.testimonial,5182034777,1718283932091,1722955938923,1718283932091x788690874100272900,
beta-testing,,"""As a Bubble Ambassador, I just got a peek into the next @Bubble QOL release plans. I'm really excited! They're looking at some really annoying tiny features. (Including some keyboard navigation!) These small things are so important to take care of!""",Brenton Strine,,2,,,,,2,1348695171700984260__LOOKUP__1722458121959x967860349895139700,1348695171700984260__LOOKUP__1722458121959x967860349895139700,1348695171700984260__LOOKUP__admin_user_meta_live,,custom.testimonial,5182034778,1722458121959,1722458156836,1722458121959x587024900473643600,
beta-testing,,"""Just had a preview of the all new @Bubble native mobile app builder for iOS & Android.  Super impressive already, can't wait to start building with it!""",James Devonport,,1,,,,,2,1348695171700984260__LOOKUP__1722458121959x587024900473643600,1348695171700984260__LOOKUP__1722458121959x587024900473643600,1348695171700984260__LOOKUP__admin_user_meta_live,,custom.testimonial,5182034779,1722458121959,1722458169930,1722458121959x967860349895139700,
prototypes,,"""With Bubble, we could not only create our prototype in a matter of weeks but also collect and rapidly iterate on user feedback.""",Michael Magdongon,,1,,,"CO-FOUNDER & CEO, STRABO",,3,1348695171700984260__LOOKUP__1722869552285x675981278850299600,1348695171700984260__LOOKUP__1722869552285x123789892715802100,1348695171700984260__LOOKUP__admin_user_meta_live,,custom.testimonial,5182034780,1722869552284,1723228699896,1722869552284x315807427257389630,
prototypes,,"""There’s no way I’d ever start a project in pure coding ever again.""",Alex Rainy,,3,,,"FOUNDER, MYASKAI",,3,1348695171700984260__LOOKUP__1722869552284x315807427257389630,1348695171700984260__LOOKUP__1722869552285x675981278850299600,1348695171700984260__LOOKUP__admin_user_meta_live,,custom.testimonial,5182034781,1722869552285,1723228721882,1722869552285x123789892715802100,
prototypes,,"""Being able to show a potential co-founder and say, 'This is what I've created, this is the traction I've had,’ demonstrated the savviness of just being able to just make things happen.""",Eissra Eltom,,2,,,"CO-FOUNDER & CEO, VERVE",,3,1348695171700984260__LOOKUP__1722869552285x123789892715802100,1348695171700984260__LOOKUP__1722869552284x315807427257389630,1348695171700984260__LOOKUP__admin_user_meta_live,,custom.testimonial,5182034782,1722869552285,1723228710991,1722869552285x675981278850299600,
bubblecon2024,,"Never been more bullish on bubble 

Really hoping I could make it to Bubblecon this year",The Wise Bubbler,//meta-q.cdn.bubble.io/f1722877873339x976787026436367400/BubbleCon%202024%20Image%202%20%281%29.png,1,,,@WiseBubbler,,,,,1348695171700984260__LOOKUP__admin_user_meta_live,,custom.testimonial,5182034783,1723142146211,1723142146211,1723142146211x781693698284381200,
bubblecon2024,,"Hey [color=#1D9BF0
]@bubble[/color] fwends, see you all there in NYC 😌

#bubblecon",Paul Beresuita,//meta-q.cdn.bubble.io/f1722877970721x789241946108803300/BubbleCon%202024%20Image%204%20%281%29.png,2,,,@PaulBeresuita,,,,,1348695171700984260__LOOKUP__admin_user_meta_live,,custom.testimonial,5182034784,1723142146211,1723142146211,1723142146211x893174890241588400,
bubblecon2024,,"Just wrapped up [color=#1D9BF0
]#BubbleCon2023[/color] ! Had an experience beyond words. Met so many great people doing great things with no code. Looking forward to [color=#1D9BF0
]#BubbleCon2024![/color]",Alex Dow,//meta-q.cdn.bubble.io/f1722878324272x882398999153160700/BubbleCon%202024%20Image%205.png,6,,,@alexdow_,,,,,1348695171700984260__LOOKUP__admin_user_meta_live,,custom.testimonial,5182034785,1723142146212,1723142146212,1723142146212x428224357991919170,
bubblecon2024,,"So awesome to catch up with the vibrant
[color=#1D9BF0
]@bubble[/color] community. Nothing beats getting together in person, so 🤞🙏 for BubbleCon2024!",Airdev,//meta-q.cdn.bubble.io/f1722878362454x128343398568857560/BubbleCon%202024%20Image%204%20%283%29.png,7,,,@airdevco,,9,,,1348695171700984260__LOOKUP__admin_user_meta_live,,custom.testimonial,5182034786,1723142146212,1723142146212,1723142146212x444874598354062700,
bubblecon2024,,"Too bad cannot join in NYC, but super excited to see you all virtually 🙌",Alaska,//meta-q.cdn.bubble.io/f1722878250338x670064121922883300/BubbleCon%202024%20Image%203.png,5,,,@alaska_hub,,,,,1348695171700984260__LOOKUP__admin_user_meta_live,,custom.testimonial,5182034787,1723142146212,1723142146212,1723142146212x504441963752895600,
bubblecon2024,,"Registered for #bubblecon2024.  
Get your ticket before they’re gone.",Will Hawkins 🚀 ,//meta-q.cdn.bubble.io/f1722878210069x873715158109083000/BubbleCon%202024%20Image%202%20%282%29.png,4,,,@WillLovesNoCode,,,,,1348695171700984260__LOOKUP__admin_user_meta_live,,custom.testimonial,5182034788,1723142146212,1723142146212,1723142146212x667809546463296000,
bubblecon2024,,"Can’t wait to see my fellow Bubblers in NY at [color=#1D9BF0
]#BubbleCon[/color] 2024!",Karim Ardalan,//meta-q.cdn.bubble.io/f1722878057280x918278591619966500/BubbleCon%202024%20Image%204%20%282%29.png,3,,,@KarimArdalan,,,,,1348695171700984260__LOOKUP__admin_user_meta_live,,custom.testimonial,5182034789,1723142146212,1723142146212,1723142146212x809822307860696700,
bubblecon2024,,"Packed and ready. Heading to [color=#1D9BF0
]#bubblecon[/color] in the morning to meet all you fine people in person!
",Eli 🇺🇦,//meta-q.cdn.bubble.io/f1722878435349x231943322288781900/BubbleCon%202024%20Image%204%20%285%29.png,9,,,@elibeachy,,,,,1348695171700984260__LOOKUP__admin_user_meta_live,,custom.testimonial,5182034790,1723142146213,1723142146213,1723142146213x373471207768044200,
bubblecon2024,,"Great to see all the great [color=#1D9BF0
]#immerse[/color] founders and speak with [color=#1D9BF0
]#Bubble[/color] people at 
[color=#1D9BF0
]#BubbleCon[/color] !!!",Rob Roberts,//meta-q.cdn.bubble.io/f1722878394549x635036765205583300/BubbleCon%202024%20Image%204%20%284%29.png,8,,,@rob8here,,,,,1348695171700984260__LOOKUP__admin_user_meta_live,,custom.testimonial,5182034791,1723142146213,1723142146213,1723142146213x632181851931739900,
careers2,,"“I joined as the Partnerships team’s first hire. I initially drove partnerships with startup ecosystems, then launched a dozen plugins via tech partnerships, and now manage our agency program. My exposure to diverse types of partnerships has been key to my professional growth.”",Theo Goldberg,//meta-q.cdn.bubble.io/f1723231408072x465769316558466400/Theo%20Goldberg%20Headshot.jpg,5,,,"Manager, Agency Partnerships",,5,1348695171700984260__LOOKUP__1723640380666x556268387912915500,1348695171700984260__LOOKUP__1723640380666x155074109523896100,1348695171700984260__LOOKUP__admin_user_meta_live,,custom.testimonial,5182034792,1723640380666,1749158417137,1723640380666x148787886892908900,
careers2,,"“I joined as a Success Associate, working across multiple teams, contributing to transformative experiments, and leading onboarding initiatives. A year later, I became a manager of our Technical Product Support team. There’s so much to learn at a fast-paced startup; I’m excited to see what’s next!”",Niki Saelou,//meta-q.cdn.bubble.io/f1723211369685x615655748559336200/IMG_9613.jpg,4,,,"Manager, Technical Product Support",,5,1348695171700984260__LOOKUP__1723640380666x148787886892908900,1348695171700984260__LOOKUP__1723640380666x202178951926935680,1348695171700984260__LOOKUP__admin_user_meta_live,,custom.testimonial,5182034793,1723640380666,1749158412216,1723640380666x155074109523896100,
careers2,,"“After graduation, I joined Bubble’s Platform team, where I learned how its infrastructure is managed. I had the opportunity to transfer internally, and now I'm working on our new native mobile product, which requires an entirely new skillset. I'm grateful for the opportunity to learn new things!”",Spencer Semple,//meta-q.cdn.bubble.io/f1723231365648x107086220866732690/Spencer%20Semple%20Headshot.jpg,3,,,Software Engineer,,5,1348695171700984260__LOOKUP__1723640380666x155074109523896100,1348695171700984260__LOOKUP__1723640380666x264577387885623900,1348695171700984260__LOOKUP__admin_user_meta_live,,custom.testimonial,5182034794,1723640380666,1749158406679,1723640380666x202178951926935680,
careers2,,"“Since joining Bubble, I've grown in unconventional yet meaningful ways, from starting as a recruiting coordinator to becoming program manager of our pre-accelerator. Bubble has enabled me to expand my skillset and bridge the gap between where I was and where I wanted to go.”",Monica Yoon,//meta-q.cdn.bubble.io/f1723231395726x698140523672014800/Monica%20Yoon%20Headshot.jpg,2,,,Immerse Program Management Associate,,5,1348695171700984260__LOOKUP__1723640380666x202178951926935680,1348695171700984260__LOOKUP__1723640380666x556268387912915500,1348695171700984260__LOOKUP__admin_user_meta_live,,custom.testimonial,5182034795,1723640380666,1749158402686,1723640380666x264577387885623900,
careers2,,"“I started my Bubble journey as a summer intern working on our version control system. Drawn by the mission, I returned full-time; since then, I’ve led projects for our core product, the Editor. Now, I've stepped up as an engineering manager, guiding our team toward greater achievements.”",Zoe Lapomme,//meta-q.cdn.bubble.io/f1722976441566x208997350304942940/Zoe%20Lapomme%20Headshot.jpg,1,,,Acting Engineering Manager,,5,1348695171700984260__LOOKUP__1723640380666x264577387885623900,1348695171700984260__LOOKUP__1723640380666x148787886892908900,1348695171700984260__LOOKUP__admin_user_meta_live,,custom.testimonial,5182034796,1723640380666,1749158417114,1723640380666x556268387912915500,
mobile,,“Integrating mobile native functionality directly into Bubble’s web builder is a game changer for application development.”,Omar Moulani,,1,,,"Founder, Managing Director, WeGetDesign",,2,1348695171700984260__LOOKUP__1727816815778x948956334948502700,1348695171700984260__LOOKUP__1727816815778x948956334948502700,1348695171700984260__LOOKUP__admin_user_meta_live,,custom.testimonial,5182034797,1727816815778,1727816835946,1727816815778x880423207445149700,
mobile,,“Where Bubble has a huge advantage is that it always combines database and logic and design.” ,Matt Graham,,2,,,"CEO, RapidDev",,2,1348695171700984260__LOOKUP__1727816815778x880423207445149700,1348695171700984260__LOOKUP__1727816815778x880423207445149700,1348695171700984260__LOOKUP__admin_user_meta_live,,custom.testimonial,5182034798,1727816815778,1727816845202,1727816815778x948956334948502700,
solutions-internal-tool-builder,https://bubble.io/showcase/seagate,“Things that take us weeks to do using traditional development we can do in days with Bubble.”,Michael Ong,//meta-q.cdn.bubble.io/f1733927572281x701327828944986900/Use%20Case%20LP%20Internal%20Tools%20SaaS%20%282%29.png,1,,,"Product Manager, Seagate",,3,1348695171700984260__LOOKUP__1733927610216x372248741437767700,1348695171700984260__LOOKUP__1733927648251x612596504501682200,1348695171700984260__LOOKUP__1645632490221x299151432982863040,,custom.testimonial,5182034799,1733927577399,1755206584564,1733927576633x576727823050342400,
solutions-internal-tool-builder,https://bubble.io/showcase/unity,"“I feel like Bubble allows me to do everything, but I'm not limited to anything.”",Keren Franck,//meta-q.cdn.bubble.io/f1733927607512x495527806446858700/Use%20Case%20LP%20Internal%20Tools%20SaaS%20Image.png,2,,,"Product Manager, Unity",,3,1348695171700984260__LOOKUP__1733927648251x612596504501682200,1348695171700984260__LOOKUP__1733927576633x576727823050342400,1348695171700984260__LOOKUP__1645632490221x299151432982863040,,custom.testimonial,5182034800,1733927610967,1755206572649,1733927610216x372248741437767700,
solutions-internal-tool-builder,https://bubble.io/showcase/axial,"“I can function as designer, product manager, and developer all at once, and can build whatever I'm imagining.”",Simon Riker,//meta-q.cdn.bubble.io/f1733927641292x370703324254495040/Use%20Case%20Internal%20Tools%20SaaS%20Image.png,3,,,"Senior Product Consultant, Axial",,3,1348695171700984260__LOOKUP__1733927576633x576727823050342400,1348695171700984260__LOOKUP__1733927610216x372248741437767700,1348695171700984260__LOOKUP__1645632490221x299151432982863040,,custom.testimonial,5182034801,1733927648628,1755206584590,1733927648251x612596504501682200,
solutions-saas-builder,"— Chad Sakonchick, Founder, Better Legal","“A light bulb went off in my head: We can completely rip and replace everything we built, with Bubble.”",Chad Sakonchick,//meta-q.cdn.bubble.io/f1734051357775x986673567495477200/1.png,1,,,"Founder, Better Legal",,3,1348695171700984260__LOOKUP__1734051558013x823158181246271500,1348695171700984260__LOOKUP__1734051601813x312809756759949300,1348695171700984260__LOOKUP__1698421198124x545773940404100200,,custom.testimonial,5182034802,1734050572149,1755206686863,1734050571701x825263943158857700,
solutions-saas-builder,"— Albert Astabatsyan, Founder, Synthflow AI","“The fast iteration pace allows us to test quickly with users and experiment with new hypotheses, which is what I think is most important for early stage startups.”",Albert Astabatsyan,//meta-q.cdn.bubble.io/f1734051545180x340877252635705540/2.png,2,,,"Founder, Synthflow AI",,3,1348695171700984260__LOOKUP__1734051601813x312809756759949300,1348695171700984260__LOOKUP__1734050571701x825263943158857700,1348695171700984260__LOOKUP__1698421198124x545773940404100200,,custom.testimonial,5182034803,1734051558129,1755206677719,1734051558013x823158181246271500,
solutions-saas-builder,https://bubble.io/showcase/myaskai,”The speed with which you can build on no-code and Bubble will completely set you apart from your competition and keep your costs super low.”,Alex Rainey,//meta-q.cdn.bubble.io/f1734051596402x914559798467632100/3.png,3,,,"Founder, MyAskAI",,3,1348695171700984260__LOOKUP__1734050571701x825263943158857700,1348695171700984260__LOOKUP__1734051558013x823158181246271500,1348695171700984260__LOOKUP__1698421198124x545773940404100200,,custom.testimonial,5182034804,1734051601941,1755206686902,1734051601813x312809756759949300,
solutions-marketplace-builder,https://bubble.io/showcase/churchspace-rapid-dev,"""With Bubble, we launched 3x faster than traditional coding and achieved 5x cost savings while growing to 11,000+ users."" 
",Day Edwards,//meta-q.cdn.bubble.io/f1741139149153x489059834492045000/1.png,1,,,"Co-founder, ChurchSpace",,3,1348695171700984260__LOOKUP__1741139190985x391688511306072060,1348695171700984260__LOOKUP__1741139216799x783183610871283700,1348695171700984260__LOOKUP__1698421198124x545773940404100200,,custom.testimonial,5182034805,1741139152333,1755206639366,1741139151892x303591802643152900,
solutions-marketplace-builder,https://bubble.io/showcase/messly,"""After switching to Bubble, app development was 12-20x faster. That speed of iteration has really been a huge competitive advantage for us."" 
",Dr. Abrar Gundroo,//meta-q.cdn.bubble.io/f1741139189411x697825952542431200/2.png,2,,,"Co-founder, Messly",,3,1348695171700984260__LOOKUP__1741139216799x783183610871283700,1348695171700984260__LOOKUP__1741139151892x303591802643152900,1348695171700984260__LOOKUP__1698421198124x545773940404100200,,custom.testimonial,5182034806,1741139191120,1755206631341,1741139190985x391688511306072060,
solutions-marketplace-builder,https://bubble.io/showcase/hive-health,"""When our team identifies a new user need, Bubble allows us to test and deploy a feature in as little as a week."" ",Julia Bayoneta,//meta-q.cdn.bubble.io/f1741139326945x623866399674396300/3.png,3,,,"Product Team Lead, Hive Health",,3,1348695171700984260__LOOKUP__1741139151892x303591802643152900,1348695171700984260__LOOKUP__1741139190985x391688511306072060,1348695171700984260__LOOKUP__1698421198124x545773940404100200,,custom.testimonial,5182034807,1741139216958,1755206639393,1741139216799x783183610871283700,
ai-page-2,,“There’s no way I’d ever start a project in pure coding ever again.”,Alex Rainey,,1,,,Co-founder - My AskAI,,3,1348695171700984260__LOOKUP__1718283908235x904034279001563600,1348695171700984260__LOOKUP__1741198033468x986352159831621600,1348695171700984260__LOOKUP__1694202290795x270470217225457820,,custom.testimonial,5182034808,1741197977137,1741198089944,1741197976588x137083820089016320,
ai-page-2,,“Bubble has allowed us to do more. You don’t need to have a tech background to build a business that works.”,Alex Steinberg,,3,,,Co-founder - Faceless.video,,3,1348695171700984260__LOOKUP__1741197976588x137083820089016320,1348695171700984260__LOOKUP__1718283908235x904034279001563600,1348695171700984260__LOOKUP__1694202290795x270470217225457820,,custom.testimonial,5182034809,1741198033822,1741198089964,1741198033468x986352159831621600,
index-social-wall,,"Gotta say, I was impressed! Wrote a simple prompt to make a price comparison website for gaming monitors and got this:",Brandon Hassler,//meta-q.cdn.bubble.io/f1742580776204x112464240552558880/Brandon-Hassler.webp,2,,,@brandonhassler,,8,1348695171700984260__LOOKUP__1742852970036x158240942158385470,1348695171700984260__LOOKUP__1742852970035x488261884984548160,1348695171700984260__LOOKUP__admin_user_meta_live,,custom.testimonial,5182034810,1742852970035,1742853134579,1742852970035x311942007225167100,
index-social-wall,,Blown away by Bubble's AI assistant upgrade - your [color=#0c29ab]#nocode[/color] app from a single prompt! 🤯 Friday: apps looking tragic. Today: stunning! Whatever the [color=#0c29ab]@bubble[/color] team did over the weekend deserves major props! [color=#0c29ab]#NoCode #AI #GenAI[/color],Tom Wesolowski,//meta-q.cdn.bubble.io/f1742580785416x568478421985307840/Tom-Wesolowski.webp,1,,,@twesolowski,,8,1348695171700984260__LOOKUP__1742852970035x311942007225167100,1348695171700984260__LOOKUP__1742852970036x355383605712173100,1348695171700984260__LOOKUP__admin_user_meta_live,,custom.testimonial,5182034811,1742852970035,1742853281523,1742852970035x488261884984548160,
index-social-wall,,"Turns out, spending way too much time on Bubble has its perks...

I'm officially a [color=#0c29ab]@bubble[/color] Ambassador! 🎉

Bubble has changed my life, and I’m excited to give back even more to this amazing community. Whether you're a founder, a Bubble developer, or just curious, let’s connect!",Clémentine Grosset,//meta-q.cdn.bubble.io/f1742580762709x690877510126652000/Cle%CC%81mentine-Grosset.webp,3,,,@cloumcloumcloum,,8,1348695171700984260__LOOKUP__1742852970036x577642897894077700,1348695171700984260__LOOKUP__1742852970035x311942007225167100,1348695171700984260__LOOKUP__admin_user_meta_live,,custom.testimonial,5182034812,1742852970036,1742853149801,1742852970036x158240942158385470,
index-social-wall,,"I can only say that Bubble continues surprising me with experiences I never could have imagined and that I’m sure that the best is yet to come.

Can’t wait to see what’s ahead in 2025!",Sonia Calvo,//meta-q.cdn.bubble.io/f1742580731418x783794969307935700/Sonia-Calvo.webp,8,,,LinkedIn,,8,1348695171700984260__LOOKUP__1742852970035x488261884984548160,1348695171700984260__LOOKUP__1742852970036x730013788969818000,1348695171700984260__LOOKUP__admin_user_meta_live,,custom.testimonial,5182034813,1742852970036,1742853228936,1742852970036x355383605712173100,
index-social-wall,,"It's worth repeating: [color=#0c29ab]@Bubble[/color] has the unambiguously best community. A prime example of that is [color=#0c29ab]#devday[/color], which is an incredible community-organized event of community members doing technical talks on all kinds of incredible topics.",Brenton Strine,//meta-q.cdn.bubble.io/f1742580739355x981087319299667000/Brenton-Strine.webp,5,,,@brentonstrine,,8,1348695171700984260__LOOKUP__1742852970036x977696449103069600,1348695171700984260__LOOKUP__1742852970036x577642897894077700,1348695171700984260__LOOKUP__admin_user_meta_live,,custom.testimonial,5182034814,1742852970036,1742853178080,1742852970036x385632043272919230,
index-social-wall,,"AI coding still requires coding.

If you are not committed to becoming good at coding, then don't bother with these tools.

Bubble is miles easier to learn and can build the strong majority of app ideas that most people have.",No Code Pete,//meta-q.cdn.bubble.io/f1742580754727x599404360247438800/No%20Code%20Pete.webp,4,,,@nocodepete,,8,1348695171700984260__LOOKUP__1742852970036x385632043272919230,1348695171700984260__LOOKUP__1742852970036x158240942158385470,1348695171700984260__LOOKUP__admin_user_meta_live,,custom.testimonial,5182034815,1742852970036,1742853165953,1742852970036x577642897894077700,
index-social-wall,,That’s why we love Bubble. Bubble changed my life too.,Navindra Gamlakshage,//meta-q.cdn.bubble.io/f1742580722959x449460305362458000/Navindra%20Gamlakshage.webp,7,,,LinkedIn,,8,1348695171700984260__LOOKUP__1742852970036x355383605712173100,1348695171700984260__LOOKUP__1742852970036x977696449103069600,1348695171700984260__LOOKUP__admin_user_meta_live,,custom.testimonial,5182034816,1742852970036,1742853252574,1742852970036x730013788969818000,
index-social-wall,,"The [color=#0c29ab]@bubble[/color] and no-code community is so filled with such kind and helpful people.

Not every community is like this! 

🚀🚀🚀",Yash,//meta-q.cdn.bubble.io/f1742580746685x209158186730519680/Yash.webp,6,,,@yashdotso,,8,1348695171700984260__LOOKUP__1742852970036x730013788969818000,1348695171700984260__LOOKUP__1742852970036x385632043272919230,1348695171700984260__LOOKUP__admin_user_meta_live,,custom.testimonial,5182034817,1742852970036,1742853223730,1742852970036x977696449103069600,
solutions-ai-apps-builder,https://bubble.io/showcase/myaskai,“There’s no way I’d ever start a project in pure coding ever again.”,Alex Rainey,//meta-q.cdn.bubble.io/f1742949836204x556040261247774400/01.png,1,,,"Co-Founder, My AskAI",,2,1348695171700984260__LOOKUP__1742949887091x426477364254867460,1348695171700984260__LOOKUP__1742949887091x426477364254867460,1348695171700984260__LOOKUP__1698421198124x545773940404100200,,custom.testimonial,5182034818,1742949855108,1755206385411,1742949854646x165671116334956540,
solutions-ai-apps-builder,https://bubble.io/showcase/faceless-video,"""We decided to use Bubble as a starting point and our ending point. There’s no intention to switch off of it.""",Alex Steinberg,//meta-q.cdn.bubble.io/f1742949884889x656753661640137200/02.png,2,,,"Founder, Faceless.video",,2,1348695171700984260__LOOKUP__1742949854646x165671116334956540,1348695171700984260__LOOKUP__1742949854646x165671116334956540,1348695171700984260__LOOKUP__1698421198124x545773940404100200,,custom.testimonial,5182034819,1742949887203,1755206385448,1742949887091x426477364254867460,
solutions-build-social-network-guide,https://bubble.io/showcase/messly,“It would have been foolish for us to continue on the [traditional software development] route when this technology exists.”,Dr. Abrar Gundroo,//meta-q.cdn.bubble.io/f1745437426915x267412662254123970/Messly%20%E2%80%93%20Hero%20Image%20%E2%80%93%20Square.png,1,,,"Co-Founder, Messly",,3,1348695171700984260__LOOKUP__1745431839215x670945776308322300,1348695171700984260__LOOKUP__1745431884066x430308420685922300,1348695171700984260__LOOKUP__1735919908929x899280956183805000,,custom.testimonial,5182034820,1745422654440,1755206458321,1745422653968x467283446511697900,
solutions-build-social-network-guide,https://bubble.io/showcase/fishburners,"""[No-code] will fast-track development, save you money, and help keep you agile.""",Majella Campbell,//meta-q.cdn.bubble.io/f1745433978003x592213725280277300/Fishburner%20%E2%80%93%20Article%20Image.png,2,,,"COO, Fishburners",,3,1348695171700984260__LOOKUP__1745431884066x430308420685922300,1348695171700984260__LOOKUP__1745422653968x467283446511697900,1348695171700984260__LOOKUP__1735919908929x899280956183805000,,custom.testimonial,5182034821,1745431839518,1755206443478,1745431839215x670945776308322300,
solutions-build-social-network-guide,https://bubble.io/showcase/hampton,“I was looking for something that I could quickly build a prototype on ... We quickly realized that Bubble was able to do a lot more than we thought.”,Joe Speiser,//meta-q.cdn.bubble.io/f1745434018592x588575347834661800/Hampton%20%E2%80%93%20Aricle%20Image%20%E2%80%93%2016_9.png,3,,,"Co-Founder, Hampton",,3,1348695171700984260__LOOKUP__1745422653968x467283446511697900,1348695171700984260__LOOKUP__1745431839215x670945776308322300,1348695171700984260__LOOKUP__1735919908929x899280956183805000,,custom.testimonial,5182034822,1745431884201,1755206458365,1745431884066x430308420685922300,
mobile-testimonial,https://www.youtube.com/watch?v=HH4-dqvZBNo,"“Builders are going to really enjoy being able to build web and mobile apps all in the same spot. I mean, you're basically building your entire tech system in one location.”",Adam Goodyer,//meta-q.cdn.bubble.io/f1749480996555x355853121578573200/Movement%20App.webp,1,,,"Founder, APG Software",//meta-q.cdn.bubble.io/f1749500806975x627973633471424300/Adam%20Goodyer%20profile%20image.webp,1,,,1348695171700984260__LOOKUP__admin_user_meta_live,,custom.testimonial,5182034823,1749481018393,1749500808204,1749481018393x394928238861451000,
solutions-crm-builder,https://bubble.io/showcase/seagate,“[Bubble] gives us a strategic advantage and has downstream impacts that directly affect our customers in a positive way.”,Michael Ong,//meta-q.cdn.bubble.io/f1752250474821x615200641842313100/Seagate%20%E2%80%93%20Article%20Image.png,1,,,"Product Manager, Seagate",,3,1348695171700984260__LOOKUP__1752250685846x135057867073126400,1348695171700984260__LOOKUP__1752250737008x340857865367453700,1348695171700984260__LOOKUP__1691175681045x879390981931722800,,custom.testimonial,5182034824,1752250477135,1755206520481,1752250476873x539868955375304700,
solutions-crm-builder,https://bubble.io/showcase/unity,"“I feel like Bubble allows me to do everything, but I'm not limited to anything.”",Keren Franck,//meta-q.cdn.bubble.io/f1752250683822x842034323743983600/Unity%20%E2%80%93%20Article%20Image%20-%20Card%20-%20tiny.png,2,,,"Product Manager, Unity",,3,1348695171700984260__LOOKUP__1752250737008x340857865367453700,1348695171700984260__LOOKUP__1752250476873x539868955375304700,1348695171700984260__LOOKUP__1691175681045x879390981931722800,,custom.testimonial,5182034834,1752250686100,1755206508417,1752250685846x135057867073126400,
solutions-crm-builder,https://bubble.io/showcase/hive-health,"“When our team identifies a new user need, Bubble allows us to test and deploy a feature in as little as a week.”",Julia Bayoneta,//meta-q.cdn.bubble.io/f1752250735259x502431533812486300/Hiv%20Health%20%E2%80%93%20Article%20Image%40_tiny.png,3,,,"Product Team Lead, Hive Health",,3,1348695171700984260__LOOKUP__1752250476873x539868955375304700,1348695171700984260__LOOKUP__1752250685846x135057867073126400,1348695171700984260__LOOKUP__1691175681045x879390981931722800,,custom.testimonial,5182034835,1752250737266,1755206520505,1752250737008x340857865367453700,
/ai-personalization,,"“I had no idea how easy it is to build something like this, especially in Bubble.”",David Bressler,//meta-q.cdn.bubble.io/f1755118452389x108835153884339070/David%20Bressler%20-%20desktop.png,1,,,"Founder, Formula Bot
",,2,1348695171700984260__LOOKUP__1753985778611x292968310513351360,1348695171700984260__LOOKUP__1753985778611x292968310513351360,1348695171700984260__LOOKUP__admin_user_meta_live,,custom.testimonial,5182034836,1753985778610,1755118455515,1753985778610x945136188394778900,
/ai-personalization,,"“We can think of a feature and ship it the next day. There’s no long, painstaking process.”",Catherine Chin,//meta-q.cdn.bubble.io/f1755118489120x907766782433253800/Catherine%20chin%20-%20desktop.png,2,,,"Co-founder, Odyseek
",,2,1348695171700984260__LOOKUP__1753985778610x945136188394778900,1348695171700984260__LOOKUP__1753985778610x945136188394778900,1348695171700984260__LOOKUP__admin_user_meta_live,,custom.testimonial,5182034837,1753985778611,1755118491574,1753985778611x292968310513351360,
careers-new,,"“I started my Bubble journey as a summer intern working on our version control system. Drawn by the mission, I returned full-time; since then, I’ve led projects for our core product, the Editor. Now, I’ve stepped up as an engineering manager, guiding our team toward greater achievements.”",Zoe Lapomme,//meta-q.cdn.bubble.io/f1758117858712x823661867200773600/hero%20image%202.png,1,,,ENGINEERING MANAGER,,5,1348695171700984260__LOOKUP__1758117511089x179549902721760860,1348695171700984260__LOOKUP__1758117633392x974927976635744300,1348695171700984260__LOOKUP__admin_user_meta_live,,custom.testimonial,5241994844,1758117474673,1758117999728,1758117474673x964704523740751200,
careers-new,,"“Values have always felt like aspirational goals that companies hope their teams personify. But at Bubble, I find them to be descriptive of the team. While I have many things to be thankful for about Bubble, the people on the team are easily at the top of the list.”",Andrew Vernon,//meta-q.cdn.bubble.io/f1758117889338x581762044637764200/hero%20image.png,2,,,LEAD BUBBLE DEVELOPER,,5,1348695171700984260__LOOKUP__1758117539712x236731124642254530,1348695171700984260__LOOKUP__1758117474673x964704523740751200,1348695171700984260__LOOKUP__admin_user_meta_live,,custom.testimonial,5241988848,1758117511089,1758117893027,1758117511089x179549902721760860,
careers-new,,“I started Bubble to make building software as easy as using software. Bubble is about changing people’s lives by lowering the barrier to entry to the biggest economic transformation of our lifetimes.”,Josh Haas,//meta-q.cdn.bubble.io/f1758117911071x327913267889615740/hero%20image%20%281%29.png,3,,,CO-CEO,,5,1348695171700984260__LOOKUP__1758117605214x293053899851132500,1348695171700984260__LOOKUP__1758117511089x179549902721760860,1348695171700984260__LOOKUP__admin_user_meta_live,,custom.testimonial,5241990011,1758117539712,1758117914683,1758117539712x236731124642254530,
careers-new,,"“I joined as a Success Associate, and a year later I became a manager of our Technical Product Support team. There’s so much to learn at a fast-paced startup; I’m excited to see what’s next!”",Niki Saelou,//meta-q.cdn.bubble.io/f1758117974431x198400909044860860/hero%20image%20%282%29.png,4,,,TECHNICAL PRODUCT SUPPORT MANAGER,,5,1348695171700984260__LOOKUP__1758117633392x974927976635744300,1348695171700984260__LOOKUP__1758117539712x236731124642254530,1348695171700984260__LOOKUP__admin_user_meta_live,,custom.testimonial,5241993575,1758117605214,1758117977258,1758117605214x293053899851132500,
careers-new,,"“I’m naturally curious, so I love tinkering, asking questions, figuring out how to achieve something, and investigating causes and impacts. I enjoy the aha moments I have and guiding users to make these same discoveries.”",Sofia Maconi,//meta-q.cdn.bubble.io/f1758117996549x336618444408417300/hero%20image%20%283%29.png,5,,,SENIOR SUCCESS OPERATIONS SPECIALIST,,5,1348695171700984260__LOOKUP__1758117474673x964704523740751200,1348695171700984260__LOOKUP__1758117605214x293053899851132500,1348695171700984260__LOOKUP__admin_user_meta_live,,custom.testimonial,5241994845,1758117633392,1758117999782,1758117633392x974927976635744300,
