title_text,content_text,categories_list_text,Created By,Modified By,_type,_version,Created Date,Modified Date,_id,Slug
Fully functional and customizable,"Map the user experience to determine what happens as users navigate your application, click by click.",['Develop'],1348695171700984260__LOOKUP__1559576711128x436399054550548900,,custom.feature_index_text,609977849,1587746320274,1596473071167,1587746320274x121707717954657950,
Powerful logic,Build out if-then logic and manage a database with our fully customizable drag-and-drop Workflow tool. ,['Develop'],1348695171700984260__LOOKUP__1559576711128x436399054550548900,,custom.feature_index_text,609977616,1587746320707,1596473060559,1587746320707x596638921065736800,
User management,"Set up user accounts and enable log-ins with passwords or any OAuth 2.0 provider, including Facebook, LinkedIn, or Google.",['Develop'],1348695171700984260__LOOKUP__1559576711128x436399054550548900,,custom.feature_index_text,609977346,1587746321167,1596473047971,1587746321167x349147693434189700,
Data storage,"Design your own data structures in our scalable, code-free hosted data store, or connect to your own SQL database or RESTful API.",['Develop'],1348695171700984260__LOOKUP__1559576711128x436399054550548900,,custom.feature_index_text,609977065,1587746321536,1596473034936,1587746321536x602782626495576000,
Private data,"Build privacy rules to manage which data users are allowed to see.
",['Develop'],1348695171700984260__LOOKUP__1559576711128x436399054550548900,,custom.feature_index_text,609976833,1587746321899,1596473024343,1587746321899x376811217185821300,
Export and manage data,Import and export all your application’s data using CSV files or Excel.,['Develop'],1348695171700984260__LOOKUP__1559576711128x436399054550548900,,custom.feature_index_text,609976527,1587746322236,1596473010591,1587746322236x969307363354287900,
Real-time interactivity,"Bubble pushes all data actions to other users in real-time, so building chats, news feeds, and other interactive use cases is easy.",['Develop'],1348695171700984260__LOOKUP__1559576711128x436399054550548900,,custom.feature_index_text,609976163,1587746322686,1596472995774,1587746322686x835992727130906000,
Sophisticated search,Create advanced searches and queries and display results in whatever format you choose. Customize your queries even further with Bubble's powerful and native Algolia integration.,['Develop'],1348695171700984260__LOOKUP__1559576711128x436399054550548900,,custom.feature_index_text,1068477255,1587746323058,1615229631914,1587746323057x195538488952577760,
Automated actions,Save time and manual work by scheduling future actions and running recurring workflows to automate backend processes.,['Develop'],1348695171700984260__LOOKUP__1559576711128x436399054550548900,,custom.feature_index_text,609975574,1587746323397,1596472971642,1587746323396x844047511531454500,
Infinitely extensible,"Fully extend your Bubble app with Javascript plugins and our no-code API connector. Find a solution to any business problem in our plugin marketplace, or create your own.",['Develop'],1348695171700984260__LOOKUP__1559576711128x436399054550548900,,custom.feature_index_text,609975339,1587746323755,1596472961874,1587746323755x258685981839105180,
Drag and drop editor,"Create a pixel-perfect design without any knowledge of HTML or CSS.
",['Design'],1348695171700984260__LOOKUP__1559576711128x436399054550548900,,custom.feature_index_text,609975139,1587746324116,1596472951955,1587746324116x513685522984568500,
Responsive design,"Bubble apps look great in mobile browsers, out of the box.
",['Design'],1348695171700984260__LOOKUP__1559576711128x436399054550548900,,custom.feature_index_text,609974835,1587746324437,1596472939755,1587746324437x650084049838792700,
Custom domains,"White-label your app with a custom domain name, optimized with Cloudflare for faster performance.
",['Design'],1348695171700984260__LOOKUP__1559576711128x436399054550548900,,custom.feature_index_text,609974610,1587746324737,1596472929279,1587746324737x154976469163891970,
Visual flair,"Easily insert images, icons, buttons, maps, video, calendars, and more.
",['Design'],1348695171700984260__LOOKUP__1559576711128x436399054550548900,,custom.feature_index_text,609974418,1587746325040,1596472920349,1587746325040x746758033524865400,
Dynamic content,Text and images can display user-generated content or data fetched from APIs or other services.,['Design'],1348695171700984260__LOOKUP__1559576711128x436399054550548900,,custom.feature_index_text,609974219,1587746325594,1596472910937,1587746325594x588666275916596900,
Conditional control,"Change the font, color, or visibility of anything on the page based on information from the app.
",['Design'],1348695171700984260__LOOKUP__1559576711128x436399054550548900,,custom.feature_index_text,609973944,1587746325939,1596472899229,1587746325939x577816845936208300,
Plugins,"Display information from other applications with our collection of 800+ plugins, including Stripe, Google, Facebook, and more.",['Design'],1348695171700984260__LOOKUP__1559576711128x436399054550548900,,custom.feature_index_text,609973676,1587746326343,1596472888183,1587746326343x186714328607160420,
Internationalization made easy,"Translate your app’s text and automatically display the right language, currency, and formats without additional work.",['Design'],1348695171700984260__LOOKUP__1559576711128x436399054550548900,,custom.feature_index_text,609973217,1587746326785,1596472869794,1587746326785x750416052001440000,
App-wide styles,Define app-wide styles to maintain a coherent design across your entire application.,['Design'],1348695171700984260__LOOKUP__1559576711128x436399054550548900,,custom.feature_index_text,609972872,1587746327102,1596472854454,1587746327102x521952910488233500,
Simple deployment and hosting,"Never worry about server maintenance, infrastructure, or operations.",['Host'],1348695171700984260__LOOKUP__1559576711128x436399054550548900,,custom.feature_index_text,609972681,1587746327401,1596472843335,1587746327401x880334729061290000,
Scale with ease,Allocate more server resources as your user base grows to scale up from demo app to web-scale enterprise without technical changes.,['Host'],1348695171700984260__LOOKUP__1559576711128x436399054550548900,,custom.feature_index_text,609972408,1587746327704,1596472830519,1587746327704x521175349545248900,
Version control,"Test changes safely on a private version, then deploy them to your users with one click. Instantly revert your app to any point in its history.",['Host'],1348695171700984260__LOOKUP__1559576711128x436399054550548900,,custom.feature_index_text,609972190,1587746328010,1596472821323,1587746328010x606761585496239900,
Automatic backups,Bubble backs up user data and can roll back to any point in time.,['Host'],1348695171700984260__LOOKUP__1559576711128x436399054550548900,,custom.feature_index_text,609971941,1587746328331,1596472811749,1587746328331x560558443368831300,
Real-time logging,"See every action users take on your app, and trace a history of their behavior.",['Host'],1348695171700984260__LOOKUP__1559576711128x436399054550548900,,custom.feature_index_text,609971688,1587746328727,1596472799926,1587746328727x385826624630267260,
Go global,"Bubble uses Cloudflare CDN for all apps, publishing content globally for fast local access across the world. We also offer international hosting with dedicated plans.",['Host'],1348695171700984260__LOOKUP__1559576711128x436399054550548900,,custom.feature_index_text,1069037700,1587746329236,1615243404303,1587746329236x980596878202921100,
Always secure,"Keep your collaborators and users safe and secure with free, automatic SSL certificates for all Bubble websites.",['Host'],1348695171700984260__LOOKUP__1559576711128x436399054550548900,,custom.feature_index_text,609971160,1587746329581,1596472776274,1587746329581x253808623948928770,
Multi-factor authentication,"Enable on Production and Dedicated Plans to protect your Bubble account, and allow users to protect their accounts within your application.",['Host'],1348695171700984260__LOOKUP__1559576711128x436399054550548900,,custom.feature_index_text,609970885,1587746329888,1596472763503,1587746329888x603050598972607600,
Built-in analytics,"Make informed decisions. Track the number of visitors and workflow runs and see which parts of your app are the most used with our powerful dashboards.
",['Host'],1348695171700984260__LOOKUP__1559576711128x436399054550548900,,custom.feature_index_text,609970618,1587746330181,1596472752372,1587746330181x903214548162383200,
Activity tracking integrations,"Connect with popular analytics and customer management services such as Mixpanel, Google Analytics, or Segment.
",['Grow'],1348695171700984260__LOOKUP__1559576711128x436399054550548900,,custom.feature_index_text,609970302,1587746330510,1596472739596,1587746330510x419043002940298100,
Email,"Send customizable, transactional emails to users and integrate with email list management services.",['Grow'],1348695171700984260__LOOKUP__1559576711128x436399054550548900,,custom.feature_index_text,609970102,1587746330809,1596472729412,1587746330809x227736341759676930,
Payment integrations,"Bubble integrates with Stripe and Braintree and supports complex payment models including subscriptions, deferred payments, third-party transactions, and more.",['Grow'],1348695171700984260__LOOKUP__1559576711128x436399054550548900,,custom.feature_index_text,609969895,1587746331138,1596472719381,1587746331138x135430396150056700,
SEO,"Control how Google displays your page in search results by setting meta tags, customizing URL text and titles, and generating site maps.",['Grow'],1348695171700984260__LOOKUP__1559576711128x436399054550548900,,custom.feature_index_text,609969612,1587746331440,1596472707637,1587746331440x720115654157291900,
Integrate with Bubble,Publish your own API with one click to let your customers and partners connect with you.,['Grow'],1348695171700984260__LOOKUP__1559576711128x436399054550548900,,custom.feature_index_text,609969295,1587746331767,1596472694905,1587746331767x355281614213939460,
Up to 40 collaborators,"Invite colleagues to work on your application with you, with customizable permissions and access rights.",['Collaborate'],1348695171700984260__LOOKUP__1559576711128x436399054550548900,,custom.feature_index_text,609968986,1587746332064,1596472682517,1587746332064x325891756539755900,
Real-time editor updates,See what your collaborators are modifying live to work in tandem or avoid stepping on toes.,['Collaborate'],1348695171700984260__LOOKUP__1559576711128x436399054550548900,,custom.feature_index_text,609968730,1587746332567,1596472669909,1587746332567x171585546933658020,
Annotations,"Provide feedback by marking up your app with notes, tasks, and comments for your team to view.",['Collaborate'],1348695171700984260__LOOKUP__1559576711128x436399054550548900,,custom.feature_index_text,609966494,1587746332870,1596472570830,1587746332870x170373503314730430,
Private app development,"Password protect your application so you can share selectively until you’re ready to unveil it to the world.
",['Collaborate'],1348695171700984260__LOOKUP__1559576711128x436399054550548900,,custom.feature_index_text,609966226,1587746333224,1596472559084,1587746333224x726150954626854300,
Custom database views,Create custom database views with constraints and filters to gain insights into your app's data or use it as a data source for backend workflows for even more powerful data operations.,['Develop'],1348695171700984260__LOOKUP__1607352874536x670720695636958200,,custom.feature_index_text,1068493247,1615229986388,1615229998152,1615229985646x237524905027960830,
Option sets,Easily create and store global lists of options for your app outside of the database. Option sets are a great way to define drop downs or variables with attributes that can be used throughout your application.,['Develop'],1348695171700984260__LOOKUP__1607352874536x670720695636958200,,custom.feature_index_text,1068755343,1615236203705,1615236260695,1615236203552x679270748827156500,
Figma integration,Does your app's design already live in Figma? Import those pixel-perfect frames into Bubble and turn those designs into a functioning app in no time.,['Design'],1348695171700984260__LOOKUP__1607352874536x670720695636958200,,custom.feature_index_text,1069068313,1615236996534,1615244314487,1615236996393x755126330782122000,
Customizable page URLs,"Set your own page slugs for a cleaner, more expressive, and memorable experience.",['Grow'],1348695171700984260__LOOKUP__1607352874536x670720695636958200,,custom.feature_index_text,1069049362,1615243740469,1615243745337,1615243740053x133670190047559680,
Web and Mobile,Build responsive web apps and native mobile apps in the same Bubble Editor.,['Develop'],1348695171700984260__LOOKUP__admin_user_meta_live,,custom.feature_index_text,4344799341,1727375666037,1727375666053,1727375666037x901406737045332000,
