title_text,video_file,price_number,seats_number,language_text,timezone_text,hidden_boolean,online_boolean,instructor_user,private_boolean,sessions_number,sold_out_boolean,unhide_date_date,cancelled_boolean,custom_title_text,published_boolean,early_bird_boolean,first_session_date,coach1_custom_coach,requests_notes_text,send_surveys_boolean,course_custom_course1,discount_price_number,slack_channel_id_text,custom_about_text_text,office_hours_list_date,custom_what_to_expect_text,so_google_drive_link__text,alternative_video_link_text,early_bird_eligible_boolean,early_bird_threshold_number,special_promotion_copy_text,go_live_date_backend_id_text,instructor_compensation_number,special_promotion_price_number,special_promotion_end_date_date,instructor_referral_bonus_number,perk_program_custom_perk_program,special_promotion_start_date_date,bootcamp_type_option_bootcamp_type,custom_class_schedule_headline_text,sessions_list_custom_bootcamp_session,status_option_bootcamp_request_status,second_session__twice_weekly_only__date,bootcamp_cadence_option_bootcamp_cadence,compensation_type_option_instructor_compensation_type,Created By,Modified By,_type,_version,Created Date,Modified Date,_id,Slug
Build and Launch No-Code Bootcamp with Jacob Gershkovich,,800,8,English,America/New_York,False,True,1348695171700984260__LOOKUP__1596897565289x342153787933673600,,8,True,,,,True,True,1639519200000,1348695171700984260__LOOKUP__1632976705019x674070213927356400,,True,1348695171700984260__LOOKUP__1632857733674x264020971172921340,600,C02QM8EBBP1,,,,,,False,6,Holiday Sale!,,,549,1641272340000,100,,1639890060000,,,"['1348695171700984260__LOOKUP__1635906373386x778629630443631700', '1348695171700984260__LOOKUP__1635906373952x396945998322340000', '1348695171700984260__LOOKUP__1635906374842x985873178246299800', '1348695171700984260__LOOKUP__1635906375390x770791204275574700', '1348695171700984260__LOOKUP__1635906376105x954267277033900000', '1348695171700984260__LOOKUP__1635906376858x827309445127053400', '1348695171700984260__LOOKUP__1635906377534x557162630183732030', '1348695171700984260__LOOKUP__1635906377966x552333398798620100']",approved,,,,,,,,,,,
Build and Launch No-Code Bootcamp with Jon Melo,,800,8,English,America/New_York,False,True,1348695171700984260__LOOKUP__1605817188618x641063327807960300,,8,True,,,,True,True,1639616400000,1348695171700984260__LOOKUP__1632976705110x503534994525739260,,True,1348695171700984260__LOOKUP__1632857733674x264020971172921340,600,C02QKLK69T4,,,,,,False,6,Holiday Sale!,,,549,1641272340000,100,,1639890060000,,Wednesdays for 8 weeks,"['1348695171700984260__LOOKUP__1635906487495x564980549630789100', '1348695171700984260__LOOKUP__1635906488383x727158136866091300', '1348695171700984260__LOOKUP__1635906488851x577975679638670600', '1348695171700984260__LOOKUP__1635906489582x141914454327485280', '1348695171700984260__LOOKUP__1635906490335x292025278059367300', '1348695171700984260__LOOKUP__1635906491088x674604203667084700', '1348695171700984260__LOOKUP__1635906492265x943554434809767300', '1348695171700984260__LOOKUP__1635906493010x712438323548527900']",approved,,,,,,,,,,,
Professionals No-Code Bootcamp with Jacob Gershkovich,,2000,8,English,America/New_York,False,True,1348695171700984260__LOOKUP__1596897565289x342153787933673600,,8,True,,,,True,False,1638820800000,1348695171700984260__LOOKUP__1632976705019x674070213927356400,,True,1348695171700984260__LOOKUP__1632857734148x530149686911434750,1600,C02QM8KKFKR,,,,,,False,6,Holiday Sale!,,,1749,1641272340000,400,,1639890060000,,,"['1348695171700984260__LOOKUP__1636565875864x702336308824761300', '1348695171700984260__LOOKUP__1636565877408x379505791512634500', '1348695171700984260__LOOKUP__1636565878114x128220676693840300', '1348695171700984260__LOOKUP__1636565878848x809416295019988400', '1348695171700984260__LOOKUP__1636565879551x836166721340477600', '1348695171700984260__LOOKUP__1636565880427x309409005396150680', '1348695171700984260__LOOKUP__1636565881055x357434781568462850', '1348695171700984260__LOOKUP__1636565882127x124224507371131220']",approved,,,,,,,,,,,
Jumpstart No-Code Bootcamp with Kelly Claus,//s3.amazonaws.com/appforest_uf/f1637794210172x910582906034748300/Kelly%20General%20Bootcamp%20Promo.mp4,450,8,English,America/Chicago,False,True,1348695171700984260__LOOKUP__1618050087935x258801334674261700,,4,True,,,,True,False,1639411200000,1348695171700984260__LOOKUP__1635563027172x266548111236198050,,True,1348695171700984260__LOOKUP__1632857685595x776051843910860800,0,C02QMUXJXHA,,,,,,False,6,Holiday Sale!,,,349,1641272340000,70,,1639890060000,,,"['1348695171700984260__LOOKUP__1637260242707x289819460068801800', '1348695171700984260__LOOKUP__1637260243701x332994826799307260', '1348695171700984260__LOOKUP__1637260244480x714920280609423900', '1348695171700984260__LOOKUP__1637260245506x925437911910852900']",approved,,,,,,,,,,,
Jumpstart No-Code Bootcamp with Kelly Claus,//s3.amazonaws.com/appforest_uf/f1638469716944x223807249735323400/Kelly%20General%20Bootcamp%20Promo.mp4,450,8,English,America/Chicago,False,True,1348695171700984260__LOOKUP__1618050087935x258801334674261700,,4,True,,,,True,False,1643644800000,1348695171700984260__LOOKUP__1635563027172x266548111236198050,,True,1348695171700984260__LOOKUP__1632857685595x776051843910860800,300,C02P544BNHK,,,,,,False,6,Holiday Sale!,,,349,1641877140000,70,,1639890060000,,,"['1348695171700984260__LOOKUP__1638402015710x542065234266948300', '1348695171700984260__LOOKUP__1638402017255x939009907297050100', '1348695171700984260__LOOKUP__1638402018780x806610728347335200', '1348695171700984260__LOOKUP__1638402019814x212039514801056770']",approved,,,,,,,,,,,
Build and Launch No-Code Bootcamp with Jagdish Bajaj,,800,8,English,America/New_York,False,True,1348695171700984260__LOOKUP__1533259902554x722339001949876600,,8,True,,,,True,True,1641481200000,1348695171700984260__LOOKUP__1632976704974x878757370898601200,,True,1348695171700984260__LOOKUP__1632857733674x264020971172921340,600,C02SV086EBV,,,,,,False,6,Holiday Sale!,,,549,1641877140000,100,,1639890060000,,,"['1348695171700984260__LOOKUP__1638809281559x449120689426376800', '1348695171700984260__LOOKUP__1638809282604x992036739316943400', '1348695171700984260__LOOKUP__1638809283896x679142568945709600', '1348695171700984260__LOOKUP__1638809284539x897424132245463300', '1348695171700984260__LOOKUP__1638809285490x206246142554233900', '1348695171700984260__LOOKUP__1638809286572x446171089985293500', '1348695171700984260__LOOKUP__1638809287380x751095760017124400', '1348695171700984260__LOOKUP__1638809288119x529473636371624600']",approved,,,,,,,,,,,
Jumpstart No-Code Bootcamp with Jonathan Timianko,//s3.amazonaws.com/appforest_uf/f1638999528777x743081949715107700/New%20Bootcamp%20Video%20Clip%20Jonathan%20Timianko.mp4,450,8,English,America/New_York,False,True,1348695171700984260__LOOKUP__1453603068183x514216608600690940,,4,True,,,,True,False,1642460400000,1348695171700984260__LOOKUP__1637795521883x917533212133460500,,True,1348695171700984260__LOOKUP__1632857685595x776051843910860800,300,C02PT51BEJY,,,,,,False,6,Holiday Sale!,,,349,1641877140000,70,,1639890060000,,,"['1348695171700984260__LOOKUP__1638832717913x422173335718448960', '1348695171700984260__LOOKUP__1638832718690x336746062394411650', '1348695171700984260__LOOKUP__1638832720059x133196391721471790', '1348695171700984260__LOOKUP__1638832721059x295696322246569400']",approved,,,,,,,,,,,
Jumpstart No-Code Bootcamp with Jonathan Timianko,//s3.amazonaws.com/appforest_uf/f1638999534045x975008382468743700/New%20Bootcamp%20Video%20Clip%20Jonathan%20Timianko.mp4,450,8,English,America/New_York,False,True,1348695171700984260__LOOKUP__1453603068183x514216608600690940,,4,True,,,,True,False,1643065200000,1348695171700984260__LOOKUP__1637795521883x917533212133460500,,True,1348695171700984260__LOOKUP__1632857685595x776051843910860800,300,C02PT532ZQC,,,,,,False,6,Holiday Sale!,,,349,1641877140000,70,,1639890060000,,,"['1348695171700984260__LOOKUP__1638832755406x210027696566876800', '1348695171700984260__LOOKUP__1638832756110x832851519536614000', '1348695171700984260__LOOKUP__1638832757579x831742706333014800', '1348695171700984260__LOOKUP__1638832758227x737387260578941800']",approved,,,,,,,,,,,
Build and Launch No-Code Bootcamp with Simon Jenner,,800,8,English,Europe/London,False,True,1348695171700984260__LOOKUP__1444144905022x198400251567363740,,8,True,,,,True,False,1642525200000,1348695171700984260__LOOKUP__1632976705338x508284356768945200,,True,1348695171700984260__LOOKUP__1632857733674x264020971172921340,600,C02PXN97HA9,,,,,,False,6,Holiday Sale!,,,549,1641877140000,100,,1639890060000,,,"['1348695171700984260__LOOKUP__1638988757972x382985712238716600', '1348695171700984260__LOOKUP__1638988764126x455304556055985200', '1348695171700984260__LOOKUP__1638988765227x932394339876574600', '1348695171700984260__LOOKUP__1638988765921x966562107329269100', '1348695171700984260__LOOKUP__1638988766474x438373475245732030', '1348695171700984260__LOOKUP__1638988767590x420872808210971400', '1348695171700984260__LOOKUP__1638988768566x740631227195261700', '1348695171700984260__LOOKUP__1638988769538x987496869806395300']",approved,,,,,,,,,,,
Build and Launch No-Code Bootcamp with Jon Melo,,800,8,English,America/New_York,False,True,1348695171700984260__LOOKUP__1605817188618x641063327807960300,,8,True,,,,True,True,1643760000000,1348695171700984260__LOOKUP__1632976705110x503534994525739260,,True,1348695171700984260__LOOKUP__1632857733674x264020971172921340,600,C02SNTMTBPV,,,,,,False,6,Holiday Sale!,,,549,1641877140000,100,,1639890060000,,,"['1348695171700984260__LOOKUP__1641317411816x458962938381062500', '1348695171700984260__LOOKUP__1641317412488x421810221551794050', '1348695171700984260__LOOKUP__1641317413163x853344560463629100', '1348695171700984260__LOOKUP__1641317413930x631639788327401500', '1348695171700984260__LOOKUP__1641317414558x371836432494455400', '1348695171700984260__LOOKUP__1641317415246x464741739903428350', '1348695171700984260__LOOKUP__1641317415773x592891699943500300', '1348695171700984260__LOOKUP__1641317416191x239474335890842660']",approved,,,,,,,,,,,
Build and Launch No-Code Bootcamp with Matt McGowan,,800,8,English,America/New_York,False,True,1348695171700984260__LOOKUP__1526389052011x995012978091836000,,8,True,,,,True,True,1644933600000,1348695171700984260__LOOKUP__1632976705154x588824454780761100,,True,1348695171700984260__LOOKUP__1632857733674x264020971172921340,600,C02UMDEV08G,,,,,,False,6,Valentine's Sale!,,,549,1645505940000,100,,1644598800000,,,"['1348695171700984260__LOOKUP__1642092840690x845265085341564700', '1348695171700984260__LOOKUP__1642092841500x117585070257895780', '1348695171700984260__LOOKUP__1642092841880x336516147616687360', '1348695171700984260__LOOKUP__1642092842518x713205275372620500', '1348695171700984260__LOOKUP__1642092842918x982467494963473800', '1348695171700984260__LOOKUP__1642092843606x888032821703431000', '1348695171700984260__LOOKUP__1642092844249x224506205631845400', '1348695171700984260__LOOKUP__1642092844887x158346870798863330']",approved,,,,,,,,,,,
Professionals No-Code Bootcamp with Jacob Gershkovich,,2000,8,English,America/New_York,False,True,1348695171700984260__LOOKUP__1596897565289x342153787933673600,,8,True,,,,True,False,1646175600000,1348695171700984260__LOOKUP__1632976705019x674070213927356400,,True,1348695171700984260__LOOKUP__1632857734148x530149686911434750,1750,C02V47B1E6M,,,,,,False,6,Valentine's Sale!,,,1749,1645505940000,400,,1644598800000,,,"['1348695171700984260__LOOKUP__1642627491531x261000641023217280', '1348695171700984260__LOOKUP__1642627492140x766520107686947000', '1348695171700984260__LOOKUP__1642627493332x962585536216870700', '1348695171700984260__LOOKUP__1642627493925x890443283256444200', '1348695171700984260__LOOKUP__1642627494462x593306737109797500', '1348695171700984260__LOOKUP__1642627495048x572617829565687600', '1348695171700984260__LOOKUP__1642627496009x295018210912589630', '1348695171700984260__LOOKUP__1642627496463x942761650824166000']",approved,,,,,,,,,,,
Build and Launch No-Code Bootcamp with Jagdish Bajaj,,800,8,English,America/New_York,False,True,1348695171700984260__LOOKUP__1533259902554x722339001949876600,,8,True,,,,True,True,1646319600000,1348695171700984260__LOOKUP__1632976704974x878757370898601200,,True,1348695171700984260__LOOKUP__1632857733674x264020971172921340,600,C031G580QPN,,,,,,False,6,Valentine's Sale!,,,549,1645505940000,100,,1644598800000,,,"['1348695171700984260__LOOKUP__1643841099129x125016979139500160', '1348695171700984260__LOOKUP__1643841099664x943274212234527900', '1348695171700984260__LOOKUP__1643841100403x936413703957119000', '1348695171700984260__LOOKUP__1643841101145x341607210215968400', '1348695171700984260__LOOKUP__1643841102027x179605206354198850', '1348695171700984260__LOOKUP__1643841102803x360587816613182200', '1348695171700984260__LOOKUP__1643841103389x764701822400235500', '1348695171700984260__LOOKUP__1643841104055x525051534600554600']",approved,,,,,,,,,,,
Jumpstart Huddle No-Code Bootcamp with Dave McManus,//s3.amazonaws.com/appforest_uf/f1644946035581x957279819724274200/Loom%20Message%20-%2030%20January%202022.mp4,450,8,English,Australia/Melbourne,False,True,1348695171700984260__LOOKUP__1583546872839x334578563335673700,,4,True,,,,True,False,1646679600000,1348695171700984260__LOOKUP__1638396583090x794757036149491100,,True,1348695171700984260__LOOKUP__1632857685595x776051843910860800,300,C0323KBASD6,,,,,,False,6,Women’s Month Sale!,,,349,1647403140000,70,,1646629200000,,,"['1348695171700984260__LOOKUP__1643841578853x901022960155156900', '1348695171700984260__LOOKUP__1643841579423x309082075549631100', '1348695171700984260__LOOKUP__1643841579958x283550715008042960', '1348695171700984260__LOOKUP__1643841580742x192963900231897470']",approved,,,,,,,,,,,
Build and Launch No-Code Bootcamp with Jonathan Timianko,//s3.amazonaws.com/appforest_uf/f1645120063523x507219757596947700/jonathan%20timianko.mp4,800,8,English,,False,True,1348695171700984260__LOOKUP__1453603068183x514216608600690940,,8,True,,,,True,True,1646776800000,1348695171700984260__LOOKUP__1637795521883x917533212133460500,,True,1348695171700984260__LOOKUP__1632857733674x264020971172921340,600,C035SNG9X5M,,,,,,True,,Women’s Month Sale!,,,549,1647403140000,100,,1646629200000,,,"['1348695171700984260__LOOKUP__1645046195432x628322456018091500', '1348695171700984260__LOOKUP__1645046195482x964404181492138200', '1348695171700984260__LOOKUP__1645046196249x883699677885340300', '1348695171700984260__LOOKUP__1645046196314x854487240396279600', '1348695171700984260__LOOKUP__1645046197378x852964655603445400', '1348695171700984260__LOOKUP__1645046197475x816215671830834000', '1348695171700984260__LOOKUP__1645046198864x345007188156227140', '1348695171700984260__LOOKUP__1645046198916x393881260792712000']",approved,1646953200000,twice_weekly,,,,,,,,,
Jumpstart No-Code Bootcamp with Will Ericksson,,450,8,English,,False,True,1348695171700984260__LOOKUP__1599617180521x323764622475079900,,4,True,,,,True,False,1647896400000,1348695171700984260__LOOKUP__1632976705426x165179234392647260,,True,1348695171700984260__LOOKUP__1632857685595x776051843910860800,300,C03803FAZK4,,,,,,False,0,Women's Month Sale!,,,349,1647403140000,70,,1646629260000,,,"['1348695171700984260__LOOKUP__1646779817532x985671850647062900', '1348695171700984260__LOOKUP__1646779818695x835475089834721700', '1348695171700984260__LOOKUP__1646779819701x207244911345957570', '1348695171700984260__LOOKUP__1646779820468x321750848855825860']",approved,,consecutive,,,,,,,,,
