end_date,name_text,logo_image,start_date,coupon_id_text,contact_email_text,Created By,Modified By,_type,_version,Created Date,Modified Date,_id,Slug
1644879600000,Great Hackathon at Sorbonne,,1644706800000,,,,,,,,,,great-hackathon-at-sorbonne
1645311600000,TreeHacks 2022,//s3.amazonaws.com/appforest_uf/f1644794194602x787933478172809600/treehacks-text.10ebab5b.png,1645138800000,,,,,,,,,,treehacks-2022
1697457600000,BubbleCon 2023 Hackathon,,1697230800000,,,,,,,,,,
1725883200000,BubbleCon 2024 Hackathon,,1725652800000,,,,,,,,,,
1745517600000,SP Competition 2025,,1745249400000,,,,,,,,,,sp-competition-2025
