link_text,name_text,order_number,community_group_type_custom_community_group_type,Created By,Modified By,_type,_version,Created Date,Modified Date,_id,Slug
https://www.facebook.com/groups/bubbleio/,Bubble Community No-Code Startup Hub,1,1348695171700984260__LOOKUP__1716924709673x666935649473396700,1348695171700984260__LOOKUP__1645632490221x299151432982863040,,custom.community_group,4072640824,1716926014427,1716926014427,1716926013670x959037973601976300,
https://www.facebook.com/groups/764606574778142,Bubble & No-Code Developers,2,1348695171700984260__LOOKUP__1716924709673x666935649473396700,1348695171700984260__LOOKUP__1645632490221x299151432982863040,,custom.community_group,4072640825,1716926031363,1716926031363,1716926031016x998871096047173600,
https://www.facebook.com/groups/1991947521088641,Bubble Visual Programming,3,1348695171700984260__LOOKUP__1716924709673x666935649473396700,1348695171700984260__LOOKUP__1645632490221x299151432982863040,,custom.community_group,4072640826,1716926050680,1717694962418,1716926050483x756772586248470500,
https://www.facebook.com/groups/pronocoders,Bubble Pro No-Coders,4,1348695171700984260__LOOKUP__1716924709673x666935649473396700,1348695171700984260__LOOKUP__1645632490221x299151432982863040,,custom.community_group,4072640828,1716926243422,1717695003513,1716926243042x540435073324810200,
https://www.facebook.com/nocodeph/,No-Code Philippines,5,1348695171700984260__LOOKUP__1716924709673x666935649473396700,1348695171700984260__LOOKUP__1645632490221x299151432982863040,,custom.community_group,4072640830,1716926274325,1716926274326,1716926274126x278159394099429380,
https://www.facebook.com/groups/915519312576208/,No-Code Polska,6,1348695171700984260__LOOKUP__1716924709673x666935649473396700,1348695171700984260__LOOKUP__1645632490221x299151432982863040,,custom.community_group,4072640831,1716926291133,1716926291134,1716926290932x815262553480364000,
https://www.facebook.com/groups/bubblemalaysia,Bubble Community Malaysia,7,1348695171700984260__LOOKUP__1716924709673x666935649473396700,1348695171700984260__LOOKUP__1645632490221x299151432982863040,,custom.community_group,4072640832,1716926311343,1716926311344,1716926311142x517854173614309400,
https://join.slack.com/t/codeless-love/shared_invite/zt-2eosm6i7n-wuqiySk~JHm3SIJYbXwesg,Codeless Love,1,1348695171700984260__LOOKUP__1716924894878x809093724210462700,1348695171700984260__LOOKUP__1645632490221x299151432982863040,,custom.community_group,4072640833,1716926336872,1716926336872,1716926336694x253048816581214200,
https://join.slack.com/t/thebubblegrouphq/shared_invite/zt-16xan1fg6-kz7x48yWoI42EfPY~zmzpw,The Bubble Group,2,1348695171700984260__LOOKUP__1716924894878x809093724210462700,1348695171700984260__LOOKUP__1645632490221x299151432982863040,,custom.community_group,4072640834,1716926352587,1716926352588,1716926352293x607083697606230000,
https://join.slack.com/t/bubble-community/shared_invite/zt-2wg8m56o7-_IyjQOg4_r0kMSKITPrSfw,Bubble Community,3,1348695171700984260__LOOKUP__1716924894878x809093724210462700,1348695171700984260__LOOKUP__1645632490221x299151432982863040,,custom.community_group,4547300111,1716926375583,1734625575960,1716926375380x420311006685691900,
https://bubblers.club/,Bubblers Club,1,1348695171700984260__LOOKUP__1716924721675x166516108819169280,1348695171700984260__LOOKUP__1645632490221x299151432982863040,,custom.community_group,4072640837,1716926415282,1716926415283,1716926414965x676841384249131000,
https://discord.gg/mzCMubuT2g,Bubble Community No-Code Startup Hub,2,1348695171700984260__LOOKUP__1716924721675x166516108819169280,1348695171700984260__LOOKUP__1645632490221x299151432982863040,,custom.community_group,4072640838,1716926435603,1716926435603,1716926435395x326751671787192300,
https://discord.com/invite/ap7sFnmTYF,Bubble Japan Community,3,1348695171700984260__LOOKUP__1716924721675x166516108819169280,1348695171700984260__LOOKUP__1645632490221x299151432982863040,,custom.community_group,4072640839,1716926452808,1716926452808,1716926452190x518213261810729000,
https://discord.gg/ottho,Ottho's French Bubble Community,4,1348695171700984260__LOOKUP__1716924721675x166516108819169280,1348695171700984260__LOOKUP__1645632490221x299151432982863040,,custom.community_group,4072640840,1716926468457,1716926468457,1716926468230x575907184532520960,
https://twitter.com/bubble_jpn,Bubble Japan Community,1,1348695171700984260__LOOKUP__1716924883972x954083311595552800,1348695171700984260__LOOKUP__1645632490221x299151432982863040,,custom.community_group,4072640841,1716926564810,1716926564811,1716926564595x184296499442876400,
https://www.reddit.com/r/Bubbleio/,Bubble Reddit Community,1,1348695171700984260__LOOKUP__1716924813326x411698348308561900,1348695171700984260__LOOKUP__1645632490221x299151432982863040,,custom.community_group,4072640842,1716926583182,1716926583183,1716926582827x791950435130540000,
https://www.meetup.com/bubbleparis/,Bubble Paris,1,1348695171700984260__LOOKUP__1716924922554x150642400380059650,1348695171700984260__LOOKUP__1645632490221x299151432982863040,,custom.community_group,4072640843,1716926595884,1716926595885,1716926595693x631865347023568900,
https://chat.whatsapp.com/Cw8aZNsFqKzEtCL0lvix1E,Indian Bubblers,1,1348695171700984260__LOOKUP__1716924907012x636263310232125400,1348695171700984260__LOOKUP__1645632490221x299151432982863040,,custom.community_group,4072640845,1716926630552,1716926630552,1716926630057x946536886522347500,
https://chat.whatsapp.com/L3oU31IBpbV8wGulHMtjs2,Zappify Codeless Crew,2,1348695171700984260__LOOKUP__1716924907012x636263310232125400,1348695171700984260__LOOKUP__1645632490221x299151432982863040,,custom.community_group,4072640847,1716926651542,1716926651543,1716926651321x797429554531532800,
https://codeless.love/working_group,Bubble Working Group,1,1348695171700984260__LOOKUP__1716924943678x964693400925503500,1348695171700984260__LOOKUP__1645632490221x299151432982863040,,custom.community_group,4072640848,1716926673017,1716926673017,1716926672641x968025319373537300,
https://community.buildcamp.io/home,Buildcamp Community,2,1348695171700984260__LOOKUP__1716924943678x964693400925503500,1348695171700984260__LOOKUP__1645632490221x299151432982863040,,custom.community_group,4072640849,1716926727289,1716926727289,1716926727000x901570605191266300,
https://www.nocodebelgium.be/,No-Code Belgium,3,1348695171700984260__LOOKUP__1716924943678x964693400925503500,1348695171700984260__LOOKUP__1645632490221x299151432982863040,,custom.community_group,4072640850,1716926746923,1716926746924,1716926746709x355613041076207600,
https://kodsuz.org/,Turkish No-Code Community,4,1348695171700984260__LOOKUP__1716924943678x964693400925503500,1348695171700984260__LOOKUP__1645632490221x299151432982863040,,custom.community_group,4072640851,1716926764040,1716926764040,1716926763844x373733667877945340,
https://www.linkedin.com/groups/13094304/,Bubble Goddesses,1,1348695171700984260__LOOKUP__1733176171631x136942959061106690,1348695171700984260__LOOKUP__1687541695223x361409883252013200,,custom.community_group,4507808159,1733176263126,1733176263127,1733176262230x167522178612592640,
https://www.linkedin.com/groups/14594021/,Bubble Australia,2,1348695171700984260__LOOKUP__1733176171631x136942959061106690,1348695171700984260__LOOKUP__1687541695223x361409883252013200,,custom.community_group,4617146304,1737478667916,1737478685559,1737478667079x121527755574083580,
https://chat.whatsapp.com/Jh9UpfDRNjjI7qrjoJVT0i,Bubble Brazilian Girls,3,1348695171700984260__LOOKUP__1716924907012x636263310232125400,1348695171700984260__LOOKUP__1687541695223x361409883252013200,,custom.community_group,4914529365,1747063447367,1747063459233,1747063446774x767744346582679600,
https://join.slack.com/t/sparkbubbleau-skv4556/shared_invite/zt-3911hlibb-iIEVTwCUF~p2eRxr3Ll2oQ,Bubble Australia Slack Community,4,1348695171700984260__LOOKUP__1716924894878x809093724210462700,1348695171700984260__LOOKUP__1687541695223x361409883252013200,,custom.community_group,5074551187,1752249014118,1752249014118,1752249013031x517592258975367200,
