name_text,logo_image,order_number,Created By,Modified By,_type,_version,Created Date,Modified Date,_id,Slug
Facebook,//meta-q.cdn.bubble.io/f1716924765042x314917010122007360/Community%20Page%20Image%207.svg,1,1348695171700984260__LOOKUP__1645632490221x299151432982863040,,custom.community_group_type,4072615097,1716924710263,1716924776642,1716924709673x666935649473396700,
Discord,//meta-q.cdn.bubble.io/f1716924754944x405095766952736640/Community%20Page%20Image%2010.svg,2,1348695171700984260__LOOKUP__1645632490221x299151432982863040,,custom.community_group_type,4072615098,1716924722126,1717692561939,1716924721675x166516108819169280,
Reddit,//meta-q.cdn.bubble.io/f1716924810088x635856137011341600/Community%20Page%20Image%2012.svg,3,1348695171700984260__LOOKUP__1645632490221x299151432982863040,,custom.community_group_type,4072615099,1716924813524,1717692804148,1716924813326x411698348308561900,
X,//meta-q.cdn.bubble.io/f1716924877307x328079003533210200/Community%20Page%20Image%2011.svg,7,1348695171700984260__LOOKUP__1645632490221x299151432982863040,,custom.community_group_type,4072615100,1716924884301,1717693003072,1716924883972x954083311595552800,
Slack,//meta-q.cdn.bubble.io/f1716924891823x196244680886808130/Community%20Page%20Image%208.svg,5,1348695171700984260__LOOKUP__1645632490221x299151432982863040,,custom.community_group_type,4072615101,1716924895202,1717692970190,1716924894878x809093724210462700,
WhatsApp,//meta-q.cdn.bubble.io/f1716924901381x926591071743061400/Community%20Page%20Image%2014.svg,8,1348695171700984260__LOOKUP__1645632490221x299151432982863040,,custom.community_group_type,4072615102,1716924907246,1717692657148,1716924907012x636263310232125400,
Meetup.com,//meta-q.cdn.bubble.io/f1716924915768x677445139907250000/Community%20Page%20Image%2013.svg,4,1348695171700984260__LOOKUP__1645632490221x299151432982863040,,custom.community_group_type,4072615103,1716924922746,1717692818824,1716924922554x150642400380059650,
No-Code Communities,//meta-q.cdn.bubble.io/f1716924933152x477220389312223550/Community%20Page%20Frame%202890.svg,6,1348695171700984260__LOOKUP__1645632490221x299151432982863040,,custom.community_group_type,4072615105,1716924943894,1717692999842,1716924943678x964693400925503500,
LinkedIn,//meta-q.cdn.bubble.io/f1733176164632x232206996766454620/LinkedIn_logo_initials.png,9,1348695171700984260__LOOKUP__1687541695223x361409883252013200,,custom.community_group_type,4507805501,1733176172425,1733176172425,1733176171631x136942959061106690,
