link_text,name_text,title_text,image_image,order_number,Created By,Modified By,_type,_version,Created Date,Modified Date,_id,Slug
https://www.linkedin.com/in/welby-stehling/,Welby Gosling Stehling Andreatta,Founder & CTO of Vista/pub,//meta-q.cdn.bubble.io/f1740589483265x379110917272668350/Welby%20Gosling%20Stehling%20Andreatta.png,15,1348695171700984260__LOOKUP__1714404023596x640895438696415600,,custom.community_advisor,4709886870,1718916404549,1740602849451,1718916403868x501940148953415700,
linkedin.com/in/prashant-abbi/,Prashant Abbi,Co-founder,//meta-q.cdn.bubble.io/f1718916430185x269148700304540960/Prashant_Abbi_2.jpeg,7,1348695171700984260__LOOKUP__1714404023596x640895438696415600,,custom.community_advisor,4146869364,1718916465560,1720472034977,1718916465391x810512948685701100,
https://www.linkedin.com/in/johnnylin8/,Johnny Lin,Freelance Developer,//meta-q.cdn.bubble.io/f1718916490287x296806630134588160/Johnny_Lin_Headshot.png,24,1348695171700984260__LOOKUP__1714404023596x640895438696415600,,custom.community_advisor,4709695820,1718916527652,1740598054151,1718916527458x707951242561978400,
www.sanscode.co ,Jagdish Bajaj,Founder & CEO,//meta-q.cdn.bubble.io/f1740591609154x515619865321745860/Jagdish%20Bajaj.png,10,1348695171700984260__LOOKUP__1714404023596x640895438696415600,,custom.community_advisor,4709901141,1718916562372,1740603240492,1718916562191x707299774141562900,
https://www.linkedin.com/in/vitorizidoro/,Vitor de Lima Izidoro,Founder & Bubble Developer,//meta-q.cdn.bubble.io/f1740589967678x490539486124806900/Vitor%20Izidoro.png,5,1348695171700984260__LOOKUP__1714404023596x640895438696415600,,custom.community_advisor,4709886319,1718916593337,1740602834751,1718916593156x467180028700655600,
https://notquiteunicorns.xyz/secure,George Collier,Director & Bubble Developer,//meta-q.cdn.bubble.io/f1718916630587x480716415984429060/george%20collier.jpeg,6,1348695171700984260__LOOKUP__1714404023596x640895438696415600,,custom.community_advisor,4709691104,1718916659361,1740597946815,1718916659070x455164298178592800,
https://bianocode.bubbleapps.io/version-test,Bianca Letícia da Silva ,UX/UI Designer & Bubble Developer,//meta-q.cdn.bubble.io/f1740589533218x822962029490970100/Bianca%20Leticia%20da%20Silva.png,8,1348695171700984260__LOOKUP__1714404023596x640895438696415600,,custom.community_advisor,4709900996,1718916715746,1740603236711,1718916715523x875961351840464900,
https://heyfolks.co.uk/,Emma Garwood,Founder,//meta-q.cdn.bubble.io/f1740590670351x885737712502966700/Emma%20Garwood.png,4,1348695171700984260__LOOKUP__1714404023596x640895438696415600,,custom.community_advisor,4709893871,1718916751256,1740603039228,1718916751091x702641003837521900,
https://www.knowcode.tech/,Lindsay Smith,Founder,//meta-q.cdn.bubble.io/f1740590149678x242639196167284260/Lindsay%20Smith.png,27,1348695171700984260__LOOKUP__1714404023596x640895438696415600,,custom.community_advisor,4709897509,1718916792745,1740603142134,1718916792591x491135184288350200,
https://linkedin.com/in/foluso-ayodele,Foluso Ayodele,Bubble Developer,//meta-q.cdn.bubble.io/f1718916805908x266467060556940580/Foluso%20ayodele.jpeg,19,1348695171700984260__LOOKUP__1714404023596x640895438696415600,,custom.community_advisor,4104257213,1718916844182,1718918018519,1718916844003x572601634694365200,
https://popcode.studio/,Brenton Strine,Bubble Developer/Founder/Educator,//meta-q.cdn.bubble.io/f1740590783552x164542999909932160/Brenton%20Strine.png,11,1348695171700984260__LOOKUP__1714404023596x640895438696415600,,custom.community_advisor,4709682465,1718916885845,1740597746018,1718916885686x467829808884613100,
https://x.com/jamesdevonport,James Devonport,Founder at UserLoop & Create With,//meta-q.cdn.bubble.io/f1740590295980x897085686672829600/James%20Devonport.png,26,1348695171700984260__LOOKUP__1714404023596x640895438696415600,,custom.community_advisor,4709905844,1718916914650,1740603352468,1718916914404x467671924643725300,
www.linkedin.com/in/matheusaguirra,Matheus Aguirra de Moraes,Founder & CTO at Zeno,//meta-q.cdn.bubble.io/f1740589830775x938902955331830300/Matheus%20Aguirra.png,16,1348695171700984260__LOOKUP__1714404023596x640895438696415600,,custom.community_advisor,4709909051,1718916998970,1740603432348,1718916998775x580261555498647600,
https://www.calderari.com.br,Caio Calderari,"Founder, Creator & Educator",//meta-q.cdn.bubble.io/f1740589600242x465610459900049000/Caio%20Calderari.png,26,1348695171700984260__LOOKUP__1714404023596x640895438696415600,,custom.community_advisor,4709896502,1718917040282,1740603115417,1718917040005x207007592783544320,
www.linkedin.com/in/carlos-zaguetto,Carlos Zaguetto Neto,Agency Founder,//meta-q.cdn.bubble.io/f1740589667523x617738959834187100/Carlos%20Zaguetto.png,34,1348695171700984260__LOOKUP__1714404023596x640895438696415600,,custom.community_advisor,4709910492,1718917114299,1740603470045,1718917114091x919857683671547900,
https://www.linkedin.com/in/tomaszwesolowski/,Tom Wesolowski,No-code founder & developer,//meta-q.cdn.bubble.io/f1718917144168x531220176582407600/tom%20wesolowski.JPG,18,1348695171700984260__LOOKUP__1714404023596x640895438696415600,,custom.community_advisor,4709885614,1718917166740,1740602819351,1718917166558x755580951427809300,
https://soniatoqqe.framer.website/bubble-ambassador,Sonia Calvo,Founder & Bubble Freelancer,//meta-q.cdn.bubble.io/f1718987288534x163920343721055000/Sonia_Toqqe%20Avatar%20500x500.png,2,1348695171700984260__LOOKUP__1714404023596x640895438696415600,,custom.community_advisor,4709904538,1718917215547,1740603322287,1718917215310x507319316623392800,
https://befree.academy,Pedro de Castro Duarte,Bubble Developer & Educator,//meta-q.cdn.bubble.io/f1740589403419x846670115243273100/Pedro%20Duarte.png,20,1348695171700984260__LOOKUP__1687541695223x361409883252013200,,custom.community_advisor,4709705316,1740589418563,1740598278307,1740589417507x679819511954407400,
https://portifolio-galde.bubbleapps.io/version-test,Galde Cordeiro Silvestre,Bubble Developer,//meta-q.cdn.bubble.io/f1740589730532x730517149208621800/Galde%20Cordeiro%20Silvestre.png,21,1348695171700984260__LOOKUP__1687541695223x361409883252013200,,custom.community_advisor,4709689549,1740589737300,1740597912425,1740589737041x461767520990003200,
https://www.linkedin.com/in/mbidoiasantos/,Marcelo Bidoia dos Santos,Bubble Developer,//meta-q.cdn.bubble.io/f1740589780361x190384892658026050/Marcelo%20Bidoia.png,22,1348695171700984260__LOOKUP__1687541695223x361409883252013200,,custom.community_advisor,4709700977,1740589783134,1740598172749,1740589782918x250084482642608130,
https://www.semcodar.com.br,Renato Asse,Founder at Sem Codar,//meta-q.cdn.bubble.io/f1740589909774x286153095142344320/Renato%20Asse.png,13,1348695171700984260__LOOKUP__1687541695223x361409883252013200,,custom.community_advisor,4709903683,1740589915753,1740603302399,1740589915555x871116585769107500,
https://coalias.com/,Ab Advany,Founder,//meta-q.cdn.bubble.io/f1740589989953x329002035328832500/Ab%20Advany.png,25,1348695171700984260__LOOKUP__1687541695223x361409883252013200,,custom.community_advisor,4709677210,1740590005887,1740597631403,1740590005408x500867653493588000,
https://www.amliesolutions.com,Petter Amlie,Founder of Amlie Solutions,//meta-q.cdn.bubble.io/f1740590076685x711711204466987800/Petter%20Amlie.png,1,1348695171700984260__LOOKUP__1687541695223x361409883252013200,,custom.community_advisor,4709896669,1740590089764,1740603119794,1740590089547x944812522777083900,
clementinegrosset.com,Clementine Grosset,Bubble Developer & Product Designer,//meta-q.cdn.bubble.io/f1740590220892x480188286833714800/Clementine%20Grosset.png,12,1348695171700984260__LOOKUP__1687541695223x361409883252013200,,custom.community_advisor,4709906033,1740590223843,1740603357148,1740590223474x786849248936722400,
https://go.thinkitbuildit.co/ambassador,Matthew Neary,Bubble Freelancer,//meta-q.cdn.bubble.io/f1740590382656x811934274639611800/Matt%20Neary.png,9,1348695171700984260__LOOKUP__1687541695223x361409883252013200,,custom.community_advisor,4709897269,1740590386531,1740603135353,1740590386139x101147444885585920,
https://www.linkedin.com/in/officialtaras/,Taras Lanchev,Founder & CTO,//meta-q.cdn.bubble.io/f1740590496798x926803225557355900/Taras.png,28,1348695171700984260__LOOKUP__1687541695223x361409883252013200,,custom.community_advisor,4709884951,1740590499229,1740602799951,1740590498987x361055018723049500,
https://www.linkedin.com/in/laffitau,Romain Laffitau ,Founder & Bubble Developer,//meta-q.cdn.bubble.io/f1740590568082x935541480686238100/Romain%20Laffitau.png,29,1348695171700984260__LOOKUP__1687541695223x361409883252013200,,custom.community_advisor,4709883541,1740590571172,1740602761342,1740590570872x975232649955377200,
https://studio-builder.io/,Ghali Belkhayat,Agency Founder & Bubble expert,//meta-q.cdn.bubble.io/f1740590705923x170068155695193500/Ghali%20Belkhayat.png,30,1348695171700984260__LOOKUP__1687541695223x361409883252013200,,custom.community_advisor,4709691712,1740590708414,1740597962874,1740590708165x758432440681496600,
https://www.linkedin.com/in/pieter-moeremans/,Pieter Moeremans,Founder,//meta-q.cdn.bubble.io/f1740590737104x817314753129891200/Pieter%20Moeremans.png,32,1348695171700984260__LOOKUP__1687541695223x361409883252013200,,custom.community_advisor,4709880788,1740590740730,1740602679511,1740590740496x456498657546731500,
https://www.getforte.com/,Jon Melo,Lead Engineer,//meta-q.cdn.bubble.io/f1740590807203x564610605842930100/Jon%20Melo.png,33,1348695171700984260__LOOKUP__1687541695223x361409883252013200,,custom.community_advisor,4709696532,1740590827736,1740598069655,1740590827390x723218717936189400,
www.lowcode.agency,Jesus Vargas,Founder,//meta-q.cdn.bubble.io/f1740590869190x341717459906920100/Jesus%20Vargas.png,31,1348695171700984260__LOOKUP__1687541695223x361409883252013200,,custom.community_advisor,4709695222,1740590872001,1740598040377,1740590871615x429322612977696800,
https://www.linkedin.com/in/mcintyreerin/,Erin McIntyre,Founder & Bubble Developer,//meta-q.cdn.bubble.io/f1740591565448x981855479937352400/erin%20mcintyre.png,17,1348695171700984260__LOOKUP__1687541695223x361409883252013200,,custom.community_advisor,4709911010,1740591568698,1740603482201,1740591568322x619869437136470000,
http://zeroqode.com/,Levon Terteryan,Co-founder @ Zeroqode,//meta-q.cdn.bubble.io/f1740591694501x640492794797309800/Levon%20Terteryan.png,35,1348695171700984260__LOOKUP__1687541695223x361409883252013200,,custom.community_advisor,4709698608,1740591698522,1740598117141,1740591698227x651753026205515800,
https://www.linkedin.com/in/marinatrajkovska/,Marina Trajkovska,Co-founder & CTO,//meta-q.cdn.bubble.io/f1740591772256x878358306701849600/Marina%20Trajkovska.png,14,1348695171700984260__LOOKUP__1687541695223x361409883252013200,,custom.community_advisor,4709909333,1740591776093,1740603439811,1740591775838x177895469118652400,
https://jasonlittle.ca,Jason Little,Founder of Lean Change Inc.,//meta-q.cdn.bubble.io/f1740591851260x795103223235889000/Jason%20Little.png,37,1348695171700984260__LOOKUP__1687541695223x361409883252013200,,custom.community_advisor,4709693743,1740591854043,1740598008892,1740591853733x562850998128738300,
https://www.linkedin.com/in/jean-emmanuel-losi/,Jean-Emmanuel Losi,Founder & Bubble Developer,//meta-q.cdn.bubble.io/f1740591904879x486931726783966140/Jean-Emmanuel%20Losi.png,3,1348695171700984260__LOOKUP__1687541695223x361409883252013200,,custom.community_advisor,4709903481,1740591908187,1740603297449,1740591907717x113042015162204160,
https://www.linkedin.com/in/karabarton,Kara Barton,Founder,//meta-q.cdn.bubble.io/f1740591966594x458679090728967940/Kara%20Sharp.png,39,1348695171700984260__LOOKUP__1687541695223x361409883252013200,,custom.community_advisor,4709697095,1740591970684,1740598083117,1740591970381x631085156482678800,
https://www.linkedin.com/in/lucas-bennington-541ba5172/,Lucas Bennington,CEO,//meta-q.cdn.bubble.io/f1740592016677x926051440644732700/lucas%20bennington.png,40,1348695171700984260__LOOKUP__1687541695223x361409883252013200,,custom.community_advisor,4709700073,1740592020052,1740598150456,1740592019782x681419217530519600,
https://www.linkedin.com/in/matthew-giblin,Matt Giblin,Founder of KnowThyDrink,//meta-q.cdn.bubble.io/f1740592095522x690472246339211300/Matt%20Giblin.png,42,1348695171700984260__LOOKUP__1687541695223x361409883252013200,,custom.community_advisor,4709703062,1740592098115,1740598222473,1740592097860x621161543623508000,
https://www.linkedin.com/in/michael-ong-43860633,Michael Ong,Product Leader,//meta-q.cdn.bubble.io/f1740592152576x549410336060172100/Michael%20Ong.png,41,1348695171700984260__LOOKUP__1687541695223x361409883252013200,,custom.community_advisor,4709704508,1740592156324,1740598257651,1740592155962x442874890185867260,
https://efesener.com/,Efe Şener,Fractional CTO,//meta-q.cdn.bubble.io/f1740592245028x213967390485406700/efe%20sener.png,44,1348695171700984260__LOOKUP__1687541695223x361409883252013200,,custom.community_advisor,4709685565,1740592248166,1740597819358,1740592247890x275776639491112960,
https://buildingwithbubble.com,Lachlan Kirkwood,Founder & Educator,//meta-q.cdn.bubble.io/f1740592314296x579866305564776000/Lachlan%20Kirkwood.png,43,1348695171700984260__LOOKUP__1687541695223x361409883252013200,,custom.community_advisor,4709697864,1740592317545,1740598100764,1740592317249x507455589659443200,
https://www.linkedin.com/in/bernadette-murphy1/,Bernadette Murphy,Founder & Lead Developer,//meta-q.cdn.bubble.io/f1740597682004x973220767066443600/Bernadette%20Murphy.png,44,1348695171700984260__LOOKUP__1687541695223x361409883252013200,,custom.community_advisor,4709679509,1740597684826,1740597684827,1740597684589x266141940097220600,
https://x.com/levyeilon,Eilon Levy,Entrepreneur,//meta-q.cdn.bubble.io/f1740602906058x701787571714134000/Frame%209.png,45,1348695171700984260__LOOKUP__1687541695223x361409883252013200,,custom.community_advisor,4709890095,1740602908605,1740602935100,1740602908282x492389244484976640,
