name_text,public_boolean,description_text,sort_order_number,course_image_image,video_count_number,academy_series_text,video_academy_series_option_video_academy_series,Created By,Modified By,_type,_version,Created Date,Modified Date,_id,Slug
Getting Started With Bubble,True,"Brand new to web apps? Start here for the basic overview of Bubble's editor, and how to design and deploy Bubble apps.",,//s3.amazonaws.com/appforest_uf/f1626105653446x456105884027463230/Bubble%20Course%20Thumbnail.svg,10,Crash Courses,crash_courses,1348695171700984260__LOOKUP__1534527490866x644955229945480800,,custom.course,5089153829,1600816082240,1752778149026,1600816082240x928730318137216500,introduction
The Bubble Fundamentals,True,"Understand more about the types of apps you can build in bubble and how security, privacy, and ownership work. ",,//s3.amazonaws.com/appforest_uf/f1626105695957x296327120978859400/Bubble%20Course%20Thumbnail%20%281%29.svg,5,Crash Courses,crash_courses,1348695171700984260__LOOKUP__1534527490866x644955229945480800,,custom.course,3882762769,1600816133474,1711391729521,1600816133474x240022121838286530,fundamentals
Build Your First Bubble App,True,Get ready to put things into practice with this step-by-step tutorial for building your first application.,,//s3.amazonaws.com/appforest_uf/f1626105713431x232269745538280300/Bubble%20Course%20Thumbnail%20%282%29.svg,20,Crash Courses,crash_courses,1348695171700984260__LOOKUP__admin_user_meta_live,,custom.course,3882762031,1604595997236,1711391718686,1604595997235x313223084698639700,build-your-first-app
Quick Tips,True,Browse through our library of quick video lessons that will show you what Bubble can do and and how you can use it.,4,,102,Quick Tips,quick_tips,1348695171700984260__LOOKUP__1584328926695x251094412062892830,,custom.course,3881545527,1607967272757,1711372501754,1607967271874x494388870926827500,
Tutorials,True,Explore the depths of Bubble with our tutorials. Learn how things work and use it to help build your own application.,1,,14,Tutorials,tutorials,1348695171700984260__LOOKUP__1584328926695x251094412062892830,,custom.course,2228163397,1608074933657,1650460503028,1608074932760x969528164770381800,
Building Product Hunt Timelapse,True,"In this course, we look at how to Build Product Hunt in Bubble",6,//s3.amazonaws.com/appforest_uf/f1650464601591x125579869788554400/AcademyMainThumbnail.png,6,,crash_courses,1348695171700984260__LOOKUP__1649704782481x309225293271956350,,custom.course,2802340345,1650464606505,1679692557420,1650464604864x660573894815514600,
Getting Started: Key Concepts,True,Start your Bubble journey here by learning the key concepts of how to use the editor and the platform.,,,1,,crash_courses,1348695171700984260__LOOKUP__1584328926695x251094412062892830,,custom.course,3882761055,1667325081662,1711391703357,1667325080551x709553804454133800,
Intro to APIs & The API Connector,True,Learn what APIs are and how to leverage them in your Bubble apps using the API Connector plugin,2,,1,,crash_courses,1348695171700984260__LOOKUP__1584328926695x251094412062892830,,custom.course,3881544553,1667326098073,1711372485794,1667326097613x538977235717849100,
Getting Started: Build Your First App,True,Continue your Bubble journey here by building alongside our template to create a Project Management app.,,,1,,crash_courses,1348695171700984260__LOOKUP__1584328926695x251094412062892830,,custom.course,3882760681,1670952031090,1711391696271,1670952029595x550870527144099800,
Using Version Control,True,"Bubble’s new Version Control is a system teams can use to build, collaborate, merge, and deploy with confidence. ",3,,10,,crash_courses,1348695171700984260__LOOKUP__1584328926695x251094412062892830,,custom.course,3881544953,1679513784752,1711372492517,1679513783739x511208005161189400,
Getting Started With Bubble for Web (2024),True,"If you’re building a Bubble app for this first time, this is the place to start. In this comprehensive course, Gregory John will guide you through a complete end-to-end application build where you’d be able to quickly gain Bubble development skills such as responsive design, logic, database structures, UI/ UX design, security and performance.",1,//meta-q.cdn.bubble.io/f1711371355453x554876383845498200/Promo%20Cover%20-%20Gregory%20John.png,71,,crash_courses,1348695171700984260__LOOKUP__1648704431411x964501633705290200,,custom.course,5000742232,1711371515719,1749734079770,1711371515085x838333501396484100,
Build an AI app with Bubble,True,"In this course, featuring instructor Gregory John, you will learn how to create Social Rabbit, an AI application that transforms extensive blog posts into social media content tailored to specific platforms and tones. ",5,,1,,crash_courses,1348695171700984260__LOOKUP__1648704431411x964501633705290200,,custom.course,4724140852,1718115191171,1741107863550,1718115190360x707747820044550100,
Bubble x Stripe: Integrate a SaaS Payments Solution,True,"Integrating payments into your SaaS app is a crucial step before launching. In this comprehensive Stripe course, we’ll guide you through building a custom Stripe integration using the Bubble API connector, offering maximum flexibility while bypassing plugin limitations.

You'll learn how to create a dynamic pricing page for user subscriptions, an account page for managing subscriptions, and integrate the Stripe customer portal for users to manage their credit cards and subscription plans.",3,//meta-q.cdn.bubble.io/f1721996923428x315675929831951360/Course%20Thumbnail.png,4,,crash_courses,1348695171700984260__LOOKUP__1648704431411x964501633705290200,,custom.course,4724140592,1721996961461,1741107857656,1721996960505x213495990882140160,
Bubble Workload Management,True,"Bubble is a platform for apps of all sizes. Whether you’re launching a new idea or scaling a business, it’s our responsibility to support our users by growing in a sustainable way. In order to do so, we have a usage-based pricing model so users will only pay for the resources their app uses.

Our mission is to make software development more accessible — Instead of requiring users to monitor all of the various metrics in a traditional tech stack built with code, we introduced a single pricing metric to track resources needed for each app: workload.",1,//meta-q.cdn.bubble.io/f1724688389002x730309826357817200/Understanding%20Workload%20-%20Test%20A.png,3,,tutorials,1348695171700984260__LOOKUP__1648704431411x964501633705290200,,custom.course,4266529775,1724688419710,1724697992593,1724688418643x890541925630476300,
Design w/ Gregory John,True,"In this 2 part series, Gregory John teaches both marketing page design and application UI. The topics covered include design inspiration starting points, layout and spacing, element sizing, color, typography, responsive design and accessibility.",4,//meta-q.cdn.bubble.io/f1730385304957x309938795502585860/maxresdefault.jpg,2,,crash_courses,1348695171700984260__LOOKUP__1648704431411x964501633705290200,,custom.course,4724140269,1730385393655,1741107851385,1730385392513x349514485235712000,
Bubble Basics for AI Builders (feat. Gregory John),True,"You just generated an app with Bubble AI — what’s next? In this course, you’ll learn how to iterate and scale using Bubble’s drag-and-drop visual editor.

What will you learn?
• Section 1: Adapt Your App Styles: Get to know the Bubble editor so you can make impactful quick changes to your app’s design.
• Section 2: Improve Your Design Skills: Go deeper into Bubble’s design tools and make your app pixel-perfect.
• Section 3: Start Working With Data: Get to know your built-in database and the data types Bubble created for you.
• Section 4: Start Working With Logic: Learn how to control the workflows that power every action your app performs.

Who’s Your Instructor?
Gregory John from Buildcamp is an experienced Bubble developer, educator and startup entrepreneur with 7 years experience building Bubble apps, working with no-code startups and even teaching no-code at Yale University. He will be your guide throughout this exciting journey, sharing as much of his knowledge as he can including tips, tricks, and best practices to ensure your success.",2,//meta-q.cdn.bubble.io/f1741101948330x968842528852435200/Bubble%20Basics%20for%20AI%20Builders.png,31,,crash_courses,1348695171700984260__LOOKUP__1648704431411x964501633705290200,,custom.course,4724219399,1741101972871,1741109698986,1741101971183x898645238163177500,
Getting Started with Bubble for Native Mobile,True,"Ship your first mobile app without writing a single line of code with this beginner-friendly course. From design and data to deploying to the app stores, you'll learn everything you need to know about building mobile apps with Bubble.

The first sections of this course will drop June 10, with the rest coming in the following weeks.",1,//meta-q.cdn.bubble.io/f1749734222945x874872677181579100/Matt%20Getting%20started%20%281%29.png,54,,crash_courses,1348695171700984260__LOOKUP__1648704431411x964501633705290200,,custom.course,5224821732,1749734226693,1757522487103,1749734226461x894407467810160600,
