name__seo__text,industry_name_text,Created By,Modified By,_type,_version,Created Date,Modified Date,_id,Slug
Aerospace-accelerators,Aerospace,,,,,,,,
Agriculture-accelerators,Agriculture,,,,,,,,
B2B-accelerators,B2B,,,,,,,,
Pharma & Biotech-accelerators,Pharma & Biotech,,,,,,,,
Commercial Services-accelerators,Commercial Services,,,,,,,,
Consumer Goods & Services-accelerators,Consumer Goods & Services,,,,,,,,
Education-accelerators,Education,,,,,,,,
Energy & Environment-accelerators,Energy & Environment,,,,,,,,
Fintech-accelerators,Fintech,,,,,,,,
Government-accelerators,Government,,,,,,,,
Healthcare-accelerators,Healthcare,,,,,,,,
Industrial-accelerators,Industrial,,,,,,,,
IoT-accelerators,IoT,,,,,,,,
IT Hardware-accelerators,IT Hardware,,,,,,,,
Media-accelerators,Media,,,,,,,,
Real Estate-accelerators,Real Estate,,,,,,,,
Retail-accelerators,Retail,,,,,,,,
SaaS-accelerators,SaaS,,,,,,,,
Security-accelerators,Security,,,,,,,,
Social Entrepreneurship-accelerators,Social Entrepreneurship,,,,,,,,
Software-accelerators,Software,,,,,,,,
Agnostic-accelerators,Agnostic,,,,,,,,
Blockchain- accelerators,Blockchain,,,,,,,,
