rank,number,lesson_name,lesson_description,Created By,Modified By,_type,_version,Created Date,Modified Date,_id,Slug
1,1,Saving data,Save addresses and display them on a map,1348695171700984260__LOOKUP__1339510945575x284965680912137020,,custom._learn_lesson,42834,1404413233373,1418667051836,1404413232276x783662697300314900,
4,2,Building a slideshow,Create a beautiful picture slideshow,1348695171700984260__LOOKUP__1339510945575x284965680912137020,,custom._learn_lesson,36869,1404413898336,1427041354031,1404413897136x342509969137609000,
3,3,Saving and modifying data,Build a reddit-like app to vote on city names,1348695171700984260__LOOKUP__1339510945575x284965680912137020,,custom._learn_lesson,43834,1404413973680,1418667128484,1404413973254x817964602028951000,
10,4,Using external APIs,Search for songs in the iTunes API,1348695171700984260__LOOKUP__1339510945575x284965680912137020,,custom._learn_lesson,45727,1404414094095,1444620494357,1404414093434x165464318823069340,
2,5,Building a sign up system,Build a sign up and login workflow,1348695171700984260__LOOKUP__1339510945575x284965680912137020,,custom._learn_lesson,43421,1409676019366,1418667063430,1409676015938x399378282949328450,
6,6,Using conditions on elements and workflows,Use conditions to refine what your app does,1348695171700984260__LOOKUP__1339510945575x284965680912137020,,custom._learn_lesson,36877,1417722706437,1427041351808,1417722703722x712537381332367700,
9,7,Using the chart element,Use the chart element to display dynamic data,1348695171700984260__LOOKUP__1339510945575x284965680912137020,,custom._learn_lesson,36878,1420602107396,1427041349487,1420602105383x995209866203367700,
8,8,Defining a field as a list of things,Attach a list of things to the current user,1348695171700984260__LOOKUP__1339510945575x284965680912137020,,custom._learn_lesson,28790,1424652833387,1444656559898,1424652832451x980494308518245800,
5,9,Sending data to pages,Share data among pages,1348695171700984260__LOOKUP__1339510945575x284965680912137020,,custom._learn_lesson,34435,1427041024393,1427041352565,1427041022349x384082924108952260,
7,10,Using APIs and sending data to groups,Search for Giphy animated GIF,1348695171700984260__LOOKUP__1339510945575x284965680912137020,,custom._learn_lesson,28789,1444620929514,1444656560926,1444620929507x161762342322617760,
