text_text,order_number,quote_text_text,description_text,archived__boolean,quote_heading_text,onboarding_question_type_option_onboarding_question_type,Created By,Modified By,_type,_version,Created Date,Modified Date,_id,Slug
What brings you to Bubble today?,1,Drag-and-drop to build software in Bubble’s visual editor. We’ll even help you scale when you’re ready!,This helps us point you in the right direction – it’s easy to explore a different path later.,False,No code? No problem!,cards_with_images,1348695171700984260__LOOKUP__admin_user_meta_test,,custom.onboarding_question,3537848414,1655494674904,1701098746459,1655494674904x518813523219562300,
"Finally, where did you hear about Bubble?",4,"Meet a new friend, collaborator, customer, or investor in the active Bubble community!","You caught us: this question is for us! We’d love to reach
more people like you.",False,Bubble powers apps across the world.,radio_buttons,1348695171700984260__LOOKUP__admin_user_meta_test,,custom.onboarding_question,3537848415,1655494694843,1700236655722,1655494694843x296712937833131900,
How comfortable are you learning new technology?,2,"The Bubble community is here to help you get started, learn the lingo, and troubleshoot if you feel stuck.","Regardless of your answer, you’re in the right place! The Bubble community welcomes tech novices and experts alike.",False,It’s normal for it to take time to learn Bubble.,cards_with_images,1348695171700984260__LOOKUP__admin_user_meta_test,,custom.onboarding_question,4958038017,1683214856454,1700692272321,1683214856454x224570128327994400,
Where are you with your project?,3,"Bring your idea to life on a robust, scalable, and secure platform.","No matter what stage you’re in, Bubble is the right tool for you.",False,Bubble can do it all!,cards_with_images,1348695171700984260__LOOKUP__admin_user_meta_test,,custom.onboarding_question,4958038018,1683216722879,1700156384745,1683216722878x158381026917959740,
