message_text,Created By,Modified By,_type,_version,Created Date,Modified Date,_id,Slug
"In particular, we added a section regarding the [color=#52ADE0][url=https://manual.bubble.is/the-bubble-fundamentals/acceptable-use-policy.html]Bubble Acceptable Use Policy[/url][/color].",1348695171700984260__LOOKUP__1339510945575x284965680912137020,,custom.privacy_policy_update,12436537,1490119675634,1490119675636,1490119675383x914032315086667800,
"The updated Terms and Privacy policy have been updated to address the EU's GDPR that comes into effect on May 25, 2018. The updated terms also have a new section regarding the Bubble Marketplace.",1348695171700984260__LOOKUP__1339510945575x284965680912137020,,custom.privacy_policy_update,60800757,1526952203384,1526952203432,1526952203170x627855312771350500,
Our Privacy & Cookie Policy has been updated to reflect the fact that Bubble has officially self-certified to the EU-U.S. and Swiss-U.S. Privacy Shield Frameworks.,1348695171700984260__LOOKUP__1339510945575x284965680912137020,,custom.privacy_policy_update,88453863,1531921647096,1531921647143,1531921647013x483492821833351200,
We added a data processor to our sub-processor page (Delighted).,1348695171700984260__LOOKUP__1339510945575x284965680912137020,,custom.privacy_policy_update,178764007,1542837325006,1542837325052,1542837302852x228263786763517950,
"We’ve clarified that our commitment to comply with Privacy Shield includes the UK in advance of the UK’s proposed withdrawal from the EU, and clarified how we comply with Data requests from our users and how we engage third-party sub-processors.",1348695171700984260__LOOKUP__1339510945575x284965680912137020,,custom.privacy_policy_update,223485583,1549637624760,1549637624804,1549637622339x252634529832632320,
Updated our Privacy Policy and amended the list of sub-processors,1348695171700984260__LOOKUP__1339510945575x284965680912137020,,custom.privacy_policy_update,293479120,1559074688853,1559074688905,1559074688637x485488794899841000,
We updated our privacy policy as we're starting to use Facebook Pixel. We also removed an analytics tool from our list of sub-processors.,1348695171700984260__LOOKUP__1339510945575x284965680912137020,,custom.privacy_policy_update,392911671,1575409400415,1575409400460,1575409400046x185524598223142900,
"We updated our Terms to allow those 13 and older to use Bubble with parental consent, to clarify ownership dispute situations, and to update our Privacy Policy per legal best practice.",1348695171700984260__LOOKUP__1567804003405x141125820880290140,,custom.privacy_policy_update,564213512,1593537522901,1593537522944,1593537522769x684767394482880500,
"We updated our Data Processing Amendment to implement the Standard Contractual Clauses as the lawful transfer mechanism for EU data, instead of relying on the Privacy Shield framework.",1348695171700984260__LOOKUP__1567804003405x141125820880290140,,custom.privacy_policy_update,648653109,1598364699117,1598364699161,1598364698587x804981719077224400,
We have updated our DPA to reflect the latest in GDPR guidance,1348695171700984260__LOOKUP__admin_user_meta_live,,custom.privacy_policy_update,2609448202,1670512296675,1670512296683,1670512296675x118680379521645120,
