icon_text,name_text,icon_image,order_number,popular_apps_text,lowercase_name_text,long_description_text,features_list_custom_can_i_build_feature,Created By,Modified By,_type,_version,Created Date,Modified Date,_id,Slug
newspaper,Blog,,9,"Tumblr, TechCrunch, Gizmodo",blog,Create and manage your own personal or professional blog on Bubble to communicate your ideas to your audience. ,"['1348695171700984260__LOOKUP__1675698260774x761438690492149100', '1348695171700984260__LOOKUP__1675698260774x525147993377466300', '1348695171700984260__LOOKUP__1675698260773x186369479035607650', '1348695171700984260__LOOKUP__1675698260774x651221759362418000', '1348695171700984260__LOOKUP__1675698260774x247372487826869730', '1348695171700984260__LOOKUP__1675698260774x302597216187591600']",1348695171700984260__LOOKUP__admin_user_meta_live,,custom.can_i_build_category,2710324653,1675698337366,1675698337366,1675698337366x675366479880348300,
badge,CRM,,5,"Salesforce, HubSpot, Agile CRM",CRM,"Manage and maintain customer relations, gather insights, and grow your business with a custom Bubble built CRM.","['1348695171700984260__LOOKUP__1675698260774x302597216187591600', '1348695171700984260__LOOKUP__1675698260774x563720396694271900', '1348695171700984260__LOOKUP__1675698260774x479802057308438500', '1348695171700984260__LOOKUP__1675698260774x542038303045867100', '1348695171700984260__LOOKUP__1675698260774x864092609441508000', '1348695171700984260__LOOKUP__1675698260790x821089067663233000']",1348695171700984260__LOOKUP__admin_user_meta_live,,custom.can_i_build_category,2710324654,1675698337591,1675698337591,1675698337591x120140911817722350,
insert chart,Dashboard,,6,"Tableau, Google Data Studio, Looker",dashboard,Visualize important data and metrics to track business health and growth with your custom and interactive Bubble dashboard app.,"['1348695171700984260__LOOKUP__1675698260774x302597216187591600', '1348695171700984260__LOOKUP__1675698260774x864092609441508000', '1348695171700984260__LOOKUP__1675698260790x821089067663233000', '1348695171700984260__LOOKUP__1675698260789x488224842704457100', '1348695171700984260__LOOKUP__1675698260790x340211802835524540', '1348695171700984260__LOOKUP__1675698260790x986653591831235600']",1348695171700984260__LOOKUP__admin_user_meta_live,,custom.can_i_build_category,2710324655,1675698337732,1675698337732,1675698337732x949408934565860500,
gallery thumbnail,Directory & Listings,,7,"Yelp, Google Maps, YouTube",directory & listings,"Create an accessible way for users to find information about a prticular topic, business or industry with your Bubble built Directory & Listing.","['1348695171700984260__LOOKUP__1675698260774x302597216187591600', '1348695171700984260__LOOKUP__1675698260774x864092609441508000', '1348695171700984260__LOOKUP__1675698260790x352399761121839500', '1348695171700984260__LOOKUP__1675698260790x493606086050090800', '1348695171700984260__LOOKUP__1675698260790x675622613233152400', '1348695171700984260__LOOKUP__1675698260790x183381254113758940']",1348695171700984260__LOOKUP__admin_user_meta_live,,custom.can_i_build_category,2710324656,1675698337912,1675698337912,1675698337912x745781654387319300,
storefront,Marketplace,,2,"Amazon, Airbnb, Etsy",marketplace,Create an e-commerce experience that allows users to buy and sell goods or services to one another.,"['1348695171700984260__LOOKUP__1675698260774x302597216187591600', '1348695171700984260__LOOKUP__1675698260790x352399761121839500', '1348695171700984260__LOOKUP__1675698260790x493606086050090800', '1348695171700984260__LOOKUP__1675698260790x675622613233152400', '1348695171700984260__LOOKUP__1675698260790x183381254113758940', '1348695171700984260__LOOKUP__1675698260790x602935636003173000']",1348695171700984260__LOOKUP__admin_user_meta_live,,custom.can_i_build_category,2710324657,1675698337972,1675698337972,1675698337972x248392489043954180,
update,On-demand Services,,8,"Calendly, Uber, DoorDash",on-demand services,"Create an app that allows users to request and receive services in real-time, with features like location-based search, payment processing and real-time communication.","['1348695171700984260__LOOKUP__1675698260774x302597216187591600', '1348695171700984260__LOOKUP__1675698260790x352399761121839500', '1348695171700984260__LOOKUP__1675698260790x675622613233152400', '1348695171700984260__LOOKUP__1675698260790x183381254113758940', '1348695171700984260__LOOKUP__1675698260790x602935636003173000', '1348695171700984260__LOOKUP__1675698260790x750562554875352000']",1348695171700984260__LOOKUP__admin_user_meta_live,,custom.can_i_build_category,2710324658,1675698338017,1675698338017,1675698338017x239411628231342340,
checklist,Project Management,,4,"Asana, Trello, Jira",project management,"Create a project management app to enable teams to plan, organize, and manage tasks and resources to achieve specific goals and objectives.","['1348695171700984260__LOOKUP__1675698260774x302597216187591600', '1348695171700984260__LOOKUP__1675698260774x864092609441508000', '1348695171700984260__LOOKUP__1675698260790x821089067663233000', '1348695171700984260__LOOKUP__1675698260789x488224842704457100', '1348695171700984260__LOOKUP__1675698260808x440886148146874000', '1348695171700984260__LOOKUP__1675698260808x189603610598533920']",1348695171700984260__LOOKUP__admin_user_meta_live,,custom.can_i_build_category,2710324659,1675698338130,1675698338130,1675698338130x210617419623352800,
web,SaaS,,3,"Slack, Mailchimp, Quickbooks",SaaS,Create a software service that users can interact with as they need.,"['1348695171700984260__LOOKUP__1675698260774x302597216187591600', '1348695171700984260__LOOKUP__1675698260774x864092609441508000', '1348695171700984260__LOOKUP__1675698260789x488224842704457100', '1348695171700984260__LOOKUP__1675698260808x318640239098151550', '1348695171700984260__LOOKUP__1675698260808x430012043369644800', '1348695171700984260__LOOKUP__1675698260808x523776966775910900']",1348695171700984260__LOOKUP__admin_user_meta_live,,custom.can_i_build_category,2710324660,1675698338329,1675698338329,1675698338329x872153642581858600,
hub,Social network,,1,"Facebook, Tinder, Reddit",social network,"Create a social platform for individuals or groups to communicate, share content, and build relationships with other users.","['1348695171700984260__LOOKUP__1675698260774x761438690492149100', '1348695171700984260__LOOKUP__1675698260774x651221759362418000', '1348695171700984260__LOOKUP__1675698260774x302597216187591600', '1348695171700984260__LOOKUP__1675698260774x864092609441508000', '1348695171700984260__LOOKUP__1675698260808x430012043369644800', '1348695171700984260__LOOKUP__1675698260808x523776966775910900']",1348695171700984260__LOOKUP__admin_user_meta_live,,custom.can_i_build_category,2710324661,1675698338330,1675698338330,1675698338330x890394618167010800,
,Other,,,,other,"Bubble users have launched and grown their businesses by building data-driven, fully functional apps with our simple visual editor, and you can too!","['1348695171700984260__LOOKUP__1675698260774x761438690492149100', '1348695171700984260__LOOKUP__1675698260774x651221759362418000', '1348695171700984260__LOOKUP__1675698260808x523776966775910900', '1348695171700984260__LOOKUP__1675698260808x430012043369644800', '1348695171700984260__LOOKUP__1675698260774x302597216187591600', '1348695171700984260__LOOKUP__1675698260774x864092609441508000']",1348695171700984260__LOOKUP__admin_user_meta_live,,custom.can_i_build_category,2710324662,1675698338331,1675698338331,1675698338331x178827413099814660,
