set_text,icon_text,name_text,icon_image,description_text,template_list_option_starter_template,Created By,Modified By,_type,_version,Created Date,Modified Date,_id,Slug
,public,SEO,,Optimize your app and content for search enginges.,,1348695171700984260__LOOKUP__admin_user_meta_test,,custom.can_i_build_feature,3343117029,1674759021236,1674759181216,1674759021236x167643871013938530,
,chat bubble,Commenting,,Moderate and enable users to leave comments.,,1348695171700984260__LOOKUP__admin_user_meta_test,,custom.can_i_build_feature,3343117031,1674759021236,1674759155475,1674759021236x202814663858123840,
,smartphone,Mobile friendly,,Create a responsive experience for all devices types.,,1348695171700984260__LOOKUP__admin_user_meta_test,,custom.can_i_build_feature,3343117032,1674759021236,1674759141190,1674759021236x216690085115379900,
,account circle,User management,,Create and manage multiple user accounts with different roles and permissions.,,1348695171700984260__LOOKUP__admin_user_meta_test,,custom.can_i_build_feature,3343117033,1674759021236,1674759124883,1674759021236x224638381039755420,
,hub,Social sharing,,Allow sharing on all social media platforms.,,1348695171700984260__LOOKUP__admin_user_meta_test,,custom.can_i_build_feature,3343117034,1674759021236,1674759105541,1674759021236x371187956344495550,
,edit note,Content creation,,"Create, publish, edit and delete any content.",,1348695171700984260__LOOKUP__admin_user_meta_test,,custom.can_i_build_feature,3343117035,1674759021236,1674759077629,1674759021236x682400281224266900,
,perm contact calendar,Contact management,,Store and organize customer information.,,1348695171700984260__LOOKUP__admin_user_meta_test,,custom.can_i_build_feature,3343117036,1674759021237,1674759258062,1674759021237x250850099459619900,
,campaign,Marketing automation,,Automate and streamline marketing tasks.,,1348695171700984260__LOOKUP__admin_user_meta_test,,custom.can_i_build_feature,3343117037,1674759021237,1674759238061,1674759021237x437888645302424900,
,point of sale,Sales management,,"Manage pipeline, track customer interactions, close deals.",,1348695171700984260__LOOKUP__admin_user_meta_test,,custom.can_i_build_feature,3343117038,1674759021237,1674759220361,1674759021237x488871008211910800,
,api,API Integrations,,"Integrate with email, social media, e-commerce, accounting, and more.",,1348695171700984260__LOOKUP__admin_user_meta_test,,custom.can_i_build_feature,3343117039,1674759021237,1674759201859,1674759021237x809066235253488300,
,mail,Outbound emailing,,Automate and send emails with relevant business information.,,1348695171700984260__LOOKUP__admin_user_meta_test,,custom.can_i_build_feature,3343117040,1674759021244,1674759350884,1674759021244x544497626360765500,
,auto graph,Data visualization,,"Provide a clear overview of information with charts, tables, graphs.",,1348695171700984260__LOOKUP__admin_user_meta_test,,custom.can_i_build_feature,3343117041,1674759021244,1674759336070,1674759021244x754824607591673000,
,bar chart,Analytics,,"Present analyses and insights like sales trends, customer behavior and LTV.",,1348695171700984260__LOOKUP__admin_user_meta_test,,custom.can_i_build_feature,3343117042,1674759021244,1674759323452,1674759021244x760460551446462000,
,travel explore,Search and Browse,,"Allow users to search by name, category, location, etc.",,1348695171700984260__LOOKUP__admin_user_meta_test,,custom.can_i_build_feature,3343117043,1674759021244,1674759307920,1674759021244x762866134650540900,
,list alt,Listing,,Create custom listing pages for your products or services.,,1348695171700984260__LOOKUP__admin_user_meta_test,,custom.can_i_build_feature,3343117044,1674759021244,1674759294226,1674759021244x940463655957774300,
,tune,Customization,,Display the most relevant data and metrics specific to business needs.,,1348695171700984260__LOOKUP__admin_user_meta_test,,custom.can_i_build_feature,3343117045,1674759021244,1674759279553,1674759021244x967550485614986400,
,contact support,Customer service,,"Manage customer requests, resolve complaints, and provide support. ",,1348695171700984260__LOOKUP__admin_user_meta_test,,custom.can_i_build_feature,3343117046,1674759021245,1674759415865,1674759021245x177099778741320670,
,calendar month,Scheduling,,Create calendar integrations to schedule services in advance.,,1348695171700984260__LOOKUP__admin_user_meta_test,,custom.can_i_build_feature,3343117047,1674759021245,1674759402340,1674759021245x308941274300402750,
,star half,Reviews,,Create a reviews and rating system for users to give feedback.,,1348695171700984260__LOOKUP__admin_user_meta_test,,custom.can_i_build_feature,3343117048,1674759021245,1674759377783,1674759021245x361328752473746500,
,credit score,Payments,,"Allow users to purchase or book products or services, and process payments safely.",,1348695171700984260__LOOKUP__admin_user_meta_test,,custom.can_i_build_feature,3343117049,1674759021245,1674759363389,1674759021245x934561474580691800,
,verified user,Security,,Maintain and update the security of your product for users.,,1348695171700984260__LOOKUP__admin_user_meta_test,,custom.can_i_build_feature,3343117050,1674759021247,1674759470417,1674759021247x112333043271127360,
,forum,In-app messaging,,Allow team members to share updates like progress and feedback.,,1348695171700984260__LOOKUP__admin_user_meta_test,,custom.can_i_build_feature,3343117051,1674759021247,1674759454792,1674759021247x306020139620258400,
,event repeat,Recurring subscriptions,,Automate and process monthly or annual payments from users.,,1348695171700984260__LOOKUP__admin_user_meta_test,,custom.can_i_build_feature,3343117052,1674759021247,1674759438492,1674759021247x558973677357257540,
,task alt,Task management,,"Allow users to create, assign, and track tasks.",,1348695171700984260__LOOKUP__admin_user_meta_test,,custom.can_i_build_feature,3343117053,1674759021247,1674759425405,1674759021247x806738999041235200,
,rocket launch,Scalability,,Design app to scale automatically and seamlessly with users.,,1348695171700984260__LOOKUP__admin_user_meta_test,,custom.can_i_build_feature,3343117054,1674759021248,1674759480111,1674759021248x460656511693525060,
Warm start v2,lock_outline,"User
authentication",,,"['building_blocks', 'marketplace', 'social_network', 'crm']",1348695171700984260__LOOKUP__admin_user_meta_test,,custom.can_i_build_feature,3343117055,1695662374814,1695739569833,1695662374814x439290359270076300,
Warm start v2,devices,"Multi-device
layouts",,,"['building_blocks', 'marketplace', 'social_network', 'crm']",1348695171700984260__LOOKUP__admin_user_meta_test,,custom.can_i_build_feature,3343117056,1695662374815,1695668728048,1695662374815x223168356281981730,
Warm start v2,bar_chart,"Sales
dashboard",,,['marketplace'],1348695171700984260__LOOKUP__admin_user_meta_test,,custom.can_i_build_feature,3343117057,1695662374815,1695669555757,1695662374815x337169069129323460,
Warm start v2,storefront,"Product
page",,,['marketplace'],1348695171700984260__LOOKUP__admin_user_meta_test,,custom.can_i_build_feature,3343117058,1695662374815,1695668824153,1695662374815x534640042404626700,
Warm start v2,contact_page,"Contact
management",,,['crm'],1348695171700984260__LOOKUP__admin_user_meta_test,,custom.can_i_build_feature,3343117059,1695662374815,1695668775896,1695662374815x542884797513687040,
Warm start v2,settings,"Settings
center",,,"['building_blocks', 'marketplace', 'social_network', 'crm']",1348695171700984260__LOOKUP__admin_user_meta_test,,custom.can_i_build_feature,3343117061,1695662374815,1695668749595,1695662374815x587279423611218200,
Warm start v2,show_chart,"Purchase
insights",,,['marketplace'],1348695171700984260__LOOKUP__admin_user_meta_test,,custom.can_i_build_feature,3343117062,1695662374815,1695739790048,1695662374815x686278820912213500,
Warm start v2,contacts,"User
directory",,,"['building_blocks', 'crm']",1348695171700984260__LOOKUP__admin_user_meta_test,,custom.can_i_build_feature,3343117063,1695662374815,1695668809493,1695662374815x744217623830046500,
Warm start v2,group,"Multiple
users",,,['crm'],1348695171700984260__LOOKUP__admin_user_meta_test,,custom.can_i_build_feature,3343117064,1695662374815,1695668762955,1695662374815x866289430623605800,
Warm start v2,list_alt,"Listings
page",,,['marketplace'],1348695171700984260__LOOKUP__admin_user_meta_test,,custom.can_i_build_feature,3343117065,1695662374815,1695668835729,1695662374815x969233132092215200,
Warm start v2,account_circle,"User 
profile",,,['social_network'],1348695171700984260__LOOKUP__admin_user_meta_test,,custom.can_i_build_feature,3343117066,1695662374817,1695669595985,1695662374817x386127666537112500,
Warm start v2,group_add,"Social
connecting",,,['social_network'],1348695171700984260__LOOKUP__admin_user_meta_test,,custom.can_i_build_feature,3343117067,1695662374817,1695669609350,1695662374817x763819727240138800,
Warm start v2,feed,"Social
feed",,,['social_network'],1348695171700984260__LOOKUP__admin_user_meta_test,,custom.can_i_build_feature,3343117068,1695662374817,1695669583881,1695662374817x902651662205081500,
Warm start v2,pin_drop,"Map
functionality",,,,1348695171700984260__LOOKUP__admin_user_meta_test,,custom.can_i_build_feature,3343117069,1695662374818,1695819433503,1695662374818x133548593327399440,
Warm start v2,storage,"File
hosting",,,,1348695171700984260__LOOKUP__admin_user_meta_test,,custom.can_i_build_feature,3343117070,1695662374818,1695819332594,1695662374818x134928176213259040,
Warm start v2,auto_mode,Automations,,,,1348695171700984260__LOOKUP__admin_user_meta_test,,custom.can_i_build_feature,3343117071,1695662374818,1695818990462,1695662374818x259817527321333440,
Warm start v2,security,"Data
security",,,,1348695171700984260__LOOKUP__admin_user_meta_test,,custom.can_i_build_feature,3343117072,1695662374818,1695739842845,1695662374818x663743798194992500,
Warm start v2,cable,"API
connectivity",,,,1348695171700984260__LOOKUP__admin_user_meta_test,,custom.can_i_build_feature,3343117073,1695662374818,1695664749170,1695662374818x710743787018137700,
Warm start v2,interests_outline,"3rd party
integrations",,,,1348695171700984260__LOOKUP__admin_user_meta_test,,custom.can_i_build_feature,3343117074,1695662374818,1695739874015,1695662374818x959771433025906600,
Warm start v2,photo_camera_front,"User generated
content",,,['social_network'],1348695171700984260__LOOKUP__admin_user_meta_test,,custom.can_i_build_feature,3343117075,1695662374818,1695739817773,1695662374818x996403976469024900,
Warm start v2,restart_alt,Subscriptions,,,,1348695171700984260__LOOKUP__admin_user_meta_test,,custom.can_i_build_feature,3343117076,1695662374819,1695662374819,1695662374819x900803350611328600,
