link_text,title_text,image_image,free_boolean,hidden_boolean,description_text,attributes_list_text,summary_description_text,linked_instructor_custom_coach,type_option_3rd_party_resource_type,3rd_party_resource_language_option_3rd_party_resource_language,Created By,Modified By,_type,_version,Created Date,Modified Date,_id,Slug
https://lab.zeroqode.com,Zeroqode Lab,//s3.amazonaws.com/appforest_uf/f1648736393850x837682776972634900/Zeroqode.svg,,,offers subscription based courses to learn how to build products without code,,,,,,,,,,1470611583496,1648736394748,,
http://click.linksynergy.com/link?id=kXpKfgG*/JI&offerid=323058.1098554&type=2&murl=https://www.udemy.com/buildastartup/,Build Your Startup with No Coding,//s3.amazonaws.com/appforest_uf/f1648736400308x628852979246080600/Build%20Your%20Startup%20with%20No%20Coding.svg,,,is an Udemy-based course to learn how to use Bubble,,,,,,,,,,1470611751230,1648736401180,,
http://click.linksynergy.com/link?id=kXpKfgG*/JI&offerid=323058.1098554&type=2&murl=https://www.udemy.com/bubble-course/,Create Complete Web Apps without Coding,//s3.amazonaws.com/appforest_uf/f1648736409910x453901935917955000/Create%20Complete%20Web%20Apps%20without%20Coding.svg,,,is a course to learn how to use Bubble,,,,,,,,,,1470611798868,1648736411001,,
http://codelessacademy.com/,CodeLess Academy,//s3.amazonaws.com/appforest_uf/f1648736416994x783858152324586900/Codeless%20Academy.svg,,,"offers some monthly courses to learn how to build apps on Bubble, especially native apps",,,,,,,,,,1470611846744,1648736417969,,
https://build.airdev.co/,Airdev Build Hub,//s3.amazonaws.com/appforest_uf/f1648736424705x335576944204604160/Airdev.svg,,,"is a suite of learning & building resources for Bubblers, including a free bootcamp with professional certification, Canvas template & modular building framework, community forum, and professional experts for hire.",,,,,,,,,,1470611876637,1651063204274,,
http://appswithoutcode.com,Apps Without Code,,,True,offers bootcamps to learn how to build things without code,,,,,,,,,,1472027355413,1603034002585,,
https://www.youtube.com/channel/UCTL_mXO3qsgFc_3s2T5wlWg,Coaching No Code Apps,//s3.amazonaws.com/appforest_uf/f1648736445903x531640160507760960/Coaching%20No%20Code%20Apps.svg,,,is a Youtube Channel of Bubble tutorials,,,,,,,,,,1519729599351,1648736446893,,
https://coachingbubble.com/quick-tip-guide,Quick Tip Guide,,,True,is a paid e-book with Bubble tutorials and tips,,,,,,,,,,1519729686371,1603034019957,,
http://semcodigo.com/,Sem Código,,,True,is a Bubble course in Portuguese ,,,,,,,,,,1525699097400,1648160638361,,
https://learnto.app,LearnTo,//s3.amazonaws.com/appforest_uf/f1648736462422x100055879468279760/LearnTo.svg,,False,offers subscription based courses to learn how to build products from scratch,,,,,,,,,,1530563147831,1648736463235,,
https://thevisual-pro.com/,The Visual Pro,,,True,offers subscription based courses to learn how to build products without code,,,,,,,,,,1555522742950,1603034029066,,
https://www.youtube.com/renatoasse,Renatoasse,//s3.amazonaws.com/appforest_uf/f1648736469369x266771454074716800/Renatoasse.svg,,,is a YouTube channel with tutorials in Portuguese,,,,,,,,,,1584567347714,1648736470298,,
https://skillum.com/,Skillum,//s3.amazonaws.com/appforest_uf/f1648736473407x241068528325855580/Skillum.svg,,,"offers a number of lesson modules, free and paid, in Russian",,,,,,,,,,1596057809648,1648736474462,,
https://www.nocodeminute.com/,NoCodeMinute,//s3.amazonaws.com/appforest_uf/f1648736478661x549759174914597570/No%20Code%20minute.svg,,,"offers an eLearning Hub, as well as one-on-one sessions working on your specific project",,,,,,,,,,1596060476860,1648736479513,,
https://ottho.tools/,Ottho,//s3.amazonaws.com/appforest_uf/f1648736483134x557784170223391700/ottho.svg,,,offers French-language courses and bootcamps,,,,,,,,,,1599229561434,1648736484020,,
https://www.youtube.com/echolaketechnologies,Echo Lake Technologies,//s3.amazonaws.com/appforest_uf/f1648736489014x241817323958254180/Echo%20Lake%20Technologies.svg,,,is a YouTube channel providing Bubble tutorials and courses,,,,,,,,,,1603918300035,1648736489817,,
https://gumroad.com/l/the-ultimate-guide-to-bubble-performance,The Ultimate Guide to Bubble Performance,//s3.amazonaws.com/appforest_uf/f1648736511873x484771361412723840/_The%20Ultimate%20Guide%20to%20Bubble%20Performance.svg,,,is a pay-what-you-can PDF guide for performance-related best-practices to keep in mind while building an app. ,,,,,,,,,,1608065962420,1648736512900,,
http://buildcamp.io/,Buildcamp.io,//s3.amazonaws.com/appforest_uf/f1648736516968x705514408653971300/Buildcamp.svg,,,"is a learning and building community that features courses, templates, guides, workshops and bootcamps.",,,,,,,,,,1612275456022,1648736517858,,
https://www.nocodegermany.com/,NoCodeGermany,//s3.amazonaws.com/appforest_uf/f1648736536821x348367056805557900/No%20Code%20Germany.svg,,,is a free website for Bubble tutorials in German.,,,,,,,,,,1613489947370,1648736537882,,
https://www.udemy.com/course/tech-sin-programar/?referralCode=2E41BAC2A3FFA99E7465,Crea la tecnologia para tu Startup sin programar con Bubble,//s3.amazonaws.com/appforest_uf/f1648736544329x458379247319133700/Crea%20la%20tecnologia%20para%20tu%20Startup%20sin%20programar%20con%20Bubble.svg,,,is a Udemy Spanish course with step by step instructions to learn bubble and create 5 different projects,,,,,,,,,,1613587950993,1648736545454,,
https://bubblemakers.substack.com/,The Bubble Makers Newsletter,//s3.amazonaws.com/appforest_uf/f1648736552040x348292618388743600/The%20Bubble%20Makers%20Newsletter.svg,,,is a free biweekly newsletter that includes Bubble tips for beginners and more experienced makers. (also available in Spanish!),,,,,,,,,,1613679699690,1648736553128,,
https://nocodebible.io/,No Code Bible,//s3.amazonaws.com/appforest_uf/f1648736558131x358140779892690600/No%20Code%20Bible.svg,,,"is an English or Turkish template that introduces and exemplifies Bubble events, actions, operators, and more.",,,,,,,,,,1620325672085,1648736559107,,
https://assistedlearning.bubbleapps.io/?c=cr,Assisted Learning,//s3.amazonaws.com/appforest_uf/f1648736563037x208062069395345200/Assisted%20learning.svg,,,is a service that provides low-cost coaching and troubleshooting support sessions for Bubble developers. Prices starting from only 33$. English and Portuguese.,,,,,,,,,,1624034109621,1648736564182,,
https://www.unlimitedbubbling.dev/plugin_makery,Plugin Makery,//s3.amazonaws.com/appforest_uf/f1648736567798x953498363305451700/Plugin%20Makery.png,,,is a profound cover-it-all course on making plugins for Bubble,,,,,,,,,,1626445055889,1648736569261,,
https://www.nocodetrainer.com,NoCodeTrainer,//s3.amazonaws.com/appforest_uf/f1648736575116x366463575036911400/No%20Code%20Trainer.svg,,, provides video based learning resources with editor access to speed up your development. Get personalized training through private one-on-one or group sessions with a Bubble expert.,,,,,,,,,,1631807332420,1648736575959,,
https://www.azkytech.com/post/bubble-developer-roadmap,A comprehensive roadmap to building with bubble,//s3.amazonaws.com/appforest_uf/f1658934219790x811706590619303400/Zubair.png,,,"A comprehensive guide consisting of all the resources and skills you need in your arsenal so you can start building your app. Covers UX, Product, UI, Databases and much more.",,,,,,,,,,1658934261203,1658934261253,,
https://buildcamp.io/,Buildcamp,//meta-l.cdn.bubble.io/f1686764085325x852389904608227300/Buildcamp-card.png,True,False,"Buildcamp is Gregory John's no-code academy. We offer comprehensive courses covering popular verticals such as SaaS, AI, marketplaces, and design.
Gregory has been a no-coder since 2016. He successfully built a two-sided marketplace on Bubble, raised venture capital, and has worked with numerous startups looking to transition into no-code. He also ran a successful agency in the past.

[b]Recents reviews:[/b]
“Thank you for an amazing course! I completed the requirements to earn my Flexcamp certification today. I highly recommend signing up and taking the Buildcamp Flexcamp course to better your design skills.”

“I really like the depth of tips and explanations about element spacings and settings, and best practice. For sure, even once I've finished the course, these modules are something I'll be referring back to as a guide when building out apps. Great so far.”

“The pace is absolutely perfect to let us learn while working on other things in parallel. Your perfect audible English & voice flow are great to understand everything (for non English natives as us). And the flow is perfect so that we can build alongside without pausing down every-time.”","['Intermediate', ' On-Demand', ' English']","Join 15,000+ ambitious no-coders and learn how to build beautiful SaaS, AI, and marketplace apps with Gregory John.",,bootcamp,cmyrq7,,,,,1659014919836,1715886028550,,
https://millionlabs.co.uk/no-code_bootcamps,Million Labs,//s3.amazonaws.com/appforest_uf/f1659015147520x204817472862420800/MLabs%20Bottle%20-%20Two%20Colour%20copy.jpg,True,False,"Million Labs help idea stage non-technical founders to launch startups. They provide funding, incubation and no-code development to thousands of global founders every year. 

The Million Labs Beginners Bootcamp is a great way to get started. Not only is the course completely free, it provides access to the wider Million Labs community of founders, investors and developers and a whole host of tools that help you to succeed. 

Million Labs success has come from creating opportunities for founders, not by trying to sell them services. Their largest startups are now unicorns that are helping to fund the newest founders joining the community. Their new startup methodology and rapidly growing ecosystem is changing the way tech businesses are made.","['Beginner', ' On-Demand + Live', ' English']",Million Labs free beginner bootcamp gives you all the key skills that you need to build and launch your Bubble Application.,,bootcamp,cmyrq7,,,,,1659015108340,1716297889463,,
https://www.youtube.com/playlist?list=PLbfYTV6dL4yyO-LJqnBXuknGLVXNPPdSL,AZKY Tech Labs,//s3.amazonaws.com/appforest_uf/f1659361572573x223462608402608350/Color%20logo%20-%20no%20background%20-%20Copy.png,True,False,"The Free Bubble Bootcamp gives a short and basic introduction to Bubble, ending with guidelines on how to learn Bubble through a comprehensive roadmap of next steps.

Zubair is a Software Engineer turned full-time Bubbler. After nearly a decade of software engineering, he switched gears and found AZKY Tech Labs to focus on delivering fully functional apps for clients using NoCode. Zubair and his team have built many Bubble apps for customers all across the globe.

Zubair strongly believes in sharing his knowledge and giving back to the community. He has been guiding people to reach out on the Bubble forum. He is also working with his team to make free Bubble resources on Youtube.","['Beginner', ' On-Demand', ' English']","Free Bubble Bootcamp from a Bootcamp Instructor, providing a solid foundation in Bubble and a roadmap for the next steps in just 1.5 hours.",,bootcamp,cmyrq7,,,,,1659361825318,1716297884894,,
https://momentumacademy.tech/?utm_source=bubble.io&utm_medium=referral&content=bubble-bootcamps-2,Momentum Academy,//meta-q.cdn.bubble.io/f1705946227608x282194145883097900/momentum-m-rectangle.svg,True,False,"[b]Momentum Academy is...[/b]
The only end-to-end program teaching you to build professional-grade Bubble apps in 90 days, so you can transition into a tech career or tech business, without years of formal study or learning to code!

[b]A+ Course Content[/b]
Sixteen comprehensive modules. Two real-world app build projects. Fifty hours of up-to-date, on-demand video tutorials. No more Forum or Youtube. This is your Bubble deep-dive!

[b]Live Weekly Q&A[/b]
Weekly group technical coaching covering all of the course content. You get the support you need to learn quickly and effectively, answering your questions and keeping you on track.

[b][color=rgb(34, 34, 34)]Cohort-based[/color][/b]
[color=rgb(34, 34, 34)]Learn with the support of like minded peers. Submit each module's homework and get feedback from our mentors. Pass each module and work towards a sharable certificate.[/color]

[b][color=rgb(34, 34, 34)]Our promise[/color][/b]
[color=rgb(34, 34, 34)]Momentum Academy will enable you to achieve your goals in the Bubble.io App building world. Whether you are an aspiring developer, a startup founder, or a product manager, we will ensure that you can build or oversee the development of production grade Bubble apps. Our proven curriculum gives you the knowledge to pass Bubble’s certification, build a strong portfolio, and land a job anywhere in the world or start your production level app build in as little as 90 days.[/color]

[b]About Us[/b]
Will & Zosia Ericksson founded Momentum to help you grow your app, your career, or your software-based business! We've made the journey ourselves from successful careers into a technology business, and we can't wait to meet you and see what you build!","['All Levels', ' Live', ' English']",The end-to-end Bubble Certification Bootcamp 2025.,,bootcamp,cmyrq7,,,,,1659462039312,1731950977662,,
https://www.udemy.com/course/the-startup-founders-guide-to-bubble-programming/?referralCode=1762EB3A77D5B5A2DB14,NoCode Propulsion,//s3.amazonaws.com/appforest_uf/f1659722016684x356950838735399240/NoCode%20Propulsion%20Logo%20Cropped%20%281%29.jpg,True,False,"NoCode Propulsion was started by Jonathan Timianko, one of Bubble’s earliest users and the founder of PierShare, a profitable boat-docking startup built entirely on Bubble that has since generated hundreds of thousands of page views and over seven figures of revenue. Jonathan has logged 10,000+ hours of development time in the Bubble platform, and in the process has simultaneously learned to program as well as build his business from scratch, without engineers or external funding.

Jonathan has had an incredible journey on Bubble so far, and knows firsthand how difficult it can be to get an idea off the ground from both a business and technical standpoint. His courses are designed so that that anyone who takes them walks away with the core foundational knowledge necessary to progress to the next step in their startup journey. Whether you’d like to build something simple or complex, his courses prioritize the most important Bubble concepts so that you embark on your journey towards being able to build anything you want on your own – just like he has.","['Beginner', ' Live', ' English']",NoCode Propulsion teaches the next generation of startup founders and developers the Bubble knowledge they need to get their ideas off the ground in the most efficient way.,,bootcamp,cmyrq7,,,,,1659462366647,1716297876295,,
https://lightningproduct.io/,Lightning Products,//s3.amazonaws.com/appforest_uf/f1659554946527x584936533044407200/Screen%20Shot%202022-08-03%20at%203.26.25%20PM.png,True,False,"Are you a Bubble/No Code Developer or Entrepreneur? In this course, you’ll learn the basics of Product Management that will allow you to design, develop and consistently provide valuable professional-looking products to your customers just like successful tech companies. Dave McManus is a senior product manager turned Bubble Developer with 5 years of experience working in Silicon Valley. He has worked with Fortune 500 companies through to early-stage startups (including starting his own!). A former General Assembly Product Management instructor, Dave has taught over 300 students from companies like Google, Facebook, Instacart, Microsoft, and many others how to build well-designed and valuable products.

In this course you will learn to:
- Perform user research properly
- Design prototypes quickly and iterate on feedback
- Use a design system to build products faster
- Run usability tests to pick up issues prior to launch

This course also includes 30 minutes of 1 on 1 product management coaching with Dave (via Loom.com videos).""","['Beginner', ' Live', ' English']","Product Management fundamentals for Bubble/NoCode Devs & Entrepreneurs. Learn how to ship professional products like product teams at Google, Facebook, and more.",,bootcamp,cmyrq7,,,,,1659553878707,1716297872879,,
https://apptoyou.pl/,Apptoyou Academy,//s3.amazonaws.com/appforest_uf/f1662473838823x285314883922069600/apptoyou-logo.png,True,False,"At the Apptoyou.pl Academy, we teach non-technicals how to build web applications using the Bubble.io platform.
Courses were created by experienced Bubble Developers with dozens of delivered projects - Kamil Tarczyński, Co-Founder and CTO at havenocode.io and Jon Melo, Founder of Payhouse.co and former Bubble Bootcamps Instructor.

Two different learning paths are available:
- No-Code Specialist - course created for beginners, guiding students through all the meanders of Bubble platform, from zero knowledge to intermediate level. After this course, students will know the best practices of building Bubble applications that are efficient, scalable, secure and user-friendly.
- No-Code Expert - program dedicated for mid Bubble Developers who want to master their skills and build bulletproof apps. After completing the course, students will be able to build advanced web platforms much faster and in line with best practices.

Courses are in Polish, available on the platform without time limits, students can follow the video materials and learn at their own pace.
Each week students can join the live Q&A session with mentors and get their direct support.","['Beginner', ' On-Demand', ' Polish']",The ultimate no-code learning programme for everyone who wants to become a professional Bubble Developer.,,bootcamp,cmyrs7,,,,,1662474121610,1716297864796,,
https://build.airdev.co/bootcamp,Airdev,//s3.amazonaws.com/appforest_uf/f1666122141456x388818476278059300/bootcamp.png,False,False,"Founded in 2015 as the original Bubble agency, Airdev's mission is to set the standard for no-code development.

We created the free Airdev Bootcamp to train the next generation of professional no-code developers, using the tools and standards we have built over years of experimentation and hundreds of client engagements. We believe this curriculum is the best way to learn how to build like the pros.

We designed the experience to be accessible to anyone -- the content is free, modular, and self-paced. Students watch videos and complete hands-on exercises to learn beginner and intermediate Bubble skills. We also use our Canvas building framework (the #1 Bubble template + asset library) to show students how to accelerate their build using prebuilt pages and modules that can be quickly assembled and customized. Finally, students complete a capstone project that brings all their skills together.

At the end of the program, students should have the skills to build fully-functional applications using Bubble, and more importantly the skills to continue to learn as they pursue their professional learning journey.

Because this program teaches the standards that Airdev uses in our client engagements, it can be a great starting point for those interested in building professionally with Airdev. Our Partner program is a great way to build your professional no-code resume while earning a great living, working remotely, and doing what you love! More info at airdev.co/partners.","['All Levels', ' Live', ' English']","Learn to build like the pros, from the #1 Bubble agency.",,bootcamp,cmyrq7,,,,,1665694292022,1716386910846,,
https://thinkitbuildit.co/,"Think it, Build it",//s3.amazonaws.com/appforest_uf/f1667256471821x513516983928318460/Screen%20Shot%202022-10-31%20at%206.47.38%20PM.png,True,False,"The complete Bubble course for non-technical founders. Through a carefully structured curriculum of lectures and practical walkthroughs, you'll build the skills and confidence to turn your app ideas into reality, all by yourself.

Here's what others are saying:

""Matt's explanations and demonstrations will make you feel like you can build anything on Bubble. If there's one course you should get, this is it.""

""Everything you need to know about Bubble is here. Not only that. You actually get to see the process of wireframing, developing a launching an actual project. Trust me, you will LOVE this.""

""I was hesitant at first - I had watched Matt's youtube videos and there was actually another course I signed up to before Matt's as I thought it looked better.
I was wrong - Matt's course is the best bubble tutorial out there.""
","['Beginner', ' On-Demand', ' English']",The definitive Bubble course for non-technical founders,,bootcamp,cmyrq7,,,,,1667256323854,1716297850260,,
https://www.ottho.co/?utm_source=bubble&utm_medium=partenaire&utm_campaign=bootcamp_page,Ottho,//s3.amazonaws.com/appforest_uf/f1667257512009x525003541981580600/logo%20ottho%20carre%CC%81%20-%20Amandine%20Dugrain.png,True,False,"Starting in 2019, Ottho has trained more than 600 students from the worldwide francophonie, and more than 95% of them are super satisfied.

Many bootcamp, obviously one that will answer you need : 
• To do your first steps on Bubble, we have the free explorer pack
• To create by yourself your PMV, we have the Founder program, 4 weeks to launch your product
• To start a new job, start freelancing or join a company, we have the Developer program, 16 weeks to become an expert

Challenge yourself and join the top 1% Bubble's experts by mastering : 
• API
• Backend
• Security
• Optimisation
• Team work methodology
• Professional internship

100% remotely, our bootcamps are conducted by our mentor team (covering different timezone). 95% of our students are satisfied and talk about us.

*What about the afterlife at Ottho ?*
By join us, you will be joining a larger community, keep in touch with everyone, help and get help, be kept up to date with Bubble evolutions, share your success, and have access to exclusive content and event, and maybe one day become a mentor too, who knows 🤷🏻‍♀️ !

<Ottho, tell your Story louder !>","['All Levels', ' Live', ' French']",🇫🇷 The historical french Bubble bootcamp ! Join our online program & community,,bootcamp,cmyrr7,,,,,1667257557260,1716297834886,,
https://platzi.com/cursos/bubble/,Platzi,//s3.amazonaws.com/appforest_uf/f1668207973160x944605546440622200/Screen%20Shot%202022-11-11%20at%206.05.59%20PM.png,True,False,"About the course:
In this course you will learn how to 
use Bubble from scratch, creating a task and reminder management application, all without using code.

About the instructor:
Passionate about no-code and professional Bubble developer, Xabier Mendoza has helped more than 10 startups launch and grow their online businesses. Xabier loves bookstores, he can't help but buy more books than I can read.","['Beginner', ' On-Demand', ' Spanish']","In this course you will learn how to use Bubble from scratch, creating a task and reminder management application, all without using code.",,bootcamp,spanish,,,,,1668207718512,1716297840957,,
https://www.alegria.academy/,Alegria.academy,//s3.amazonaws.com/appforest_uf/f1668635927330x468248406611485400/Screen%20Shot%202022-11-16%20at%204.58.32%20PM.png,True,False,"Alegria.academy is the school of Alegria.group, the leader in Nocode solutions in Europe. We offer:
- a 15-month long course on Nocode tools (in French only): during which we have 46 training days focused on Bubble ;
- 2 to 20 days trainings for companies (in French and English).

Our pedagogy is mainly practical and has been built by a pedagogical team who worked in a top-3 French programming school before joining Alegria.academy.

Our long course (15-month) is mainly aimed at the following public:

- Students or young graduates, in academic reconversion who wish to strengthen their profile and employability.
- Professionals in transition, who wish to develop their digital skills with the aim of making them their profession or with the aim of making it their profession or complementing their skills.
- Project owners (startups), who need web design skills to launch their digital project without a developer.
- And for all those who wish to master the Nocode solutions to use them in their daily work!
","['All Levels', ' Live', ' French']",Alegria.academy is the 1s school for Nocode professionals: we offer a 3 months of full-time training and 12 months of work-study contract through a project-based pedagogy to progress and develop technical skills sought-after on the job market.,,bootcamp,cmyrr7,,,,,1668635858542,1716297830901,,
https://www.nocodehackers.es/bubble-camp-con-pablo-heredia,NocodeHackers,//s3.amazonaws.com/appforest_uf/f1670880701770x973132854640153900/Screen%20Shot%202022-12-12%20at%204.31.29%20PM.png,True,False,"Hi! I'm Pablo. I fell in love with Bubble almost 3 years ago and left my comfortable full-time job to pursue a career as a Bubble developer and product maker.

Since then, I have developed multiple apps, from SaaS to marketplaces and internal tools. I have also taught over 280 students how to bring their ideas to life with my online courses.

Together with NocodeHackers, I have created a new 6-weeks program focused on Spanish-speaking learners, to help them become proficient Bubble developers. The program is divided into 5 different challenges and a final project that students need to complete. We put a really strong focus on practice and spend a lot of time correcting the exercises for the students and giving them video feedback.","['Beginner', ' Live', ' Spanish']","This bootcamp guides the user through the creation of a Product Hunt clone, with 5 different challenges covering best practices, database structures, user management, API connections and much more.",,bootcamp,spanish,,,,,1670880354539,1716297819230,,
https://stack3.xyz/bootcamp,Stack3,//s3.amazonaws.com/appforest_uf/f1670882783774x570409719258893500/32841957-03e6a606bcd3f92208cda9a874b978aa%20%281%29%20-%20Albert%20Astabatsyan.png,True,False,"With a background in finance, consulting, and private equity, I discovered the world of no-code development through my work on linksup.io. The project was the number one product of the day on Product Hunt in 2021 and number three in 2022. Currently, I am focused on Stack3 helping companies to hire, coordinate, and incentivize decentralized product teams. My passion for no-code and decentralization drives me to continue pushing the boundaries of what is possible in this exciting space.

I have extensive experience with Bubble and have worked on numerous projects with the platform. My courses focus on providing knowledge that is highly applicable to real-life projects, and upon graduation, fellows have the opportunity to join one of Stack3's guilds and work on real projects.","['Intermediate', ' Live', ' English']","The Stack3 Fellowship Program is a cohort-based course offered by Stack3DAO that teaches intermediate to advanced skills with Bubble. The curriculum covers topics such as creating white-label SaaS, using web3 SDKs such as thirdweb to create smart contracts, and working with APIs in real-world projects. The program includes case studies and a final hackathon, with rewards for successful completion.",,bootcamp,cmyrq7,,,,,1670882802040,1716297814555,,
https://www.semcodar.com.br/comunidade,Comunidade Sem Codar,//s3.amazonaws.com/appforest_uf/f1670883723384x773489679690435800/semcodar-brazil-bubblelogo%20-%20Renato%20Asse.png,True,False,"Comunidade Sem Codar is the go-to course in Portuguese for Bubble users who wish to learn everything from basic knowledge to advanced best practices on Bubble and No-Code development.

There are over 1.000 (one thousand) pre-recorded lessons on:
- Creating beautiful responsive screens and layouts
- Database modeling
- Workflows and logics
- API integrations
- Data Security and Privacy
- Performance and Scale

Comunidade Sem Codar goes beyond technical fundamentals, it is also a marketplace with hundreds of job openings for Bubble developers who wish to work as freelancers, or as developers hired by agencies and Startups.
Members also get full access to Bubble Essential Kit, a Chrome Extension with hundreds of components to copy and paste directly into your Bubble application.","['All Levels', ' On-Demand', ' Portuguese']","The #1 Bubble.io course in Brazil. Over one thousand lessons from beginner to advanced, including design, responsiveness, database, workflows, APIs, plugin development, and javascript.",,bootcamp,portuguese,,,,,1670883557684,1716297805674,,
www.sanscode.co/bootcamps,Sanscode,//s3.amazonaws.com/appforest_uf/f1673995926690x134981184841211470/Screenshot%202023-01-17%20at%205.51.56%20PM.png,True,False,"My name is Jagdish and I am a software developer who wrote his first line of code in the 1980s when computers needed an entire room to operate in. (Yes, I have lots of grey hair, a.k.a. experience). LOL.

My love for teaching brought me into the world of Bubble bootcamps, where I have taught over 200 students from all over the world. My students have built an extremely diverse set of apps in all kinds of fields. 

This bootcamp will teach you how to plan, build and launch your own app, even if you don't have a background in software development.

To me, nothing is more satisfying than seeing someone come into the Bootcamp with little or no technical background and turn their idea into an app in a matter of weeks. It fascinates me to see how Bootcamp attendees are able to produce an app which would normally cost tens of thousands of dollars to build, in a matter of weeks, and with a free Bubble account.

I love to see the diversity of ideas, and enjoy tackling the wide variety of questions I get during the Bootcamps. It keeps my thinking agile while also giving me the opportunity to help students with their apps. I feel energized by the passion that students bring into the Bootcamps.

I am also a consultant and Fractional CTO. In this role, I help my clients, who are startup founders and business owners, build their own software while learning Bubble along the way.

For my clients, I have built marketplaces, CRM systems, donor management apps for non-profits, workflow management systems, eLearning systems, dashboards, integrations with Zapier, plugins, form builders, hiring management systems, and so on.

I look forward to welcoming you to my bootcamp!","['Beginner', ' On-Demand + Live', ' English']",Learn how to build and launch a full-fledged app using Bubble.,,bootcamp,cmyrq7,,,,,1673995935777,1716296316690,,
https://nocodealliance.org/bubble-databases-course,NoCode Alliance,//s3.amazonaws.com/appforest_uf/f1673998337992x746289515686339200/NCA%20Logo2%20-%20JJ%20Englert.png,True,False,"Jj leads product at a VC backed company built on Bubble. He’s a former Bubble bootcamp instructor and is also the founder of NoCode Alliance.
This course is meant for intermediate to professional Bubble developers that want to learn how to build and maintain scalable databases within Bubble.
The course includes over 3 hours of content and includes the option to take an additional written test for a professional certificate.","['Advanced', ' On-Demand', ' English']","Led by Bubble Professional, JJ Englert, JJ will take you through everything you need to know about building scalable databases in Bubble.",,bootcamp,cmyrq7,,,,,1673998340456,1716296202965,,
https://www.kreanteacademy.online/bubbleparte1,Kreante,//s3.amazonaws.com/appforest_uf/f1674080324976x561288221239843140/Screenshot%202023-01-18%20at%205.18.16%20PM.png,True,False,"Kreante is a Bubble NoCode agency based in Latin America. With our experience developing more than 80 projects worldwide on our first 2 years, we have designed this course, adding the best practices for developing and the best advice from international specialists.

After working for several months creating this course with more than 20 hours of lessons (with the first chapters for free), we’ve accomplished an entertaining and practical approach that allows any non-technical profile to learn this Bubble. Upon completion of this course, you’ll be able to create a web app as you dive into this fantastic world of NoCode.

We have a learn-by-doing methodology with a step-by-step approach that will help you go from beginner to intermediate level without missing any detail.

Our 4 teachers have broad experience using Bubble and will be happy to help you with any questions you may have in our private Slack channel. In addition, we will provide two live sessions for the first six months of launching.","['Beginner', ' On-Demand', ' Spanish']","In this course, you will create your first web app and move up from beginner to intermediate level. We’ve compiled the best practices from international specialists, along with our experience in over 80 projects.",,bootcamp,spanish,,,,,1674080185926,1716296192807,,
https://www.nocodelife.com/learn,NoCodeLife,//s3.amazonaws.com/appforest_uf/f1676997623704x814694919144682100/Screen%20Shot%202023-02-21%20at%2011.40.12%20AM.png,True,False,"Kieran (@nocodelife) is an award-winning startup founder and professional no-code maker who specializes in building monetized SaaS products with Bubble. Amongst other things he is the founder of Yep.so, a popular and profitable SaaS app built on Bubble.

In this course he walks you through his process for building a SaaS product from start to finish, encouraging you to build alongside him. The course covers everything from Bubble best practices to techniques Kieran pioneered. It includes many advanced features, such as how to enable your users to use their own custom domains on your app's pages.

The course contains over 12 hours of in-depth video content and is aimed at anyone from beginners to advanced intermediate Bubblers. 

If you have dreams of launching a profitable SaaS business without code, this course is for you.
","['Intermediate', ' On-Demand', ' English']",Learn to build a full-featured monetized SaaS product with a professional Bubble maker who has built multiple successful SaaS businesses.,,bootcamp,cmyrq7,,,,,1676997627718,1716296128885,,
https://nocodetrainer.com/tutorial-search,NoCode Trainer,//meta-l.cdn.bubble.io/f1686148637701x820923421337959400/icon-blue-no-margin%20-%20Matthew%20McGowan.png,True,False,"Matthew is a seasoned and dedicated Bubble developer whose passion for – and contributions to – the Bubble Community are felt through Bubble Bootcamps, Marketplace, Forum, and more.

After discovering Bubble as a non-technical founder, he created the means to transition out of his past job and start as a full-time Bubble developer. Matthew currently focuses on developing online marketplaces, SaaS projects, CRMs, CMSs and more to earn passive income online and create templates for other Bubblers to utilize in their projects to build faster. He’s always active on the forum helping others learn the tips and tricks of Bubble so they can achieve their goals and build their startup. 

Matthew is excited to have the opportunity to utilize his past experience as an educator, business owner and non-technical founder to help Bootcamp participants jumpstart and accelerate their product development.","['Beginner', ' On-Demand', ' English']","Learn Quick Tips or Dive Deep into Beginner, Intermediate and Advanced Topics with a Seasoned Professional Bubble Developer",,bootcamp,cmyrq7,,,,,1686148643574,1716296121885,,
https://supportdept.io/bubble-bootcamp,Support Dept,//meta-l.cdn.bubble.io/f1686149442332x541521348691176060/Screenshot%202023-06-07%20at%2010.50.26%20AM.png,True,False,"Hi, I’m Josh and I’m the founder of Support Dept. Support Dept’s goal is to help professional Bubblers and startup founders alike save hours and ship products faster by having an expert on demand. 

This bootcamp is an extension of the ad-hoc coaching services that we offer, allowing you to receive coaching and support, and learn, in a more structured way. 

Some of the highlights of this bootcamp are:

✅ 1-on-1 (not group)
✅ Bespoke lesson plan that's 💯 tailored to you
✅ Start at anytime
✅ 8 sessions over 4 weeks, or your pace
✅ Private slack group to ask questions
✅ Access to curated content
✅ Finish with an MVP
✅ Payment plans available
✅ Master Bubble 🚀 on your terms, no matter your starting point.

I look forward to helping you master Bubble.","['All Levels', ' Live', ' English']","The Support Dept bootcamp is a bespoke 1-on-1 bootcamp that can be tailored to your needs, whether you’re just starting your Bubble journey or you’re looking to level up your skills.",,bootcamp,cmyrq7,,,,,1686149365190,1716296116305,,
https://ecole.cube.fr/bootcamp-product-development,Cube Ecole,//meta-l.cdn.bubble.io/f1686262048238x345567916008486800/Group%2048096440%20%281%29%20-%20Thomas%20Groc.png,True,False,"The Official Bubble Bootcamp, designed by the Cube Agency.

Founded in 2019, Cube (cube.fr) is recognized as one of the leading NoCode agencies in the market. It is also behind the 1st European NoCode Summit and the NoCode Series media.

Learn how to develop your own web application with Bubble !

Our NoCode Development Part-time Bootcamp (40 hours, remote, 2 nights a week) aims to teach you NoCode web development with Bubble technology. Whether you're looking for new skills, reorienting your career or planning to start your own entrepreneurial project, this Bootcamp is for you!

What you will learn:
- Analyze a complex application
- Understand the different technologies and their implications
- Assimilate the notions of Responsive design, Front End, Back End
- Use Bubble, one of the most powerful NoCode Full-Stack technologies for creating web applications

What you will achieve: 
- Create a copycat of a typical platform (Spotify, Airbnb etc...)
- Connection to an external backend 
- Creation of a full stack web application with Bubble","['Beginner', ' On-Demand', ' French']",🇫🇷 Learn How to NoCode with Bubble and Launch your Start-up,,bootcamp,cmyrr7,,,,,1686262056494,1716296110369,,
https://www.nocode.mba/tracks/building-apps-with-ai,No Code MBA,//meta-l.cdn.bubble.io/f1687265995894x940182049495155800/No%20Code%20MBA%20Logo%20-%20Vertical%20-%20Seth%20Kramer.png,True,False,"Learn how to use AI APIs from companies like OpenAI and Stable Diffusion in your web application using Bubble. Even if you've never used Bubble before, or never used AI tools before, this course will walk you through exactly how to build AI in a web app from start to finish. Unlike other courses that teach just through theory, in this course you’ll learn through practical, real-world examples to help you easily understand the material.","['Beginner', ' On-Demand', ' English']",Learn how to build apps utilizing AI with Bubble,,bootcamp,cmyrq7,,,,,1687265998273,1716296104143,,
https://pluginmakery.unlimitedbubbling.dev/l/plugin_makery,Unlimited Bubbling,//meta-l.cdn.bubble.io/f1690475999517x987648363459277700/Screenshot%202023-07-27%20at%2012.39.47%20PM.png,True,False,"I am a dedicated plugin maker since 2018, made some great public plugins and specialized in making private plugins on demand with the highest quality standard on the planet, providing power with clarity. 

This training material covers your journey from no code, to coder, to plugin maker.

You will benefit from this material if you are interested in building plugins for yourself, building plugins for others and/or have team members that will build plugins.

With this training material, in a couple months of part time effort (no instantaneous miracle pill here!) you will have made a great plugin.","['All Levels', ' On-Demand', ' English']",The definitive plugin-making training material. Create new features in Bubble yourself!,,bootcamp,cmyrq7,,,,,1690475909250,1716296099927,,
https://www.trynocode.com/bootcamp,Trynocode,//meta-l.cdn.bubble.io/f1691619777416x874609931198912900/Screenshot%202023-08-09%20at%206.22.49%20PM.png,True,False,"About the course:
In this course, you will learn how to 
use Bubble from scratch to build your startup or make your idea a reality. 

About the Team:
Experienced Bubble professional having years of experience working on Complex applications. The team has experience in APIs, automation using - Make or Zapier, third-party integrations, and many more...","['All Levels', ' Live', ' English']",Learn to build No-Code applications using Bubble from a Professional with 3+ years of experience ,,bootcamp,cmyrq7,,,,,1691619628789,1716296089472,,
https://coachingnocodeapps.com/fast-track?ref=bubble,Coaching No Code Apps,//meta-q.cdn.bubble.io/f1707941594336x955977687826814200/Coaching%20No%20Code%20Apps%20Logo.png,True,,"[color=rgb(34, 34, 34)]The goal of Fast Track is to help you save time and money learning how to build apps on Bubble. That means developing custom applications correctly from the start (to avoid rebuilding later), as well as efficiently (so it doesn't take the next year of your life).[/color]

[color=rgb(34, 34, 34)]Whether you want to launch an app as a founder, or learn to build apps as a professional developer, here's what others are saying about their experience with the course:[/color]

[color=rgb(34, 34, 34)]""If I had this course last year, I would have saved thousands of dollars.""[/color]
[color=rgb(34, 34, 34)]""I wish I had this at the beginning when I started over a year ago.""[/color]
[color=rgb(34, 34, 34)]""If you've decided Bubble's for you, do yourself a favor and invest your time and money into Fast Track.""[/color]
[color=rgb(34, 34, 34)]""It's been mind blowing! The content is awesome, and the way you teach is so engaging.""[/color]
[color=rgb(34, 34, 34)]""I have paid for several courses and one to one classes, and none of them are as good as yours.""[/color]

[color=rgb(34, 34, 34)]Join other successful founders and developers launching their apps using Fast Track's 60+ lessons, complete app walkthroughs, demo apps with editor access, and more.[/color]","['Beginner', ' On-Demand', ' English']",The course founders and developers use to correctly Build apps on Bubble,,bootcamp,cmyrq7,,,,,1707941765472,1715886099664,,
https://auztin.com/,Auztin,//meta-q.cdn.bubble.io/f1721757151575x251804872156213150/auztin-logo-fb.png,True,,"Transform your ideas into digital success!

Are you an entrepreneur with an innovative idea but no technical knowledge? Our Bootcamp is designed just for you. Our program provides an intensive, hands-on experience focused on building, launching, and optimizing MVPs using Bubble's no-code platform, combined with generative AI.

Throughout this Bootcamp, you will gain practical skills and deep knowledge about no-code. Our curriculum is designed to give you the knowledge and tools to create sophisticated digital solutions without needing to write a single line of code.

What you will win:
[ml][ul][li indent=0 align=left]Expert Guidance: Learn directly from experienced professionals who will help you navigate the complexities of no-code development.[/li][li indent=0 align=left]Hands-on experience: Participate in real-world projects and receive personalized feedback to ensure your MVP is market-ready.[/li][li indent=0 align=left]Accelerated Learning: Our structured program is designed to maximize efficiency, helping you achieve your goals quickly and effectively.[/li][li indent=0 align=left]Ongoing Support: Access ongoing support and resources to hone your skills and keep your project on track.[/li][/ul][/ml]
Why choose Auztin?

We believe that every great idea deserves a chance to succeed. Our Bootcamp is more than just a learning experience; It is a path to turning your vision into a tangible and successful digital product. By leveraging Bubble's powerful no-code capabilities and cutting-edge AI technologies, we enable you to innovate and launch efficiently, without the need for extensive technical knowledge.

Join us and be part of a transformative journey where your business dreams come true. Start building your future with Auztin and Bubble today!","['All Levels', ' On-Demand + Live', ' English + Spanish']","Turn your ideas into successful digital products! Our program empowers non-technical entrepreneurs to build, launch, and iterate their MVPs using Bubble. With expert guidance, hands-on projects, and a clear roadmap, you'll learn to harness the full potential of Bubble to create impactful solutions quickly and cost-effectively.",,bootcamp,spanish,,,,,1721757268553,1721757268554,,
