name_text,about_text,video_id_text,description_text,inactive__boolean,partner_logo_image,about___header_text,auto_scroll_boolean,testimonial_label_text,testimonial_quote_text,credit_offer_email_text,testimonial_image_image,video___active__boolean,partner_logo__dark__image,credit_offer_active__boolean,perk_program_custom_perk_program,Created By,Modified By,_type,_version,Created Date,Modified Date,_id,Slug
AWS-SMB,"You can build software without coding using Bubble’s all-in-one platform. We're offering AWS Connected Community Members $3,000 in Bubble credits for your first 6 months.

In addition, this offer includes a 10% discount on Bubble agency, where you can get dedicated expert help in building your app.",,"[size=4]SMBs that are AWS Connected Community Members are eligible for $2,500 of Bubble credits and a 10% discount on Bubble Agency, valid for six months.[/size]

Offer disclaimers and limitations:
[ul]
[li]Only AWS Connected Community Members can redeem the deal, using the same email when creating their Bubble account, and must link a credit card to their account to redeem credits[/li]
[li]Cannot combine this credit with another coupon or deal you currently have with Bubble[/li]
[li]Valid only once for any organization[/li]
[li]For new paying Bubble users only[/li]
[li]Not applicable on Dedicated plans[/li]
[li]Credits can only be applied to [color=#111111][size=2][font=Verdana, Arial, Helvetica, sans-serif]monthly[/font][/size][/color] subscription plans[/li]
[li]Credits cannot be applied to one-time plugin/template purchases[/li]
[li]Credits are only valid for 6 months upon redeeming[/li]
[li]We reserve the right to cancel the perk if terms are breached[/li]
[/ul]
",True,//s3.amazonaws.com/appforest_uf/f1665684837336x826369966076161400/AWS%20Light.png,"$2,500 Bubble Credits + 10% off Bubble Agency",True,KEVIN HOREK - HOST OF BUILDING THE FUTURE,"""I have been using Bubble for a few years now on 6 startups, and the fact that I can do the design and development of an app in a fraction of the time that it would take an entire team a year or more to do in months has been a game changer!""",,//s3.amazonaws.com/appforest_uf/f1665691764171x155869861032781760/Building%20the%20Future%20_%20Bubble.jpeg,False,//s3.amazonaws.com/appforest_uf/f1665684843643x615818518477053300/AWS%20Dark.png,,1348695171700984260__LOOKUP__1656588845914x768588061651501000,,,,,,,,aws-smb
AWS Activate,"You can build software without coding using Bubble’s all-in-one platform. We're offering AWS Activate Members $2,500 in Bubble credits for your first 6 months.",,"[size=4]Startups that are AWS Activate Members are eligible for $2,500 of Bubble credits, valid for six months.[/size]

Offer disclaimers and limitations:
[ul]
[li]Only AWS Activate Members can redeem the deal, using the same email when creating their Bubble account, and must link a credit card to their account to redeem credits[/li]
[li]Cannot combine this credit with another coupon or deal you currently have with Bubble[/li]
[li]Valid only once for any organization[/li]
[li]For new paying Bubble users only[/li]
[li]Not applicable on Dedicated plans[/li]
[li]Credits can only be applied to [color=#111111][size=2][font=Verdana, Arial, Helvetica, sans-serif]monthly[/font][/size][/color] subscription plans[/li]
[li]Credits cannot be applied to one-time plugin/template purchases[/li]
[li]Credits are only valid for 6 months upon redeeming[/li]
[li]We reserve the right to cancel the perk if terms are breached[/li]
[/ul]
",True,//s3.amazonaws.com/appforest_uf/f1665688319655x899314959660788400/AWS%20Light.png,"$2,500 Bubble Credits",True,KEVIN HOREK - HOST OF BUILDING THE FUTURE,"""I have been using Bubble for a few years now on 6 startups, and the fact that I can do the design and development of an app in a fraction of the time that it would take an entire team a year or more to do in months has been a game changer!""",,//s3.amazonaws.com/appforest_uf/f1665691753322x524779883188206000/Building%20the%20Future%20_%20Bubble.jpeg,False,//s3.amazonaws.com/appforest_uf/f1665688323701x739824987503585600/AWS%20Dark.png,,1348695171700984260__LOOKUP__1586146832695x121346839725211650,,,,,,,,aws-activate
Microsoft for Startups,"You can build software without coding using Bubble’s all-in-one platform. We're offering Microsoft for Startup members $3,000 in Bubble credits for your first 6 months.",,"[size=4]Startups that are Microsoft for Startups members are eligible for $3,000 of Bubble credits valid for six months.[/size]

Offer disclaimers and limitations:
[ul]
[li]Only Microsoft For Startups members can redeem the deal, using the same email when creating their Bubble account, and must link a credit card to their account to redeem credits[/li]
[li]Cannot combine this credit with another coupon or deal you currently have with Bubble[/li]
[li]Valid only once for any organization[/li]
[li]For new paying Bubble users only[/li]
[li]Not applicable on Dedicated plans[/li]
[li]Credits can only be applied to [color=#111111][size=2][font=Verdana, Arial, Helvetica, sans-serif]monthly[/font][/size][/color] subscription plans[/li]
[li]Credits cannot be applied to one-time plugin/template purchases[/li]
[li]Credits are only valid for 6 months upon redeeming[/li]
[li]We reserve the right to cancel the perk if terms are breached[/li]
[/ul]
",True,//s3.amazonaws.com/appforest_uf/f1665688880736x201398294743225120/Microsoft%20Logo.png,"$3,000 Bubble Credits",True,KEVIN HOREK - HOST OF BUILDING THE FUTURE,"""I have been using Bubble for a few years now on 6 startups, and the fact that I can do the design and development of an app in a fraction of the time that it would take an entire team a year or more to do in months has been a game changer!""",,//s3.amazonaws.com/appforest_uf/f1665688917242x227288924099965820/Building%20the%20Future%20_%20Bubble.jpeg,False,//s3.amazonaws.com/appforest_uf/f1665688885488x506989752760843140/Microsoft%20Logo%20Dark.png,,1348695171700984260__LOOKUP__1645567888958x863802476375310300,,,,,,,,microsoft-for-startups
Microsoft for Startups-URM,"You can build software without coding using Bubble’s all-in-one platform. We're offering Microsoft for Startup members that are founders from underrepresented minority backgrounds $3,500 in Bubble credits for your first 6 months.",,"[size=4]Startups that are Microsoft for Startups members and are founders from underrepresented minority backgrounds are eligible for $3,500 of Bubble credits valid for six months.[/size]

Offer disclaimers and limitations:
[ul]
[li]Only Microsoft For Startups members that are founders from underrepresented minority backgrounds can redeem the deal, using the same email when creating their Bubble account, and must link a credit card to their account to redeem credits[/li]
[li]Cannot combine this credit with another coupon or deal you currently have with Bubble[/li]
[li]Valid only once for any organization[/li]
[li]For new paying Bubble users only[/li]
[li]Not applicable on Dedicated plans[/li]
[li]Credits can only be applied to [color=#111111][size=2][font=Verdana, Arial, Helvetica, sans-serif]monthly[/font][/size][/color] subscription plans[/li]
[li]Credits cannot be applied to one-time plugin/template purchases[/li]
[li]Credits are only valid for 6 months upon redeeming[/li]
[li]We reserve the right to cancel the perk if terms are breached[/li]
[/ul]
",True,//s3.amazonaws.com/appforest_uf/f1674741210504x728750237472232800/Microsoft-light.png,"$3,500 Bubble Credits",True,KEVIN HOREK - HOST OF BUILDING THE FUTURE,"""I have been using Bubble for a few years now on 6 startups, and the fact that I can do the design and development of an app in a fraction of the time that it would take an entire team a year or more to do in months has been a game changer!""",,//s3.amazonaws.com/appforest_uf/f1674741221569x560462014266422100/bubble-Testimonial-pic.jpeg,False,//s3.amazonaws.com/appforest_uf/f1674741215737x107855086640952000/Microsoft%20logo%20dark.png,,1348695171700984260__LOOKUP__1674740452819x825704318267555800,,,,,,,,microsoft-for-startups-urm
On Deck,"You can build software without coding using Bubble’s all-in-one platform. We're offering On Deck Community Members $2,500 in Bubble credits for your first 6 months.",,"Startups that are On Deck Members are eligible for $2,500 of Bubble credits, valid for six months.

Offer disclaimers and limitations:

[ml][ul][li indent=0 align=left]Only On Deck Members can redeem the deal, using the same email when creating their Bubble account, and must link a credit card to their account to redeem credits[/li][li indent=0 align=left]Cannot combine this credit with another coupon or deal you currently have with Bubble[/li][li indent=0 align=left]Valid only once for any organization[/li][li indent=0 align=left]For new paying Bubble users only[/li][li indent=0 align=left]Not applicable on Dedicated plans[/li][li indent=0 align=left]Credits can only be applied to [color=rgb(17, 17, 17)][font=Verdana, Arial, Helvetica, sans-serif]monthly[/font][/color] subscription plans[/li][li indent=0 align=left]Credits cannot be applied to one-time plugin/template purchases[/li][li indent=0 align=left]Credits are only valid for 6 months upon redeeming[/li][li indent=0 align=left]We reserve the right to cancel the perk if terms are breached[/li][/ul][/ml]",True,//meta.cdn.bubble.io/f1681854431655x413561921573108350/On%20deck%20logo.svg,"$2,500 Bubble Credits",,KEVIN HOREK - HOST OF BUILDING THE FUTURE,"""I have been using Bubble for a few years now on 6 startups, and the fact that I can do the design and development of an app in a fraction of the time that it would take an entire team a year or more to do in months has been a game changer!""",,,,//meta.cdn.bubble.io/f1681854435737x463418280185474500/On%20deck%20logo.svg,,1348695171700984260__LOOKUP__1575482599696x751285911964614700,,,,,,,,
Startup Grind,Bubble is a software development platform that enables anyone to build and launch fully functional web applications without writing code.  Our partnership with Startup Grind is offering new users up to $500 in Bubble credits. ,,"Startups who are part of the Startup Grind community are eligible for $500 in Bubble credits valid for 3 months. 

[b]Offer disclaimers and limitations:[/b]

Only Startup Grind members can redeem the deal, using the same email when creating their Bubble account, and must link a credit card to their account to redeem credits

Cannot combine this credit with another coupon or deal you currently have with Bubble

Valid only once for any organization

For new paying Bubble users only

Credits can only be applied to [b]monthly[/b] subscription plans

Not applicable on Dedicated plans

Credits cannot be applied to one-time plugin/template purchases

We reserve the right to cancel the perk if terms are breached",True,//meta-q.cdn.bubble.io/f1709745648472x366069919965999550/sg-stacked-whitepink.svg,$500 in Bubble credits ,True,,,,,,//meta-q.cdn.bubble.io/f1709745653083x789810065436331800/sg-stacked-black.svg,,1348695171700984260__LOOKUP__1707778383232x790949396046151700,,,,,,,,startup-grind
Startup Grind,Bubble is a software development platform that enables anyone to build and launch fully functional web applications without writing code.  Our partnership with Startup Grind is offering new users $100 in Bubble credits. ,,"Startups who are part of the Startup Grind community are eligible for $100 in Bubble credits valid for 3 months. 

[b]Offer disclaimers and limitations:[/b]

Only Startup Grind members can redeem the deal, using the same email when creating their Bubble account, and must link a credit card to their account to redeem credits

Cannot combine this credit with another coupon or deal you currently have with Bubble

Valid only once for any organization

For new paying Bubble users only

Credits can only be applied to [b]monthly[/b] subscription plans

Not applicable on Dedicated plans

Credits cannot be applied to one-time plugin/template purchases

We reserve the right to cancel the perk if terms are breached",True,//meta-q.cdn.bubble.io/f1709745635816x626371817677446400/sg-stacked-whitepink.svg,$100 in Bubble credits ,True,,,,,,//meta-q.cdn.bubble.io/f1709745639417x582310328878052200/sg-stacked-black.svg,,1348695171700984260__LOOKUP__1707778506317x411025168177561600,,,,,,,,startup-grind-1
Stripe Atlas,Bubble is an AI-powered software development platform that enables anyone to build and launch fully functional applications without writing code.  Our partnership with Stripe Atlas offers new Bubble users $500 in credits for the first 3 months.. ,,"Stripe Atlas startups are eligible for $500 in Bubble credits valid for 3 months.

[b]Offer disclaimers and limitations:[/b]

[ml][ul][li indent=0 align=left]Valid only once for any organization[/li][li indent=0 align=left]For new paying Bubble users only[/li][li indent=0 align=left]Credits are valid for 3 months upon redeeming[/li][li indent=0 align=left]Cannot combine credits with another Bubble coupon or deal[/li][li indent=0 align=left]Valid for monthly subscription plans[/li][li indent=0 align=left]Not applicable on enterprise plans[/li][li indent=0 align=left]Must have a valid payment method on file in order to use credits[/li][li indent=0 align=left]Only valid for Stripe Atlas members[/li][/ul][/ml]",True,//meta-q.cdn.bubble.io/f1738949357720x336505227222758200/Stripe%20Atlas%20lockup%20-%20for%20dark%20background.svg,$500 in Bubble credits for 3 months,True,,,"[color=rgb(17, 17, 17)]Our friends at [/color][color=rgb(17, 85, 204)][url=https://stripe.com/atlas]Stripe Atlas[/url][/color][color=rgb(17, 17, 17)] help founders streamline their company formation in the United States. See below for details on the Stripe Atlas offer:[/color]

[b][color=rgb(17, 17, 17)]What you get:[/color][/b][color=rgb(17, 17, 17)] $50 off the Stripe Atlas incorporation fee[/color]

[b][color=rgb(17, 17, 17)]Who is eligible: [/color][/b][color=rgb(17, 17, 17)]Bubble users who are new Stripe Atlas customers[/color]

[b][color=rgb(17, 17, 17)]How to redeem: [/color][/b][color=rgb(17, 17, 17)]Sign up for Stripe Atlas using [/color][color=rgb(17, 85, 204)][url=https://dashboard.stripe.com/atlas/invite/v3isck4a]this link[/url][/color]

[color=rgb(17, 17, 17)]If you have any questions, please reach out to [/color][color=rgb(17, 85, 204)][url=mailto:partnerships@bubble.io]partnerships@bubble.io[/url][/color][color=rgb(17, 17, 17)].[/color]

[color=rgb(17, 17, 17)]Best,[/color]
[color=rgb(17, 17, 17)]Bubble’s Partnerships Team[/color]",,,//meta-q.cdn.bubble.io/f1738949365875x641020780201607000/Stripe%20Atlas%20lockup%20-%20for%20light%20background.svg,True,1348695171700984260__LOOKUP__1710178594549x892270351303573500,,,,,,,,stripe-atlas
Harvard University,"You can build web + mobile apps without coding using Bubble’s all-in-one platform. We're offering Harvard Innovation Labs members $2,500 in Bubble credits for your first 6 months.",,"Users that are Harvard Innovation Labs members are eligible for $2,500 of Bubble credits valid for six months.

Offer disclaimers and limitations:

Only Harvard Innovation Labs members can redeem the deal, using the same email when creating their Bubble account, and must link a credit card to their account to redeem credits

Cannot combine this credit with another coupon or deal you currently have with Bubble

Valid only once for any organization

For new paying Bubble users only

Not applicable on Dedicated plans

Credits can only be applied to [color=rgb(17, 17, 17)][font=Verdana, Arial, Helvetica, sans-serif]monthly[/font][/color] subscription plans

Credits cannot be applied to one-time plugin/template purchases

Credits are only valid for 6 months upon redeeming

We reserve the right to cancel the perk if terms are breached
",True,//meta-q.cdn.bubble.io/f1757013689586x430124387149011300/harvard%20logo.png,"$2,500 Bubble Credits",True,,"""I have been using Bubble for a few years now on 6 startups, and the fact that I can do the design and development of an app in a fraction of the time that it would take an entire team a year or more to do in months has been a game changer!""",,,,//meta-q.cdn.bubble.io/f1757013863274x900950632416128800/harvard%20logo.png,,1348695171700984260__LOOKUP__1580747761257x961394277667569700,,,,,,,,harvard-innovation-labs
