url_text,date_date,page_text,title_text,image_image,publication_text,Created By,Modified By,_type,_version,Created Date,Modified Date,_id,Slug
https://archive.nytimes.com/boss.blogs.nytimes.com/2014/11/14/building-a-serious-website-without-serious-or-any-coding-skills/,1415941200000,,"Building a Serious Website Without Serious, or Any, Coding Skills",,The New York Times,1348695171700984260__LOOKUP__1339510945575x284965680912137020,,custom.press_mention,5013335728,1531910212747,1750170469367,1531910212631x358645303673356300,
https://www.inc.com/christina-desmarais/7-cool-productivity-tools-you-probably-havent-heard-of.html?cid=hmside2,1525665600000,,7 Cool Productivity Tools You Probably Haven't Heard Of,,Inc.,1348695171700984260__LOOKUP__1339510945575x284965680912137020,,custom.press_mention,625029000,1531910278873,1597263232740,1531910278725x207268524188499970,
https://techcrunch.com/2016/07/22/dear-google-the-future-is-fewer-people-writing-code/,1469160000000,,"Dear Google, the future is fewer people writing code",,TechCrunch,1348695171700984260__LOOKUP__1339510945575x284965680912137020,,custom.press_mention,5013332663,1531910333555,1750170406290,1531910333436x612475859093684200,
https://techcrunch.com/2015/09/06/apis-are-the-new-ftes/,1441512000000,,APIs Are The New FTEs,,TechCrunch,1348695171700984260__LOOKUP__1339510945575x284965680912137020,,custom.press_mention,5013413783,1531910393514,1750172020728,1531910393410x449754225567858700,
https://www.huffingtonpost.com/emmanuel-straschnov/you-shouldnt-have-to-lear_b_6111914.html,1415250000000,,You Shouldn’t Have to Learn How to Code,,The Huffington Post,1348695171700984260__LOOKUP__1339510945575x284965680912137020,,custom.press_mention,88350807,1531910465193,1531910465245,1531910465068x465185522398789600,
https://www.lemonde.fr/idees/article/2015/01/16/depassons-le-codage_4558024_3232.html,1421384400000,,Let's go beyond coding,,Le Monde,1348695171700984260__LOOKUP__1339510945575x284965680912137020,,custom.press_mention,5013415225,1531910510086,1750172049305,1531910510007x367330710844604400,
https://www.ibtimes.co.uk/coding-classroom-critics-challenge-computing-curriculum-change-1463641,1409716800000,,Coding in the Classroom: Critics Challenge Computing Curriculum Change,,International Business Times,1348695171700984260__LOOKUP__1339510945575x284965680912137020,,custom.press_mention,625029351,1531910629087,1597263247766,1531910628975x668713956125442000,
https://www.latribune.fr/technos-medias/innovation-et-start-up/emmanuel-straschnov-veut-rendre-le-codage-obsolete-770441.html,1520118000000,,Emmanuel Straschnov wants to make coding obsolete,,La Tribune,1348695171700984260__LOOKUP__1339510945575x284965680912137020,,custom.press_mention,5013414367,1533394797106,1750172032187,1533394796807x283657231432155140,
https://usbeketrica.com/article/le-start-uper-qui-veut-rendre-le-code-obsolete,1537221600000,,The startup that wants to make code obsolete ,,Usbek & Rica,1348695171700984260__LOOKUP__1339510945575x284965680912137020,,custom.press_mention,5013331918,1537285949972,1750170390762,1537285949749x764376497854087200,
https://www.frenchweb.fr/bubble-la-solution-pour-creer-une-application-web-ou-mobile-sans-coder/318571,1520226000000,,"Bubble, the solution to create a web or mobile application without coding ",,FrenchWeb,1348695171700984260__LOOKUP__1339510945575x284965680912137020,,custom.press_mention,5013414785,1539179287826,1750172040758,1539179268718x629979580430024700,
https://techcrunch.com/2018/11/11/bubble-lets-you-create-web-applications-with-no-coding-experience/,1541912400000,,Bubble lets you create web applications with no coding experience,,TechCrunch,1348695171700984260__LOOKUP__1339510945575x284965680912137020,,custom.press_mention,175343210,1542371998550,1542371998600,1542371988985x941545625679560700,
https://www.nytimes.com/2019/01/11/technology/start-ups-rejecting-venture-capital.html,1547193600000,,More Start-Ups Have an Unfamiliar Message for Venture Capitalists: Get Lost,,The New York Times,1348695171700984260__LOOKUP__1339510945575x284965680912137020,,custom.press_mention,211409057,1548029358657,1548029358707,1548029337567x165670980435312640,
https://mixergy.com/interviews/bubble-with-emmanuel-straschnov/,1521777600000,,How Bubble founders are making coding obsolete,,Mixergy,1348695171700984260__LOOKUP__1339510945575x284965680912137020,,custom.press_mention,223520985,1549641234533,1549641234579,1549641232062x207682407006208000,
https://www.forbes.com/sites/abdoriani/2019/04/06/17-no-code-tools-from-idea-to-traction/,1554523200000,,17 No-Code Tools From Idea to Traction,,Forbes,1348695171700984260__LOOKUP__1339510945575x284965680912137020,,custom.press_mention,5013328588,1556506854864,1750170324631,1556506854805x593681074531598300,
https://www.entrepreneur.com/article/328159,1550120400000,,How to make an app when you can't code (a step-by-step guide),,Entrepreneur,1348695171700984260__LOOKUP__1339510945575x284965680912137020,,custom.press_mention,626002393,1556506964550,1597314336006,1556506964444x552910599819100160,
https://www.frenchweb.fr/bubble-leve-6-millions-de-dollars-pour-que-le-codage-ne-soit-plus-un-frein-a-la-creation-dune-start-up/364219,1560916800000,,Bubble raises $6M so coding is no longer a barrier to starting a start-up,,FrenchWeb,1348695171700984260__LOOKUP__1339510945575x284965680912137020,,custom.press_mention,5013314231,1561048097868,1750170058720,1561048097591x628735942449168400,
https://business.lesechos.fr/entrepreneurs/actu/0603096574569-bubble-l-outil-de-creation-dope-par-le-covid-19-336847.php,1587096000000,,"Bubble, the creative tool boosted by COVID-19",,Les Echos,1348695171700984260__LOOKUP__1339510945575x284965680912137020,,custom.press_mention,5013416624,1561048207111,1750172075144,1561048207047x689788605768663000,
https://www.builtinnyc.com/2019/06/19/bubble-seed-funding,1560916800000,,"Bubble lands $6.25M seed round from founders of Allbirds, Harry’s, MuleSoft",,Built in NYC,1348695171700984260__LOOKUP__1339510945575x284965680912137020,,custom.press_mention,625999605,1561048260944,1597314163239,1561048260664x687675242276454400,
http://www.bbc.com/future/story/20190722-the-apple-software-that-inspired-the-internet,1563854400000,,The Apple Software that Inspired the Internet,,BBC,1348695171700984260__LOOKUP__1339510945575x284965680912137020,,custom.press_mention,335568426,1566175887372,1566175887420,1566175887069x951402185279930400,
https://www.wsj.com/articles/some-startups-are-taking-the-coding-out-of-software-development-11571396400?emailToken=74329ddf13543819913b0616a9f614c08PEIAXMQrWO+FLKX6EdNxZocOuk/vucemB1S6ceALPx6Cx2y/KHnU6O3OtNCGWj+h2K9LL/NvKCPjZJSrV6RZrtpbmWQFTcLRb8SiYh/CadpxMidkEKxO9GJ0LGirGBs&reflink=article_imessage_share,1571371200000,,Some Startups Are Taking the Coding Out of Software Development,,Wall Street Journal,1348695171700984260__LOOKUP__1339510945575x284965680912137020,,custom.press_mention,368770169,1571623281402,1571623281449,1571623281319x938660152596234200,
https://spectrum.ieee.org/tech-talk/computing/software/programming-without-code-no-code-software-development,1583899200000,,Programming Without Code: The Rise of No-Code Software Development,,IEEE Spectrum,1348695171700984260__LOOKUP__1339510945575x284965680912137020,,custom.press_mention,453305856,1584210505509,1584210505555,1584210505401x732652960869515300,
https://www.maddyness.com/2020/04/14/outils-low-code-crise/,1586836800000,, Low-code tools boosted by the coronavirus crisis,,Maddyness,1348695171700984260__LOOKUP__1584328969159x196785245102066180,,custom.press_mention,5013310504,1589396406649,1750169991396,1589396406554x289673096577155100,
https://www.crainsnewyork.com/innovators/flatiron-company-offers-free-tech-pandemic-related-apps,1587700800000,,Bubble offers free tech for pandemic-related apps,,Crains New York,1348695171700984260__LOOKUP__1584328969159x196785245102066180,,custom.press_mention,511338949,1589396436483,1589396637279,1589396436337x500450518119219200,
https://www.wired.com/story/new-startup-no-code-no-problem/,1589860800000,,"The New Startup: No Code, No Problem",,Wired,1348695171700984260__LOOKUP__1339510945575x284965680912137020,,custom.press_mention,520255889,1590090880287,1590090880331,1590090880171x507844156864593900,
https://www.bbc.com/worklife/article/20200810-how-a-twitter-clone-heralded-a-no-code-boom,1597204800000,,How a Twitter clone heralded a no-code boom,,BBC,1348695171700984260__LOOKUP__1584328969159x196785245102066180,,custom.press_mention,625020841,1597252559848,1597262938899,1597252559261x475494054577307650,
https://newspicks.com/news/5120665/body/,1596600000000,,The future is 100% no code,,NewsPicks,1348695171700984260__LOOKUP__1584328969159x196785245102066180,,custom.press_mention,5013308663,1597263046327,1750169957178,1597263046353x165301059498016770,
https://frenchmorning.com/bubble-start-up-veut-mettre-les-codeurs-au-chomage/,1410148800000,,"Bubble, the start-up that wants to put coders out of work",,French Morning,1348695171700984260__LOOKUP__1339510945575x284965680912137020,,custom.press_mention,5013320661,1597840642802,1750170177141,1597840641848x208580941462634500,
https://frenchmorning.com/bubble-la-start-up-qui-dit-non-au-code/,1561435200000,,"Bubble, the start-up that says 'no' to code, raises $6.25M",,French Morning,1348695171700984260__LOOKUP__1339510945575x284965680912137020,,custom.press_mention,5013313612,1597840714746,1750170047025,1597840714632x904915613823008800,
https://business.lesechos.fr/entrepreneurs/financer-sa-creation/0601428313143-bubble-l-outil-qui-veut-standardiser-la-creation-de-web-app-sans-coder-330017.php,1560916800000,,Bubble raises $6M to standardize the creation of web apps without code,,Les Echos,1348695171700984260__LOOKUP__1339510945575x284965680912137020,,custom.press_mention,5013314993,1597840889262,1750170073978,1597840889160x808926364662497300,
https://finance.yahoo.com/news/tech-jobs-may-disappear-in-the-face-of-automation-artificial-intelligence-142320283.html,1603339200000,,These tech jobs may disappear in the face of automation,,Yahoo! Finance,1348695171700984260__LOOKUP__1584328969159x196785245102066180,,custom.press_mention,757386168,1603412750271,1603412750315,1603412749482x650713498202406900,
https://techcrunch.com/2020/10/26/the-no-code-generation-is-arriving/,1603684800000,,The no-code generation is arriving,,TechCrunch,1348695171700984260__LOOKUP__1584328969159x196785245102066180,,custom.press_mention,1446410039,1603922335820,1626352214658,1603922334809x218089860672782340,
https://www.fastcompany.com/90600295/small-mighty-most-innovative-companies-2021,1615266000000,,The 10 most innovative small and mighty companies of 2021,,Fast Company,1348695171700984260__LOOKUP__1584328969159x196785245102066180,,custom.press_mention,1070698684,1615298442470,1615298442515,1615298441530x973517208232656900,
https://techcrunch.com/2021/07/27/no-code-bubble-series-a/,1627358400000,,No-code Bubble raises $100M to make technical co-founders obsolete,,TechCrunch,1348695171700984260__LOOKUP__1339510945575x284965680912137020,,custom.press_mention,1485628086,1627394929442,1627394929487,1627394928499x393671791367946240,
https://www.businessinsider.com/startup-bubble-pitch-deck-100-million-funding-round-insight-partners-2021-7,1627358400000,,We got an exclusive look at the pitch deck that low-code startup Bubble used to raise $100M,,Business Insider,1348695171700984260__LOOKUP__1584328969159x196785245102066180,,custom.press_mention,5013327047,1627396548630,1750170294575,1627396548615x369384469347172350,
https://www.reuters.com/article/idUSL1N2P22HC,1627358400000,,No-Code' Startup Bubble Raises $100M in Round Led by Insight Partners,,Reuters,1348695171700984260__LOOKUP__1584328969159x196785245102066180,,custom.press_mention,5013327395,1627397687042,1750170301371,1627397687014x651096964236574700,
https://www.lesechos.fr/start-up/deals/bubble-leve-100-millions-de-dollars-pour-creer-des-applications-sans-savoir-coder-1335207,1627444800000,,Bubble raises $100M to enable to build web apps without code.,,Les Echos,1348695171700984260__LOOKUP__1339510945575x284965680912137020,,custom.press_mention,5013325239,1627482802797,1750170260584,1627482801943x952246036159791100,
https://www.lemonde.fr/economie/article/2021/07/28/algolia-bubble-ces-jeunes-pousses-creees-par-des-francais-et-qui-reussissent-aux-etats-unis_6089797_3234.html,1627444800000,,"Algolia, Bubble: these startups founded by French nationals that succeed in the US .",,Le Monde,1348695171700984260__LOOKUP__1339510945575x284965680912137020,,custom.press_mention,5013307249,1627482882109,1750169929804,1627482881620x357644205756514300,
https://www.forbes.com/sites/rashishrivastava/2021/07/30/why-this-ceo-believes-conversations-about-code-will-become-mostly-obsolete-in-the-near-future/,1627617600000,,Why This CEO Believes Conversations About Code Will Become (Mostly) Obsolete In The Near Future,,Forbes,1348695171700984260__LOOKUP__1339510945575x284965680912137020,,custom.press_mention,1508391998,1628026573625,1628026579426,1628026572596x965068345700253700,
https://www.forbes.com/sites/annefield/2021/08/31/bubble-runs-an-inclusive-accelerator-using-its-no-code-platform/?sh=24c8855c1e9a,1630382400000,,Bubble Runs An Inclusive Accelerator Using Its No-Code Platform,,Forbes,1348695171700984260__LOOKUP__1584328969159x196785245102066180,,custom.press_mention,1600599259,1630508472719,1630508472766,1630508472006x608246895460745200,
https://www.inc.com/joe-procopio/no-code-startup.html,1629864000000,,"I Started a Tech Company Without Writing a Line of Code, and You Can Too",,Inc.,1348695171700984260__LOOKUP__1584328969159x196785245102066180,,custom.press_mention,1600601322,1630508510060,1630508510106,1630508510121x594629913232801800,
https://www.ebony.com/career-finance/this-pre-accelerator-program-is-giving-black-founders-a-boost/,1632283200000,,Bubble's Pre-Accelerator Program Is Giving Black Founders A Boost,,Ebony,1348695171700984260__LOOKUP__1584328969159x196785245102066180,,custom.press_mention,1763277674,1634831728354,1634831728399,1634831727215x156141231761784830,
https://www.entrepreneur.com/article/382033,1632888000000,,Low-Code and No-Code Design Is the Future of Website Building,,Entrepreneur,1348695171700984260__LOOKUP__1584328969159x196785245102066180,,custom.press_mention,2515612486,1664903952812,1664904588144,1664903951776x608988568635310100,
https://stationf.co/news/interview-with-emmanuel-straschnov-founder-of-bubble,1634270400000,,''The company that will succeed at what we do is going to be as big as Amazon and Microsoft...at some point it's going to become the new standard to build.'',,StationF,1348695171700984260__LOOKUP__1584328969159x196785245102066180,,custom.press_mention,5013324010,1664904004177,1750170238309,1664904003864x605630136408866800,
https://www.essence.com/news/money-career/immerse-cto-accelerator-program/,1639458000000,,This Accelerator Program is Empowering Small Black Business Owners to Become Their Own Chief Technology Officers,,Essence,1348695171700984260__LOOKUP__1584328969159x196785245102066180,,custom.press_mention,2515571061,1664904117674,1664904117720,1664904117543x342985990497894400,
https://www.nytimes.com/2022/03/15/technology/ai-no-code.html,1647316800000,,‘No-Code’ Brings the Power of A.I. to the Masses,,The New York Times,1348695171700984260__LOOKUP__1584328969159x196785245102066180,,custom.press_mention,2515579998,1664904210782,1664904210836,1664904210646x571404071027343360,
https://www.pcmag.com/reviews/bubble,1652673600000,,Bubble’s powerful yet flexible and understandable visual programming language lets anyone build a wide variety of creative web apps.,,PCMag,1348695171700984260__LOOKUP__1584328969159x196785245102066180,,custom.press_mention,5013301151,1664904242266,1750169810061,1664904241967x807324372859617300,
https://www.fastcompany.com/90753551/a-computer-scientist-explains-how-nonprogrammers-are-building-more-of-the-worlds-software,1652932800000,,A computer scientist explains how nonprogrammers are building more of the world’s software,,Fast Company,1348695171700984260__LOOKUP__1584328969159x196785245102066180,,custom.press_mention,2515585249,1664904270271,1664904270320,1664904270152x131415506510413820,
https://www.inc.com/magazine/202205/doug-cantor/values-mission-leadership-advice.html,1653364800000,about,"Everything You Need to Know About Company Values, From More Than 20 Successful Founders",//meta-q.cdn.bubble.io/f1758215930344x660129413285707600/Abstract%20UI%202.webp,Inc.,1348695171700984260__LOOKUP__1584328969159x196785245102066180,,custom.press_mention,5245453137,1664904300672,1758215931697,1664904300373x438759369008742400,
https://www.bloomberg.com/press-releases/2022-07-07/no-code-solution-bubble-and-microsoft-for-startups-to-launch-founders-hub-partnership,1657944000000,,No-Code Solution Bubble and Microsoft for Startups to Launch Founders’ Hub Partnership,,Bloomberg,1348695171700984260__LOOKUP__1584328969159x196785245102066180,,custom.press_mention,2515594024,1664904368608,1664904368654,1664904368313x673028434433933300,
https://startups.microsoft.com/blog/zerotoone-deploy-and-measure/,1659412800000,,Deploy and Measure: From Prototype to MVP,,Microsoft for Startups,1348695171700984260__LOOKUP__1584328969159x196785245102066180,,custom.press_mention,2515597743,1664904404134,1664904404182,1664904403854x951266508167446500,
https://www.ft.com/content/9e9a0511-6732-4970-b6e0-e563f422935e,1663646400000,,The tools to be a good citizen of the internet,,Financial Times,1348695171700984260__LOOKUP__1584328969159x196785245102066180,,custom.press_mention,2515607947,1664904517709,1664904517755,1664904517459x681753637814272000,
https://www.prweb.com/releases/bubble-announces-new-generative-ai-tools-and-native-mobile-apps-ability-301966994.html,1698206400000,,Bubble Announces New Generative AI Tools and Native Mobile Apps Ability,,Bubble,1348695171700984260__LOOKUP__1584328969159x196785245102066180,,custom.press_mention,3447424921,1698257890573,1698262761703,1698257890026x718561089326678000,
https://siliconangle.com/2023/10/25/no-code-app-builder-bubble-unveils-generative-ai-native-mobile-tools/,1698206400000,,No-code app builder Bubble unveils generative AI and native mobile tools,,SiliconANGLE,1348695171700984260__LOOKUP__1584328969159x196785245102066180,,custom.press_mention,3447433523,1698262963100,1698262963100,1698262962642x981497609083420700,
https://thenewstack.io/bubble-launches-vibe-code-killer-bridging-ai-no-code/,1749614400000,about,"Bubble Launches ‘Vibe Code Killer’ Bridging AI, No-Code",//meta-q.cdn.bubble.io/f1758215874648x765909574649771300/Detailed%20UI%203.webp,The New Stack,1348695171700984260__LOOKUP__1691175681045x879390981931722800,,custom.press_mention,5245450525,1750170878203,1758215876359,1750170878037x880516278260858900,
https://www.indiehackers.com/post/creating-the-platform-for-non-technical-builders-to-build-with-emmanuel-straschnov-at-bubble-fcGFADOmfdxxBZnCKrPt,1749441600000,about,Creating the Platform for Non-technical Builders to Build With Emmanuel Straschnov at Bubble,//meta-q.cdn.bubble.io/f1758215881439x133032520358542740/Abstract%20UI%203.webp,Indie Hackers,1348695171700984260__LOOKUP__1691175681045x879390981931722800,,custom.press_mention,5245450811,1750170944256,1758215882560,1750170943959x139139377136140290,
https://www.cheddar.com/media/starting-a-tech-company-bubbles-ai-can-build-it-for-you/,1748577600000,,Starting A Tech Company? Bubble's AI Can Build It For You,,Cheddar,1348695171700984260__LOOKUP__1691175681045x879390981931722800,,custom.press_mention,5013360244,1750170966412,1750170977809,1750170966082x546343028953186300,
https://www.forbes.com/councils/forbestechcouncil/2025/04/08/the-80-problem-what-founders-dont-know-about-ai-generated-apps/,1744084800000,about,The 80% Problem: What Founders Don’t Know About AI-Generated Apps,//meta-q.cdn.bubble.io/f1758215894640x623003159846077700/Abstract%20UI%204.webp,Forbes,1348695171700984260__LOOKUP__1691175681045x879390981931722800,,custom.press_mention,5245451739,1750171074584,1758215901089,1750171074372x691757743315353600,
