title_text,video_file,order_number,length_number,description_text,video_thumbnail_image,interactive_embed_text,Created By,Modified By,_type,_version,Created Date,Modified Date,_id,Slug
"Introduction: Design, Data, & Workflows",//meta-l.cdn.bubble.io/f1684438126319x367959861208664300/Introduction_%20Design%2C%20Data%2C%20%26%20Workflows.mp4,1,152,"This video will introduce you to the three core concepts of any Bubble application: design, data, & workflows. The Design Tab is where you'll set up the user interface of your application. The Data Tab is where you'll set up the the information you want to save in your app. And the Workflows Tab connects them both together. ",//meta-l.cdn.bubble.io/f1685449214875x169714447878330780/Introduction_%20Design%2C%20data%2C%20%26%20workflows.png,,1348695171700984260__LOOKUP__admin_user_meta_test,,custom.onboarding_lessons,2954668772,1684438153672,1685449217799,1684438153672x296552653568023400,introduction-dwd
Design Tab: Building a form,//meta-l.cdn.bubble.io/f1684438274441x708928670445620600/Design%20Tab_%20Setting%20up%20a%20form.mp4,2,184,"In this video, you'll learn to build a form in Bubble. This will allow your users to enter data for your application to use and store. In later videos, we'll learn to save and display this data throughout our application.",//meta-l.cdn.bubble.io/f1685449232498x528166591896091400/Design%20Tab_%20Building%20a%20form.png,"<div style=""position: relative; padding-bottom: calc(48.25340438129071% + 41px); height: 0; width: 100%""><iframe src=""https://demo.arcade.software/OAY0N763utxQqKm7flib?embed"" frameborder=""0"" loading=""lazy"" webkitallowfullscreen mozallowfullscreen allowfullscreen style=""position: absolute; top: 0; left: 0; width: 100%; height: 100%;color-scheme: light;"" title=""Design tab: Create a product form""></iframe></div>",1348695171700984260__LOOKUP__admin_user_meta_test,,custom.onboarding_lessons,2954668773,1684438324330,1685449235484,1684438324330x943854944815514500,design-build-a-form
Data Tab: Adding a custom data type,//meta-l.cdn.bubble.io/f1684438383858x802879529861212800/Data%20tab_%20Setting%20up%20a%20data%20type.mp4,3,90,"In this video, you'll learn how to add a custom data type to your application and how to decide which fields should be attached to that custom data type. ",//meta-l.cdn.bubble.io/f1685449248083x621982945688993400/Data%20Tab_%20%20Adding%20a%20custom%20%20data%20type.png,"<div style=""position: relative; padding-bottom: calc(48.25340438129071% + 41px); height: 0; width: 100%""><iframe src=""https://demo.arcade.software/SOOufpkgQP3h38yVhRUt?embed"" frameborder=""0"" loading=""lazy"" webkitallowfullscreen mozallowfullscreen allowfullscreen style=""position: absolute; top: 0; left: 0; width: 100%; height: 100%;color-scheme: light;"" title=""Data tab: Creating a product data type""></iframe></div>",1348695171700984260__LOOKUP__admin_user_meta_test,,custom.onboarding_lessons,2954668775,1684438423367,1685449250307,1684438423367x778147006959728500,data-adding-a-custom-type
Workflow Tab: Connecting design to data,//meta-l.cdn.bubble.io/f1684438486967x773264105752755200/Workflow%20Tab_%20Connecting%20design%20to%20data.mp4,4,136,"In this video, you'll learn how to use the Workflow Tab to connect your user interface on the Design Tab to the custom data type you set up in the Data Tab. ",//meta-l.cdn.bubble.io/f1685449307402x844038454125216600/Workflow%20Tab_%20Connecting%20design%20to%20data.png,"<div style=""position: relative; padding-bottom: calc(48.25340438129071% + 41px); height: 0; width: 100%""><iframe src=""https://demo.arcade.software/fglCzfJh8Gr9DhfN0M3T?embed"" frameborder=""0"" loading=""lazy"" webkitallowfullscreen mozallowfullscreen allowfullscreen style=""position: absolute; top: 0; left: 0; width: 100%; height: 100%;color-scheme: light;"" title=""Workflow tab: Creating a thing""></iframe></div>",1348695171700984260__LOOKUP__admin_user_meta_test,,custom.onboarding_lessons,2954668777,1684438509703,1685449309656,1684438509703x482553937905597200,workflow-connecting-design-to-data
Run Mode: Testing the form,//meta-l.cdn.bubble.io/f1685477771833x344714616463649860/Copy%20of%20Run%20mode_%20Testing%20the%20form.mp4,5,126,"In this video, we'll test out the form we built on the front end and ensure that everything works as expected. We'll also take a look at your app's data to make sure that the product was saved to your database properly.",//meta-l.cdn.bubble.io/f1685449265403x377131860697234240/Run%20Mode_%20Testing%20the%20form.png,,1348695171700984260__LOOKUP__admin_user_meta_test,,custom.onboarding_lessons,2954668779,1684438581010,1685477775893,1684438581010x725282072398395900,run-mode-testing-the-form
Next steps: Displaying your data,//meta-l.cdn.bubble.io/f1685476318046x438124685834535600/Next%20Steps_%20Displaying%20data%20on%20the%20front%20end.mp4,6,466,"In this video, you'll learn to display data from your database to users of your application using an element called a ""repeating group.""",//meta-l.cdn.bubble.io/f1685449288770x859997370301245300/Next%20steps_%20Displaying%20your%20data.png,"<div style=""position: relative; padding-bottom: calc(58.01944106925882% + 41px); height: 0; width: 100%""><iframe src=""https://demo.arcade.software/Tt2c5X7fyUBizO1Ich8k?embed"" frameborder=""0"" loading=""lazy"" webkitallowfullscreen mozallowfullscreen allowfullscreen style=""position: absolute; top: 0; left: 0; width: 100%; height: 100%;color-scheme: light;"" title=""Next Steps: Displaying your data""></iframe></div>",1348695171700984260__LOOKUP__admin_user_meta_test,,custom.onboarding_lessons,2954668781,1684438739520,1685476445379,1684438739520x489578946510329300,displaying-your-data
