no_text,iso_text,yes_text,rtl_boolean,caption_text,language_text,day_names_text,font_subset_text,month_names_text,deprecated_boolean,allowed_users_list_user,Created By,Modified By,_type,_version,Created Date,Modified Date,_id,Slug
no,en_US,yes,,English,english,"Sun,Mon,Tue,Wed,Thu,Fri,Sat,Sunday,Monday,Tuesday,Wednesday,Thursday,Friday,Saturday",,"Jan,Feb,Mar,Apr,May,Jun,Jul,Aug,Sep,Oct,Nov,Dec,January,February,March,April,May,June,July,August,September,October,November,December",True,,1348695171700984260__LOOKUP__non_authenticated_user_meta_live,,custom.language,4671714159,1498512039084,1498512039084,1498512039076x784677232149988500,
non,fr_FR,oui,,French,french,"Dim,Lun,Mar,Mer,Jeu,Ven,Sam,Dimanche,Lundi,Mardi,Mercredi,Jeudi,Vendredi,Samedi",,"Jan,Fev,Mar,Avr,Mai,Juin,Juil,Aou,Sep,Oct,Nov,Dec,Janvier,Février,Mars,Avril,Mai,Juin,Juillet,Août,Septembre,Octobre,Novembre,Décembre",True,['1348695171700984260__LOOKUP__1588432653174x931879159878291800'],1348695171700984260__LOOKUP__non_authenticated_user_meta_live,,custom.language,4671714160,1498512039094,1607709523606,1498512039092x347035632235929340,
ei,fi_FI,kyllä,,Finnish,finnish,"su,ma,ti,ke,to,pe,la,sunnuntai,maanantai,tiistai,keskiviikko,torstai,perjantai,lauantai",,"tammi,helmi,maalis,huhti,touko,kesä,heinä,elo,syys,loka,marras,joulu,tammikuu,helmikuu,maaliskuu,huhtikuu,toukokuu,kesäkuu,heinäkuu,elokuu,syyskuu,lokakuu,marraskuu,joulukuu",True,,1348695171700984260__LOOKUP__non_authenticated_user_meta_live,,custom.language,4671714162,1498512039098,1498512039098,1498512039095x258454963564872740,
no,es_ES,sí,,Spanish,spanish,"dom,lun,mar,mié,jue,vie,sáb,domingo,lunes,martes,miércoles,jueves,viernes,sábado",,"ene,feb,mar,abr,may,jun,jul,ago,sep,oct,nov,dic,enero,febrero,marzo,abril,mayo,junio,julio,agosto,septiembre,octubre,noviembre,diciembre",True,,1348695171700984260__LOOKUP__non_authenticated_user_meta_live,,custom.language,4671714163,1498512039102,1498512039102,1498512039098x635691346134990500,
όχι,el_GR,ναί,,Greek,greek,"Κυρ,Δευ,Τρι,Τετ,Πεμ,Παρ,Σαβ,Κυριακή,Δευτέρα,Τρίτη,Τετάρτη,Πέμπτη,Παρασκευή,Σάββατο",,"Ιαν,Φεβ,Μαρ,Απρ,Μαι,Ιουν,Ιουλ,Αυγ,Σεπ,Οκτ,Νοε,Δεκ,Ιανουάριος,Φεβρουάριος,Μάρτιος,Απρίλιος,Μάιος,Ιούνιος,Ιούλιος,Αύγουστος,Σεπτέμβριος,Οκτώβριος,Νοέμβριος,Δεκέμβριος",True,,1348695171700984260__LOOKUP__non_authenticated_user_meta_live,,custom.language,4671714164,1498512039106,1498512039106,1498512039103x775772418361157100,
nej,sv_SE,ja,,Swedish,swedish,"sön,mån,tis,ons,tor,fre,lör,söndag,måndag,tisdag,onsdag,torsdag,fredag,lördag",,"jan,feb,mar,apr,maj,jun,jul,aug,sep,okt,nov,dec,januari,februari,mars,april,maj,juni,juli,augusti,september,oktober,november,december",True,,1348695171700984260__LOOKUP__non_authenticated_user_meta_live,,custom.language,4671714165,1498512039109,1498512039109,1498512039107x900257977657020000,
nein,de_DE,ja,,German,german,"So,Mo,Di,Mi,Do,Fr,Sa,Sonntag,Montag,Dienstag,Mittwoch,Donnerstag,Freitag,Samstag",,"Jan,Feb,Mär,Apr,Mai,Jun,Jul,Aug,Sep,Okt,Nov,Dez,Januar,Februar,März,April,Mai,Juni,Juli,August,September,Oktober,November,Dezember",True,['1348695171700984260__LOOKUP__1460566259993x545055364724248640'],1348695171700984260__LOOKUP__non_authenticated_user_meta_live,,custom.language,4671714167,1498512039113,1605043785660,1498512039110x759218289516866200,
não,pt_BR,sim,,Portuguese,portuguese,"Dom,Seg,Ter,Qua,Qui,Sex,Sab,Domingo,Segunda,Terça,Quarta,Quinta,Sexta,Sábado",,"Jan,Fev,Mar,Abr,Mai,Jun,Jul,Ago,Set,Out,Nov,Dez,Janeiro,Fevereiro,Março,Abril,Maio,Junho,Julho,Agosto,Setembro,Outubro,Novembro,Dezembro",True,,1348695171700984260__LOOKUP__non_authenticated_user_meta_live,,custom.language,4671714168,1498512039118,1498512039118,1498512039114x643987545510754000,
nu,ro_RO,da,,Romanian,romanian,"Dum,Lun,Mar,Mie,Joi,Vin,Sâm,Duminică,Luni,Marți,Miercuri,Joi,Vineri,Sâmbătă",,"Ian,Feb,Mar,Apr,Mai,Iun,Iul,Aug,Sep,Oct,Noi,Dec,Ianuarie,Februarie,Martie,Aprilie,Mai,Iunie,Iulie,August,Septembrie,Octombrie,Noiembrie,Decembrie",True,,1348695171700984260__LOOKUP__non_authenticated_user_meta_live,,custom.language,4671714170,1498512039125,1498512039125,1498512039120x440002155490219600,
нет,ru_RU,да,,Russian,russian,"Вс,Пн,Вт,Ср,Чт,Пт,Сб,Воскресенье,Понедельник,Вторник,Среда,Четверг,Пятница,Суббота",Cyrillic,"Янв,Фев,Мар,Апр,Май,Июн,Июл,Авг,Сен,Окт,Ноя,Дек,Январь,Февраль,Март,Апрель,Май,Июнь,Июль,Август,Сентябрь,Октябрь,Ноябрь,Декабрь",True,,1348695171700984260__LOOKUP__non_authenticated_user_meta_live,,custom.language,4671714171,1498512039130,1612479515060,1498512039127x513014777330681660,
nei,no_NO,ja,,Norwegian,norwegian,"Søn,Man,Tir,Ons,Tor,Fre,Lør,Søn,Mandag,Tirsdag,Onsdag,Torsdag,Fredag,Lørdag",,"Jan,Feb,Mar,Apr,Mai,Jun,Jul,Aug,Sep,Okt,Nov,Des,Januar,Februar,Mars,April,Mai,Juni,Juli,August,September,Oktober,November,Desember",True,,1348695171700984260__LOOKUP__non_authenticated_user_meta_live,,custom.language,4671714172,1498512039133,1498512039133,1498512039131x359128409530967500,
no,ca_ES,si,,Catalan,catalan,"Dg.,Dl.,Dt.,Dc.,Dj.,Dv.,Ds.,Diumenge,Dilluns,Dimarts,Dimecres,Dijous,Divendres,Dissabte",,"Gen,Feb,Mar,Abr,Mai,Jun,Jul,Ago,Set,Oct,Nov,Des,Gener,Febrer,Març,Abril,Maig,Juny,Juliol,Agost,Setembre,Octubre,Novembre,Desembre",True,,1348695171700984260__LOOKUP__non_authenticated_user_meta_live,,custom.language,4671714173,1498512039136,1498512039136,1498512039134x687295902287587600,
nej,da_DK,ja,,Danish,danish,"Søn,Man,Tir,Ons,Tors,Fre,Lør,Søndag,Mandag,Tirsdag,Onsdag,Torsdag,Fredag,Lørdag",,"Jan,Feb,Mar,Apr,Maj,Jun,Jul,Aug,Sep,Okt,Nov,Dec,Januar,Februar,Marts,April,Maj,Juni,Juli,August,September,Oktober,November,December",True,,1348695171700984260__LOOKUP__non_authenticated_user_meta_live,,custom.language,4671714174,1498512039140,1498512039140,1498512039137x814757096581161000,
ne,cs_CZ,ano,,Czech,czech,"ne,po,út,st,čt,pá,so,neděle,pondělí,úterý,středa,čtvrtek,pátek,sobota",,"led,úno,bře,dub,kvě,čer,čec,srp,zář,říj,lis,pro,leden,únor,březen,duben,květen,červen,červenec,srpen,září,říjen,listopad,prosinec",True,,1348695171700984260__LOOKUP__non_authenticated_user_meta_live,,custom.language,4671714175,1498512039144,1498512039144,1498512039141x216801013797521600,
hayır,tr_TR,evet,,Turkish,turkish,"Paz,Pzt,Sal,Çrş,Prş,Cum,Cmt,Pazar,Pazartesi,Salı,Çarşamba,Perşembe,Cuma,Cumartesi",,"Ock,Şub,Mar,Nis,May,Haz,Tem,Agu,Eyl,Ekm,Kas,Ark,Ocak,Şubat,Mart,Nisan,Mayıs,Haziran,Temmuz,Ağustos,Eylül,Ekim,Kasım,Aralık",True,,1348695171700984260__LOOKUP__non_authenticated_user_meta_live,,custom.language,4671714176,1498512039147,1525467324148,1498512039145x710617733187973500,
no,it_IT,si,,Italian,italian,"Dom,Lun,Mar,Mer,Gio,Ven,Sab,Domenica,Lunedì,Martedì,Mercoledì,Giovedì,Venerdì,Sabato",,"Gen,Feb,Mar,Apr,Mag,Giu,Lug,Ago,Set,Ott,Nov,Dic,Gennaio,Febbraio,Marzo,Aprile,Maggio,Giugno,Luglio,Agosto,Settembre,Ottobre,Novembre,Dicembre",True,,1348695171700984260__LOOKUP__non_authenticated_user_meta_live,,custom.language,4671714177,1498512039152,1498512039152,1498512039148x957387690199539100,
لا,ar_AR,نعم,True,Arabic,arabic,"الأحد,الإثنين,الثلاثاء,الأربعاء,الخميس,الجمعة,السبت,الأحد,الإثنين,الثلاثاء,الأربعاء,الخميس,الجمعة,السبت",,"يناير,فبراير,مارس,إبريل,مايو,يونيو,يوليو,أغسطس,سبتمبر,أكتبوبر,نوفمبر,ديسمبر,يناير,فبراير,مارس,إبريل,مايو,يونيو,يوليو,أغسطس,سبتمبر,أكتبوبر,نوفمبر,ديسمبر",True,,1348695171700984260__LOOKUP__non_authenticated_user_meta_live,,custom.language,4671714178,1498512039158,1498512039158,1498512039154x343445626087486700,
ei,et_EE,jah,,Estonian,estonian,"P,E,T,K,N,R,L,pühapäev,esmaspäev,teisipäev,kolmapäev,neljapäev,reede,laupäev",,"jaan,veebr,märts,apr,mai,juuni,juuli,aug,sept,okt,nov,dets,jaanuar,veebruar,märts,aprill,mai,juuni,juuli,august,september,oktoober,november,detsember",True,,1348695171700984260__LOOKUP__non_authenticated_user_meta_live,,custom.language,4671714179,1498512039161,1498512039161,1498512039159x443288681795820600,
לא,he_IL,כן,True,Hebrew,hebrew,"ראשון,שני,שלישי,רביעי,חמישי,שישי,שבת,ראשון,שני,שלישי,רביעי,חמישי,שישי,שבת",,"ינו׳,פבר׳,מרץ,אפר׳,מאי,יוני,יולי,אוג׳,ספט׳,אוק׳,נוב׳,דצמ׳,ינואר,פברואר,מרץ,אפריל,מאי,יוני,יולי,אוגוסט,ספטמבר,אוקטובר,נובמבר,דצמבר",True,,1348695171700984260__LOOKUP__non_authenticated_user_meta_live,,custom.language,4671714180,1498512039165,1498512039165,1498512039162x674067863728851000,
否,zh_CN,是,,Simplified Chinese,zh_cn,"日,一,二,三,四,五,六,星期日,星期一,星期二,星期三,星期四,星期五,星期六",,"1月,2月,3月,4月,5月,6月,7月,8月,9月,10月,11月,12月,一月,二月,三月,四月,五月,六月,七月,八月,九月,十月,十一月,十二月",True,,1348695171700984260__LOOKUP__non_authenticated_user_meta_live,,custom.language,4671714181,1498512039168,1498512039168,1498512039166x139880105853080740,
否,zh_TW,是,,Traditional Chinese,zh_tw,"日,一,二,三,四,五,六,星期日,星期一,星期二,星期三,星期四,星期五,星期六",,"1月,2月,3月,4月,5月,6月,7月,8月,9月,10月,11月,12月,一月,二月,三月,四月,五月,六月,七月,八月,九月,十月,十一月,十二月",True,,1348695171700984260__LOOKUP__non_authenticated_user_meta_live,,custom.language,4671714183,1498512039172,1498512039172,1498512039169x953127141576260400,
nie,pl_PL,tak,,Polish,polish,"Nie,Pon,Wto,Śro,Czw,Pią,Sob,Niedziela,Poniedziałek,Wtorek,Środa,Czwartek,Piątek,Sobota",,"Sty,Lut,Marz,Kwi,Maj,Czer,Lip,Sier,Wrze,Paź,List,Gru,Styczeń,Luty,Marzec,Kwiecień,Maj,Czerwiec,Lipiec,Sierpień,Wrzesień,Październik,Listopad,Grudzień",True,,1348695171700984260__LOOKUP__non_authenticated_user_meta_live,,custom.language,4671714184,1498512039178,1498512039178,1498512039173x341106229461729500,
ні,uk_UA,так,,Ukrainian,ukrainian,"нд,пн,вт,ср,чт,пт,сб,неділя,понеділок,вівторок,середа,четвер,п'ятниця,субота",,"січ.,лют.,бер.,квіт.,трав.,черв.,лип.,серп.,вер.,жовт.,лист.,груд.,січень,лютий,березень,квітень,травень,червень,липень,серпень,вересень,жовтень,листопад,грудень",True,,1348695171700984260__LOOKUP__non_authenticated_user_meta_live,,custom.language,4671714185,1498512039183,1498512039183,1498512039178x325630634091794500,
nie,sk_SK,áno,,Slovak,slovak,"Ned,Pon,Uto,Str,Štv,Pia,Sob,Nedeľa,Pondelok,Utorok,Streda,Štvrtok,Piatok,Sobota",,"Jan,Feb,Mar,Apr,Máj,Jún,Júľ,Aug,Sep,Okt,Nov,Dec,Január,Február,Marec,Apríl,Máj,Jún,Júľ,August,September,Október,November,December",True,,1348695171700984260__LOOKUP__non_authenticated_user_meta_live,,custom.language,4671714186,1498512039186,1498512039186,1498512039183x222008137498050920,
아니오,ko_KR,네,,Korean,korean,"일,월,화,수,목,금,토,일요일,월요일,화요일,수요일,목요일,금요일,토요일",,"1월,2월,3월,4월,5월,6월,7월,8월,9월,10월,11월,12월,1월,2월,3월,4월,5월,6월,7월,8월,9월,10월,11월,12월",True,,1348695171700984260__LOOKUP__non_authenticated_user_meta_live,,custom.language,4671714187,1498512039191,1498512039191,1498512039187x500665356637910000,
いいえ,ja_JP,はい,False,Japanese,ja_jp,"日,月,火,水,木,金,土,日曜日,月曜日,火曜日,水曜日,木曜日,金曜日,土曜日",,"1月,2月,3月,4月,5月,6月,7月,8月,9月,10月,11月,12月,1月,2月,3月,4月,5月,6月,7月,8月,9月,10月,11月,12月",,"['1348695171700984260__LOOKUP__1499149146072x226834110915660860', '1348695171700984260__LOOKUP__1612303035987x795635079549819000']",1348695171700984260__LOOKUP__1339510945575x284965680912137020,,custom.language,4671714188,1499967592886,1621010332995,1499967591762x523402534022545400,
no,en_US,yes,,English,en_us,"Sun,Mon,Tue,Wed,Thu,Fri,Sat,Sunday,Monday,Tuesday,Wednesday,Thursday,Friday,Saturday",,"Jan,Feb,Mar,Apr,May,Jun,Jul,Aug,Sep,Oct,Nov,Dec,January,February,March,April,May,June,July,August,September,October,November,December",,,1348695171700984260__LOOKUP__non_authenticated_user_meta_live,,custom.language,4671714190,1499985089986,1499985089986,1499985089975x115772749064490190,
nee,nl_NL,ja,,Dutch,nl_nl,"Zo,Ma,Di,Wo,Do,Vr,Za,Zondag,Maandag,Dinsdag,Woensdag,Donderdag,Vrijdag,Zaterdag",,"Jan,Feb,Maa,Apr,Mei,Jun,Jul,Aug,Sep,Oct,Nov,Dec,Januari,Februari,Maart,April,Mei,Juni,Juli,Augustus,September,Oktober,November,December",True,,1348695171700984260__LOOKUP__non_authenticated_user_meta_live,,custom.language,4671714191,1499985090387,1730388266540,1499985090385x448198661906644700,
non,fr_FR,oui,,French,fr_fr,"Dim,Lun,Mar,Mer,Jeu,Ven,Sam,Dimanche,Lundi,Mardi,Mercredi,Jeudi,Vendredi,Samedi",,"Jan,Fev,Mar,Avr,Mai,Juin,Juil,Aou,Sep,Oct,Nov,Dec,Janvier,Février,Mars,Avril,Mai,Juin,Juillet,Août,Septembre,Octobre,Novembre,Décembre",,,1348695171700984260__LOOKUP__non_authenticated_user_meta_live,,custom.language,4671714193,1499985090751,1499985090751,1499985090748x672327958745881900,
ei,fi_FI,kyllä,,Finnish,fi_fi,"su,ma,ti,ke,to,pe,la,sunnuntai,maanantai,tiistai,keskiviikko,torstai,perjantai,lauantai",,"tammi,helmi,maalis,huhti,touko,kesä,heinä,elo,syys,loka,marras,joulu,tammikuu,helmikuu,maaliskuu,huhtikuu,toukokuu,kesäkuu,heinäkuu,elokuu,syyskuu,lokakuu,marraskuu,joulukuu",,,1348695171700984260__LOOKUP__non_authenticated_user_meta_live,,custom.language,4671714194,1499985092274,1499985092274,1499985092272x743631212972104500,
no,es_ES,sí,,Spanish,es_es,"dom,lun,mar,mié,jue,vie,sáb,domingo,lunes,martes,miércoles,jueves,viernes,sábado",,"ene,feb,mar,abr,may,jun,jul,ago,sep,oct,nov,dic,enero,febrero,marzo,abril,mayo,junio,julio,agosto,septiembre,octubre,noviembre,diciembre",,,1348695171700984260__LOOKUP__non_authenticated_user_meta_live,,custom.language,4671714195,1499985092559,1499985092559,1499985092557x115085307974368340,
όχι,el_GR,ναί,,Greek,el_gr,"Κυρ,Δευ,Τρι,Τετ,Πεμ,Παρ,Σαβ,Κυριακή,Δευτέρα,Τρίτη,Τετάρτη,Πέμπτη,Παρασκευή,Σάββατο",,"Ιαν,Φεβ,Μαρ,Απρ,Μαι,Ιουν,Ιουλ,Αυγ,Σεπ,Οκτ,Νοε,Δεκ,Ιανουάριος,Φεβρουάριος,Μάρτιος,Απρίλιος,Μάιος,Ιούνιος,Ιούλιος,Αύγουστος,Σεπτέμβριος,Οκτώβριος,Νοέμβριος,Δεκέμβριος",,,1348695171700984260__LOOKUP__non_authenticated_user_meta_live,,custom.language,4671714196,1499985092832,1499985092832,1499985092830x745974139310419600,
nej,sv_SE,ja,,Swedish,sv_se,"sön,mån,tis,ons,tor,fre,lör,söndag,måndag,tisdag,onsdag,torsdag,fredag,lördag",,"jan,feb,mar,apr,maj,jun,jul,aug,sep,okt,nov,dec,januari,februari,mars,april,maj,juni,juli,augusti,september,oktober,november,december",,,1348695171700984260__LOOKUP__non_authenticated_user_meta_live,,custom.language,4671714197,1499985093701,1499985093701,1499985093696x550595562439411900,
nein,de_DE,ja,,German,de_de,"So,Mo,Di,Mi,Do,Fr,Sa,Sonntag,Montag,Dienstag,Mittwoch,Donnerstag,Freitag,Samstag",,"Jan,Feb,Mär,Apr,Mai,Jun,Jul,Aug,Sep,Okt,Nov,Dez,Januar,Februar,März,April,Mai,Juni,Juli,August,September,Oktober,November,Dezember",,,1348695171700984260__LOOKUP__non_authenticated_user_meta_live,,custom.language,4671714199,1499985093999,1499985093999,1499985093997x402548509184271100,
não,pt_BR,sim,,Portuguese Brazil,pt_br,"Dom,Seg,Ter,Qua,Qui,Sex,Sab,Domingo,Segunda,Terça,Quarta,Quinta,Sexta,Sábado",,"Jan,Fev,Mar,Abr,Mai,Jun,Jul,Ago,Set,Out,Nov,Dez,Janeiro,Fevereiro,Março,Abril,Maio,Junho,Julho,Agosto,Setembro,Outubro,Novembro,Dezembro",,['1348695171700984260__LOOKUP__1518478192264x730066315736621600'],1348695171700984260__LOOKUP__non_authenticated_user_meta_live,,custom.language,4671714200,1499985094304,1581375182539,1499985094302x431672699982300400,
nu,ro_RO,da,,Romanian,ro_ro,"Dum,Lun,Mar,Mie,Joi,Vin,Sâm,Duminică,Luni,Marți,Miercuri,Joi,Vineri,Sâmbătă",,"Ian,Feb,Mar,Apr,Mai,Iun,Iul,Aug,Sep,Oct,Noi,Dec,Ianuarie,Februarie,Martie,Aprilie,Mai,Iunie,Iulie,August,Septembrie,Octombrie,Noiembrie,Decembrie",,,1348695171700984260__LOOKUP__non_authenticated_user_meta_live,,custom.language,4671714201,1499985095271,1499985095271,1499985095269x713434751844033500,
нет,ru_RU,да,,Russian,ru_ru,"Вс,Пн,Вт,Ср,Чт,Пт,Сб,Воскресенье,Понедельник,Вторник,Среда,Четверг,Пятница,Суббота",Cyrillic,"Янв,Фев,Мар,Апр,Май,Июн,Июл,Авг,Сен,Окт,Ноя,Дек,Январь,Февраль,Март,Апрель,Май,Июнь,Июль,Август,Сентябрь,Октябрь,Ноябрь,Декабрь",,,1348695171700984260__LOOKUP__non_authenticated_user_meta_live,,custom.language,4671714202,1499985095561,1612479503660,1499985095559x173189762514084580,
nei,no_NO,ja,,Norwegian,no_no,"Søn,Man,Tir,Ons,Tor,Fre,Lør,Søn,Mandag,Tirsdag,Onsdag,Torsdag,Fredag,Lørdag",,"Jan,Feb,Mar,Apr,Mai,Jun,Jul,Aug,Sep,Okt,Nov,Des,Januar,Februar,Mars,April,Mai,Juni,Juli,August,September,Oktober,November,Desember",,,1348695171700984260__LOOKUP__non_authenticated_user_meta_live,,custom.language,4671714203,1499985095859,1499985095859,1499985095856x692713745636865500,
no,ca_ES,si,,Catalan,ca_es,"Dg.,Dl.,Dt.,Dc.,Dj.,Dv.,Ds.,Diumenge,Dilluns,Dimarts,Dimecres,Dijous,Divendres,Dissabte",,"Gen,Feb,Mar,Abr,Mai,Jun,Jul,Ago,Set,Oct,Nov,Des,Gener,Febrer,Març,Abril,Maig,Juny,Juliol,Agost,Setembre,Octubre,Novembre,Desembre",,,1348695171700984260__LOOKUP__non_authenticated_user_meta_live,,custom.language,4671714204,1499985096945,1499985096945,1499985096943x934960755286738300,
nej,da_DK,ja,,Danish,da_dk,"Søn,Man,Tir,Ons,Tors,Fre,Lør,Søndag,Mandag,Tirsdag,Onsdag,Torsdag,Fredag,Lørdag",,"Jan,Feb,Mar,Apr,Maj,Jun,Jul,Aug,Sep,Okt,Nov,Dec,Januar,Februar,Marts,April,Maj,Juni,Juli,August,September,Oktober,November,December",,,1348695171700984260__LOOKUP__non_authenticated_user_meta_live,,custom.language,4671714205,1499985097251,1499985097251,1499985097248x111623223638162020,
ne,cs_CZ,ano,,Czech,cs_cz,"ne,po,út,st,čt,pá,so,neděle,pondělí,úterý,středa,čtvrtek,pátek,sobota",,"led,úno,bře,dub,kvě,čer,čec,srp,zář,říj,lis,pro,leden,únor,březen,duben,květen,červen,červenec,srpen,září,říjen,listopad,prosinec",,,1348695171700984260__LOOKUP__non_authenticated_user_meta_live,,custom.language,4671714207,1499985097541,1499985097541,1499985097538x853220886783674400,
hayır,tr_TR,evet,,Turkish,tr_tr,"Paz,Pzt,Sal,Çrş,Prş,Cum,Cmt,Pazar,Pazartesi,Salı,Çarşamba,Perşembe,Cuma,Cumartesi",,"Ock,Şub,Mar,Nis,May,Haz,Tem,Agu,Eyl,Ekm,Kas,Ark,Ocak,Şubat,Mart,Nisan,Mayıs,Haziran,Temmuz,Ağustos,Eylül,Ekim,Kasım,Aralık",,,1348695171700984260__LOOKUP__non_authenticated_user_meta_live,,custom.language,4671714208,1499985098608,1525467314126,1499985098606x395926255732774700,
no,it_IT,si,,Italian,it_it,"Dom,Lun,Mar,Mer,Gio,Ven,Sab,Domenica,Lunedì,Martedì,Mercoledì,Giovedì,Venerdì,Sabato",,"Gen,Feb,Mar,Apr,Mag,Giu,Lug,Ago,Set,Ott,Nov,Dic,Gennaio,Febbraio,Marzo,Aprile,Maggio,Giugno,Luglio,Agosto,Settembre,Ottobre,Novembre,Dicembre",,,1348695171700984260__LOOKUP__non_authenticated_user_meta_live,,custom.language,4671714209,1499985098940,1499985098940,1499985098938x487947377841919700,
لا,ar_AR,نعم,True,Arabic,ar_ar,"الأحد,الإثنين,الثلاثاء,الأربعاء,الخميس,الجمعة,السبت,الأحد,الإثنين,الثلاثاء,الأربعاء,الخميس,الجمعة,السبت",,"يناير,فبراير,مارس,إبريل,مايو,يونيو,يوليو,أغسطس,سبتمبر,أكتوبر,نوفمبر,ديسمبر,يناير,فبراير,مارس,إبريل,مايو,يونيو,يوليو,أغسطس,سبتمبر,أكتوبر,نوفمبر,ديسمبر",,,1348695171700984260__LOOKUP__non_authenticated_user_meta_live,,custom.language,4671714210,1499985099259,1732296123089,1499985099257x265656230971217150,
ei,et_EE,jah,,Estonian,et_ee,"P,E,T,K,N,R,L,pühapäev,esmaspäev,teisipäev,kolmapäev,neljapäev,reede,laupäev",,"jaan,veebr,märts,apr,mai,juuni,juuli,aug,sept,okt,nov,dets,jaanuar,veebruar,märts,aprill,mai,juuni,juuli,august,september,oktoober,november,detsember",,,1348695171700984260__LOOKUP__non_authenticated_user_meta_live,,custom.language,4671714211,1499985100188,1499985100188,1499985100186x759592637419700600,
לא,he_IL,כן,True,Hebrew,he_il,"ראשון,שני,שלישי,רביעי,חמישי,שישי,שבת,ראשון,שני,שלישי,רביעי,חמישי,שישי,שבת",,"ינו׳,פבר׳,מרץ,אפר׳,מאי,יוני,יולי,אוג׳,ספט׳,אוק׳,נוב׳,דצמ׳,ינואר,פברואר,מרץ,אפריל,מאי,יוני,יולי,אוגוסט,ספטמבר,אוקטובר,נובמבר,דצמבר",,,1348695171700984260__LOOKUP__non_authenticated_user_meta_live,,custom.language,4671714212,1499985100524,1499985100524,1499985100522x450486213201656960,
否,zh_CN,是,,Simplified Chinese,zh_cn,"日,一,二,三,四,五,六,星期日,星期一,星期二,星期三,星期四,星期五,星期六",,"1月,2月,3月,4月,5月,6月,7月,8月,9月,10月,11月,12月,一月,二月,三月,四月,五月,六月,七月,八月,九月,十月,十一月,十二月",,,1348695171700984260__LOOKUP__non_authenticated_user_meta_live,,custom.language,4671714213,1499985100866,1499985100866,1499985100864x733293745201081100,
否,zh_TW,是,,Traditional Chinese,zh_tw,"日,一,二,三,四,五,六,星期日,星期一,星期二,星期三,星期四,星期五,星期六",,"1月,2月,3月,4月,5月,6月,7月,8月,9月,10月,11月,12月,一月,二月,三月,四月,五月,六月,七月,八月,九月,十月,十一月,十二月",,,1348695171700984260__LOOKUP__non_authenticated_user_meta_live,,custom.language,4671714215,1499985101809,1499985101809,1499985101807x944630275480449100,
nie,pl_PL,tak,,Polish,pl_pl,"Nie,Pon,Wto,Śro,Czw,Pią,Sob,Niedziela,Poniedziałek,Wtorek,Środa,Czwartek,Piątek,Sobota",,"Sty,Lut,Marz,Kwi,Maj,Czer,Lip,Sier,Wrze,Paź,List,Gru,Styczeń,Luty,Marzec,Kwiecień,Maj,Czerwiec,Lipiec,Sierpień,Wrzesień,Październik,Listopad,Grudzień",,,1348695171700984260__LOOKUP__non_authenticated_user_meta_live,,custom.language,4671714216,1499985102164,1499985102164,1499985102162x620514411013573400,
ні,uk_UA,так,,Ukrainian,uk_ua,"нд,пн,вт,ср,чт,пт,сб,неділя,понеділок,вівторок,середа,четвер,п'ятниця,субота",,"січ.,лют.,бер.,квіт.,трав.,черв.,лип.,серп.,вер.,жовт.,лист.,груд.,січень,лютий,березень,квітень,травень,червень,липень,серпень,вересень,жовтень,листопад,грудень",,,1348695171700984260__LOOKUP__non_authenticated_user_meta_live,,custom.language,4671714217,1499985102504,1499985102504,1499985102502x926723966607824000,
nie,sk_SK,áno,,Slovak,sk_sk,"Ned,Pon,Uto,Str,Štv,Pia,Sob,Nedeľa,Pondelok,Utorok,Streda,Štvrtok,Piatok,Sobota",,"Jan,Feb,Mar,Apr,Máj,Jún,Júl,Aug,Sep,Okt,Nov,Dec,Január,Február,Marec,Apríl,Máj,Jún,Júl,August,September,Október,November,December",,,1348695171700984260__LOOKUP__non_authenticated_user_meta_live,,custom.language,4671714218,1499985103581,1688595508496,1499985103579x714917183388024600,
아니오,ko_KR,네,,Korean,ko_kr,"일,월,화,수,목,금,토,일요일,월요일,화요일,수요일,목요일,금요일,토요일",,"1월,2월,3월,4월,5월,6월,7월,8월,9월,10월,11월,12월,1월,2월,3월,4월,5월,6월,7월,8월,9월,10월,11월,12월",,,1348695171700984260__LOOKUP__non_authenticated_user_meta_live,,custom.language,4671714220,1499985103930,1499985103930,1499985103928x210844255983829500,
не,bg_BG,да,False,Bulgarian,bg_bg,"нд,пн,вт,ср,чт,пт,сб,неделя,понеделник,вторник,сряда,четвъртък,петък,събота",,"янр,фев,мар,апр,май,юни,юли,авг,сеп,окт,ное,дек,януари,февруари,март,април,май,юни,юли,август,септември,октомври,ноември,декември",,['1348695171700984260__LOOKUP__1487619953369x736805380322039200'],1348695171700984260__LOOKUP__1499435341306x457960055908188200,,custom.language,4671714222,1500299637277,1556111465383,1500299652877x675104930194784300,
nem,hu_HU,Igen,False,Hungarian,hu_hu,"V,H,K,Sze,CS,P,Szo,vasárnap,hétfő,kedd,szerda,csütörtök,péntek,szombat",,"jan,febr,márc,ápr,máj,jún,júl,aug,szept,okt,nov,dec,január,február,március,április,május,június,július,augusztus, szeptember,október,november,december",,,1348695171700984260__LOOKUP__1499435341306x457960055908188200,,custom.language,4671714223,1500906023335,1556111370328,1500906039915x733286899263995900,
না,bn_BN,হাঁ,False,Bengali,bn_bn,"রবি,সোম,মঙ্গল,বুধ,বৃহঃ,শুক্র,শনি,রবিবার,সোমবার,মঙ্গলবার,বুধবার,বৃহস্পতিবার,শুক্রবার,শনিবার",,"জানু,ফেব্রু,মার্চ,এপ্রি,মে,জুন,জুল,আগ,সেপ্টে,অক্টো,নভে,ডিসে,জানুয়ারি,ফেব্রুয়ারি,মার্চ,এপ্রিল,মে,জুন,জুলাই,আগস্ট,সেপ্টেম্বর,অক্টোবর,নভেম্বর,ডিসেম্বর",,,1348695171700984260__LOOKUP__1499435341306x457960055908188200,,custom.language,4671714224,1501252990981,1556111515152,1501252988860x965065131745869800,
tidak,id_ID,iya nih,False,Indonesian,id_id,"Minggu,Senin,Selasa,Rabu,Kamis,Jumat,Sabtu,Minggu,Senin,Selasa,Rabu,Kamis,Jumat,Sabtu",,"Jan/Djan,Peb,Mrt,Apr,Mei/Mai,Juni/Djuni,Juli/Djuli,Ag,Sept,Okt,Nop,Des,Januari,Februari,Maret,April,Mei,Juni,Juli,Agustus,September,Oktober,November,Desember",,['1348695171700984260__LOOKUP__1502499998132x165968879591673620'],1348695171700984260__LOOKUP__1499435341306x457960055908188200,,custom.language,4671714225,1502725068845,1623702923365,1502725081544x818918148667080700,
no,en_GB,yes,,English (UK),en_gb,"Sun,Mon,Tue,Wed,Thu,Fri,Sat,Sunday,Monday,Tuesday,Wednesday,Thursday,Friday,Saturday",,"Jan,Feb,Mar,Apr,May,Jun,Jul,Aug,Sep,Oct,Nov,Dec,January,February,March,April,May,June,July,August,September,October,November,December",,['1348695171700984260__LOOKUP__1503307365361x812228550668805900'],1348695171700984260__LOOKUP__1499435341306x457960055908188200,,custom.language,4671714226,1504129950145,1504129950157,1504129948905x889138915897245700,
не,sr_SP,да,False,Serbian (Cyrillic),sr_sp,"Недеља,Понедељак,Уторак,Среда,Четвртак,Петак,Субота,Недеља,Понедељак,Уторак,Среда,Четвртак,Петак,Субота",,"јануар,фебруар,март,април,мај,јуни,јули,август,септембар,октобар,новембар,децембар,јануар,фебруар,март,април,мај,јуни,јули,август,септембар,октобар,новембар,децембар",,,1348695171700984260__LOOKUP__1499435341306x457960055908188200,,custom.language,4671714227,1505941373621,1628791546329,1505941372165x316302925454114800,
Nē,lv_LV,Jā,False,Latvian,lv_lv,"Sv, P, O, T, C, Pk, S, Svētdiena, Pirmdiena, Otrdiena, Trešdiena, Ceturtdiena, Piektdiena, Sestdiena",,"Jan, Feb, Mar, Apr, Mai, Jūn, Jūl, Aug, Sep, Okt, Nov, Dec, Janvāris, Februāris, Marts, Aprīlis, Maijs, Jūnijs, Jūlijs, Augusts, Septembris, Oktobris, Novembris, Decembris",,,1348695171700984260__LOOKUP__1499435341306x457960055908188200,,custom.language,4671714229,1507561342761,1556111411656,1507561341737x572557062282412000,
ne,sl_SI,da,False,Slovenian,sl_si,"ned,pon,tor,sre,čet,pet,sob,nedelja,ponedeljek,torek,sreda,četrtek,petek,sobota",,"jan,feb,mar,apr,maj,jun,jul,avg,sep,okt,nov,dec,januar,februar,marec,april,maj,junij,julij,avgust,september,oktober,november,december",,['1348695171700984260__LOOKUP__1508051219194x549234672449529150'],1348695171700984260__LOOKUP__1499435341306x457960055908188200,,custom.language,4671714230,1508171870653,1556111390400,1508171869576x837357448338079700,
não,pt_PT,sim,,Portuguese (Portugal),pt_pt,"Dom,Seg,Ter,Qua,Qui,Sex,Sab,Domingo,Segunda,Terça,Quarta,Quinta,Sexta,Sábado",,"Jan,Fev,Mar,Abr,Mai,Jun,Jul,Ago,Set,Out,Nov,Dez,Janeiro,Fevereiro,Março,Abril,Maio,Junho,Julho,Agosto,Setembro,Outubro,Novembro,Dezembro",,,1348695171700984260__LOOKUP__1499435341306x457960055908188200,,custom.language,4671714231,1508176640740,1508176640756,1508176640154x866738428495528000,
نه,fa_IR,بله,True,Farsi,fa_ir,"یکشنبه, دوشنبه, سه شنبه, چهارشنبه, پنجشنبه, جمعه, شنبه ,یکشنبه, دوشنبه, سه شنبه, چهارشنبه, پنجشنبه, جمعه, شنبه",,"ژانویه, فوریه, مارس, آوریل, مه, ژوئن, ژوئیه, اوت, سپتامبر, اکتبر, نوامبر, دسامبر ,ژانویه, فوریه, مارس, آوریل, مه, ژوئن, ژوئیه, اوت, سپتامبر, اکتبر, نوامبر, دسامبر",,,1348695171700984260__LOOKUP__1499435341306x457960055908188200,,custom.language,4671714232,1508515138680,1556111541475,1508515137664x205530003800326140,
Không,vi_VN,Vâng,False,Vietnamese,vi_vn,"C.Nhật,T.Hai,T.Ba,T.Tư,T.Năm,T.Sáu,T.Bảy’,Chủ Nhật,Thứ Hai,Thứ Ba,Thứ Tư,Thứ Năm,Thứ Sáu,Thứ Bảy",,"Một,Hai,Ba,Tư,Năm,Sáu,Bảy,Tám,Chín,Mưới,Mười Một,Mười Hai’,Tháng Một,Tháng Hai,Tháng Ba,Tháng Tư,Tháng Năm,Tháng Sáu,Tháng Bảy,Tháng Tám,Tháng Chín,Tháng Mười,Tháng Mười Một,Tháng Mười Hai",,['1348695171700984260__LOOKUP__1502408506124x931699707871302900'],1348695171700984260__LOOKUP__1499435341306x457960055908188200,,custom.language,4671714233,1512072265921,1556111264896,1512072264959x912561266945163300,
non,fr_CA,oui,False,French (Canada),fr_ca,"Dim,Lun,Mar,Mer,Jeu,Ven,Sam,Dimanche,Lundi,Mardi,Mercredi,Jeudi,Vendredi,Samedi",,"JA,FE,MR,AL,MA,JN,JL,AU,SE,OC,NO,DE,janvier,février,mars,avril,mai,juin,juillet,août,septembre,octobre,novembre,décembre",,['1348695171700984260__LOOKUP__1515886327807x736681236885488000'],1348695171700984260__LOOKUP__1499435341306x457960055908188200,,custom.language,4671714234,1516043357308,1556111241570,1516043356195x887707739534393300,
ไม่,th_TH,ใช่,False,Thai (Thailand),th_th,"อ.,จ.,อ.,พ.,พฤ.,ศ.,ส.,วันอาทิตย์,วันจันทร์,วันอังคาร,วันพุธ,วันพฤหัสบดี,วันศุกร์,วันเสาร์",,"ม.ค.,ก.พ.,มี.ค.,เม.ย.,พ.ค.,มิ.ย.,ก.ค.,ส.ค.,ก.ย.,ต.ค.,พ.ย.,‘ธ.ค.’,มกราคม,กุมภาพันธ์,มีนาคม,เมษายน,พฤษภาคม,มิถุนายน,กรกฎาคม,สิงหาคม,กันยายน,ตุลาคม,พฤศจิกายน,ธันวาคม",,['1348695171700984260__LOOKUP__1444110971453x563762383535504300'],1348695171700984260__LOOKUP__1499435341306x457960055908188200,,custom.language,4671714235,1520959586899,1568321681478,1520959586518x244612493660127230,
არა,ka_GE,დიახ,False,Georgian,ka_ge,"კვი,ორშ,სამ,ოთხ,ხუთ,პარ,შაბ,კვირა,ორშაბათი,სამშაბათი,ოთხშაბათი,ხუთშაბათი,პარასკევი,შაბათი",,"იან,თებ,მარ,აპრ,მაი,ივნ,ივლ,აგვ,სექ,ოქტ,ნოე,დეკ,იანვარი,თებერვალი,მარტი,აპრილი,მაისი,ივნისი,ივლისი,აგვისტო,სექტემბერი,ოქტომბერი,ნოემბერი,დეკემბერი",,['1348695171700984260__LOOKUP__1517912366677x137143288971856240'],1348695171700984260__LOOKUP__1499435341306x457960055908188200,,custom.language,4671714237,1522255651690,1556111211697,1522255651538x271734979506995200,
नहीं,hi_IN,हाँ,False,Hindi,hi_in,"रवि,सोम,मंगल,बुध,गुरु,शुक्र,शनि’,रविवार,सोमवार,मंगलवार,बुधवार,गुरुवार,शुक्रवार,शनिवार",,"जन,फर,मार्च,अप्रैल,मई,जून,जु,अग,सित,अक्टू,नव,दिस’,जनवरी,फरवरी,मार्च,अप्रैल,मई,जून,जुलाई,अगस्त,सितम्बर,अक्टूबर,नवम्बर,दिसम्बर",,['1348695171700984260__LOOKUP__1521478084351x755787028931081300'],1348695171700984260__LOOKUP__1525810135406x951878074556589100,,custom.language,4671714238,1526921423923,1556111191935,1526921423782x481340075680202750,
အဘယ်သူမျှမ,my_MY,ဟုတ်ကဲ့,False,Burmese,my_my,"တနင်္ဂနွေ,တနင်္လာ,အင်္ဂါ,ဗုဒ္ဓဟူး,ကြာသပတေး,သောကြာ,စနေ,တနင်္ဂနွေ,တနင်္လာ,အင်္ဂါ,ဗုဒ္ဓဟူး,ကြာသပတေး,သောကြာ,စနေ",,"ဇန်,ဖေ,မတ်,ဧပြီ,မေ,ဇွန်,ဇူ,ဩ,စက်,အောက်,နို,ဒီ,ဇန်နဝါရီ,ဖေဖော်ဝါရီ,မတ်,ဧပြီ,မေ,ဇွန်,ဇူလိုင်,ဩဂုတ်,စက်တင်ဘာ,အောက်တိုဘာ,နိုဝင်ဘာ,ဒီဇင်ဘာ",,['1348695171700984260__LOOKUP__1526635353401x643483218504116000'],1348695171700984260__LOOKUP__1525810135406x951878074556589100,,custom.language,4671714239,1527795093556,1556111166191,1527795093421x183715349775777800,
ne,lt_LT,taip,False,lithuanian,lt_lt,"Sk,Pr,An,Tr,Kt,Pn,Št,Sekmadienis,Pirmadienis,Antradienis,Trečiadienis,Ketvirtadienis,Penktadienis,Šeštadienis",,"saus,vas,kov,bal,geg,birž,liep,rugp,rugs,spal,lapkr,gruod,sausio,vasario,kovo,balandžio,gegužės,birželio,liepos,rugpjūčio,rugsėjo,spalio,lapkričio,gruodžio",,,1348695171700984260__LOOKUP__1525810135406x951878074556589100,,custom.language,4671714240,1532016207919,1589563451985,1532016207774x818704176677126100,
tidak,ms_MS,ya,False,Malay,ms_ms,"Ahd,Isn,Sel,Rab,Kha,Jum,Sab,Ahad,Isnin,Selasa,Rabu,Khamis,Jumaat,Sabtu",,"Jan,Feb,Mac,Apr,Mei,Jun,Jul,Ogo,Sep,Okt,Nov,Dis,Januari,Februari,Mac,April,Mei,Jun,Julai,Ogos,September,Oktober,November,Disember",,['1348695171700984260__LOOKUP__1518161808745x994472610065713500'],1348695171700984260__LOOKUP__1525810135406x951878074556589100,,custom.language,4671714241,1532387168475,1556111123797,1532387168260x993010800528982000,
geen,af_ZA,ja,False,Afrikaans,af_za,"So,Ma,Di,Wo,Do,Vr,Sa,Sondag,Maandag,Dinsdag,Woensdag,Donderdag,Vrydag,Saterdag",,"Jan,Feb,Mrt,Apr,Mei,Jun,Jul,Aug,Sep,Okt,Nov,Des,Januarie,Februarie,Maart,April,Mei,Junie,Julie,Augustus,September,Oktober,November,Desember",,['1348695171700984260__LOOKUP__1531851879470x352309597190469500'],1348695171700984260__LOOKUP__1519416431401x744026299100369200,,custom.language,4671714242,1533756080397,1556111102528,1533756080539x132949113508462600,
ոչ,hy_AM,այո,False,Armenian,hy-am,"կիրակի օր,երկուշաբթի,երեքշաբթի օր,չորեքշաբթի,հինգշաբթի,ուրբաթ,շաբաթ",,"Յունուար,Փետրուար,Մարտ,Ապրիլ,Մայիս,Յունիս,Յուլիս,Օգոստոս,Սեպտեմբեր,Հոկտեմբեր,Նոյեմբեր,Դեկտեմբեր",,['1348695171700984260__LOOKUP__1533904308834x450391375925391900'],1348695171700984260__LOOKUP__1519416431401x744026299100369200,,custom.language,4671714243,1534438319971,1590068457460,1534438322299x672071761475141600,
no,es_MX,si,False,Spanish (Mexico),es_mx,"Dom,Lun,Mar,Mié,Jue,Vie,Sáb,Domingo,Lunes,Martes,Miércoles,Jueves,Viernes,Sábado",,"Ene,Feb,Mar,Abr,May,Jun,Jul,Ago,Sep,Oct,Nov,Dic,Enero,Febrero,Marzo,Abril,Mayo,Junio,Julio,Agosto,Septiembre,Octubre,Noviembre,Diciembre",,,1348695171700984260__LOOKUP__1534527490866x644955229945480800,,custom.language,4671714245,1539113110583,1556111063102,1539113110352x110277525387608060,
no,es_AR,si,False,Spanish (Argentinian),es_ar,"Dom,Lun,Mar,Mié,Jue,Vie,Sáb,Domingo,Lunes,Martes,Miércoles,Jueves,Viernes,Sábado",,"Ene,Feb,Mar,Abr,May,Jun,Jul,Ago,Sep,Oct,Nov,Dic,Enero,Febrero,Marzo,Abril,Mayo,Junio,Julio,Agosto,Septiembre,Octubre,Noviembre,Diciembre",,,1348695171700984260__LOOKUP__1534527490866x644955229945480800,,custom.language,4671714246,1542138466531,1556111058474,1542138462234x348795037595467800,
hapana,sw,ndiyo,False,Swahili,sw,"Jumapili,Jumatatu,Jumanne,Jumatano,Alhamisi,Ijumaa,Jumamosi,Jumapili,Jumatatu,Jumanne,Jumatano,Alhamisi,Ijumaa,Jumamosi",,"Jan,Feb,Mac,Apr,Mei,Jun,Jul,Ago,Sep,Okt,Nov,Des,Januari,Februari,Machi,Aprili,Mei,Juni,Julai,Agosti,Septemba,Oktoba,Novemba,Desemba",,,1348695171700984260__LOOKUP__1534527490866x644955229945480800,,custom.language,4671714247,1545067551616,1556111051481,1545067545244x262175850905731070,
Nein,de_CH,Ja,False,German (Switzerland),de_ch,"So,Mo,Di,Mi,Do,Fr,Sa,Sonntag,Montag,Dienstag,Mittwoch,Donnerstag,Freitag,Samstag",,"Jan,Feb,März,Apr,Mai,Juni,Juli,Aug,Sept,Okt,Nov,Dez,Januar,Februar,März,April,Mai,Juni,Juli,August,September,Oktober,November,Dezember",,['1348695171700984260__LOOKUP__1460566259993x545055364724248640'],1348695171700984260__LOOKUP__1534527490866x644955229945480800,,custom.language,4671714248,1547490915574,1605043745205,1547490909752x864985970679480300,
نہیں,ur_PK,جی ہاں,True,Urdu,ur_pk,"اتوار,پیر,منگل,بدھ,جمعرات,جمعه,ہفتہ,اتوار,پیر,منگل,بدھ,جمعرات,جمعه,ہفتہ",,"جنوری,فروری,مارچ,اپریل,مئ,جون,جولائ,اگست,ستمبر,اکتوبر,نومبر,دسمبر,جنوری,فروری,مارچ,اپریل,مئ,جون,جولائ,اگست,ستمبر,اکتوبر,نومبر,دسمبر",,['1348695171700984260__LOOKUP__1550466449273x251493135825885200'],1348695171700984260__LOOKUP__1499435341306x457960055908188200,,custom.language,4671714249,1551999823744,1556111001369,1551999823533x559547177010462700,
Ne,hr_HR,Da,False,Croatian,hr_hr,"Ned,Pon,Uto,Sri,Čet,Pet,Sub,Nedjelja,Ponedjeljak,Utorak,Srijeda,Četvrtak,Petak,Subota",,"Sijec,Velj,Ozuj,Trav,Svib,Lip,Srp,Kol,Ruj,List,Stud,Pros,Siječanj,Veljača,Ožujak,Travanj,Svibanj,Lipanj,Srpanj,Kolovoz,Rujan,Listopad,Studeni,Prosinac",,,1348695171700984260__LOOKUP__1559576658831x792300647856666800,,custom.language,4671714250,1568322268718,1568322268840,1568322268207x664912105783427100,
නැත,si_LK,ඔව්,False,Sinhala,sinhala,"සදුදා,අඟහරැවදා,බදාදා,බ්‍රහස්‍පතින්‍දා,සිකුරාදා,සෙනසුරාදා,ඉරිදා, සදුදා,අඟහරැවදා,බදාදා,බ්‍රහස්‍පතින්‍දා,සිකුරාදා,සෙනසුරාදා,ඉරිදා",,"ජනවාරි ,පෙබරවාරි,මාර්තු,අප්‍රේල්,මැයි,ජූනි,ජූලි,අගෝස්තු,සැප්තැම්බර්,ඔක්තෝබර්,නොවැම්බර්,දෙසැම්බර්, ජනවාරි ,පෙබරවාරි,මාර්තු,අප්‍රේල්,මැයි,ජූනි,ජූලි,අගෝස්තු,සැප්තැම්බර්,ඔක්තෝබර්,නොවැම්බර්,දෙසැම්බර් ",,,1348695171700984260__LOOKUP__1567522949254x781974562778884300,,custom.language,4671714251,1569248368089,1569248368135,1569248365322x766853012819542000,
ના,gu_IN,હા,False,Gujarati,gu_in,"રવિવાર,સોમવાર,મંગળવાર,બુધવાર,ગુરુવાર,શુક્રવાર,શનિવાર,રવિવાર,સોમવાર,મંગળવાર,બુધવાર,ગુરુવાર,શુક્રવાર,શનિવાર",,"જાન્યુઆરી,ફેબ્રુઆરી,માર્ચ,એપ્રિલ,મે,જૂન,જુલાઈ,ઑગસ્ટ,સપ્ટેમ્બર,ઑક્ટોબર,નવેમ્બર,ડિસેમ્બર,જાન્યુઆરી,ફેબ્રુઆરી,માર્ચ,એપ્રિલ,મે,જૂન,જુલાઈ,ઑગસ્ટ,સપ્ટેમ્બર,ઑક્ટોબર,નવેમ્બર,ડિસેમ્બર",,['1348695171700984260__LOOKUP__1575906051500x289361261028808960'],1348695171700984260__LOOKUP__1567522949254x781974562778884300,,custom.language,4671714252,1576081512885,1576081512933,1576081512512x577557418342088700,
ទេ,km_KH,បាទ / ចាស,False,Khmer,khmer,"ថ្ងៃអាទិត្,ថ្ងៃច័ន្,ថ្ងៃអង្គារ,ថ្ងៃពុធ,ថ្ងៃព្រហស្បត្,ថ្ងៃសុក្,ថ្ងៃសៅរ៏,ថ្ងៃអាទិត្,ថ្ងៃច័ន្,ថ្ងៃអង្គារ,ថ្ងៃពុធ,ថ្ងៃព្រហស្បតិ៍,ថ្ងៃសុក្,ថ្ងៃសៅរ៏",,"មករា,កុម្ភៈ,មីនា,មេសា,ឧសភា,មិថុនា,កក្កដា,សីហា,កញ្ញា,តុលា,វិច្ឆិកា,ធ្នូ,មករា,កុម្ភៈ,មីនា,មេសា,ឧសភា,មិថុនា,កក្កដា,សីហា,កញ្ញា,តុលា,វិច្ឆិកា,ធ្នូ",,,1348695171700984260__LOOKUP__1570821905805x961250077460472200,,custom.language,4671714253,1587486317063,1587486317109,1587486316732x897951833066045400,
non,fr_ch,oui,,French (Switzerland),fr_ch,"Dim,Lun,Mar,Mer,Jeu,Ven,Sam,Dimanche,Lundi,Mardi,Mercredi,Jeudi,Vendredi,Samedi",,"Jan,Fev,Mar,Avr,Mai,Juin,Juil,Aou,Sep,Oct,Nov,Dec,Janvier,Février,Mars,Avril,Mai,Juin,Juillet,Août,Septembre,Octobre,Novembre,Décembre",,,1348695171700984260__LOOKUP__1559576658831x792300647856666800,,custom.language,4671714254,1589903472921,1590068838772,1589903472663x718385768180744200,
ഇല്ല,ml_ml,അതെ,False,Malayalam,ml_ml,"ഞാ,തി,ചൗ,ബു,വ്യാ,വെള്,ശ,ഞായർ,തിങ്കൾ,ചൗവ്വാ,ബുധൻ,വ്യാഴം,വെള്ളി,ശനി",,"ജനു,ഫെബ്രു,മാർ,ഏപ്രി,മേയ്,ജൂൺ,ജൂലൈ,ഓഗ,സെപ്റ്റം,ഒക്ടോ,നവം,ഡിസം,ജനുവരി,ഫെബ്രുവരി,മാർച്ച്,ഏപ്രിൽ,മേയ്,ജൂൺ,ജൂലൈ,ഓഗസ്റ്റ്,സെപ്റ്റംബർ,ഒക്‌ടോബർ,നവംബർ,ഡിസംബർ",,['1348695171700984260__LOOKUP__1592642067966x519086131832174660'],1348695171700984260__LOOKUP__1593146320434x639565905208235600,,custom.language,4671714255,1595260485130,1595260485174,1595260484747x288364254154719200,
жоқ,kk_kk,иә,False,Kazakh,kk_kk,"Жс,Дс,Сс,Ср,Бс,Жм,Сб,Жексенбі,Дүйсенбі,Сейсенбі,Сәрсенбі,Бейсенбі,Жұма,Сенбі",,"Қаң,Ақп,Нау,Сәу,Мам,Мау,Шіл,Там,Қыр,Қаз,Қар,Жел,Қаңтар,Ақпан,Наурыз,Сәуір,Мамыр,Маусым,Шілде,Тамыз,Қыркүйек,Қазан,Қараша,Желтоқсан",,['1348695171700984260__LOOKUP__1576598806292x313373694530253900'],1348695171700984260__LOOKUP__1559576658831x792300647856666800,,custom.language,4671714256,1597080540960,1597080541005,1597080539698x273937863696711680,
jo,sq,po,False,Albanian,sq,"Die,Hën,Mar,Mër,Enj,Pre,Sht,e Dielë,e Hënë,e Martë,e Mërkurë,e Enjte,e Premte,e Shtunë",,"Jan,Shk,Mar,Pri,Maj,Qer,Kor,Gus,Sht,Tet,Nën,Dhj,Janar,Shkurt,Mars,Prill,Maj,Qershor,Korrik,Gusht,Shtator,Tetor,Nëntor,Dhjetor",,,1348695171700984260__LOOKUP__1593146365298x292188304575957250,,custom.language,4671714257,1598296430498,1598296430541,1598296429592x112704663718199300,
ez,eu,bai,False,Euskara,eu,"Iga,Asl,Asr,Asz,Osg,Otr,Lar,Igandea,Astelehena,Asteartea,Asteazkena,Osteguna,Ostirala,Larunbata",,"Urt,Ots,Mar,Api,Mai,Eka,Uzt,Abu,Ira,Urr,Aza,Abe,Urtarrila,Otsaila,Martxoa,Apirila,Maiatza,Ekaina,Uztaila,Abuztua,Iraila,Urria,Azaroa,Abendua",,['1348695171700984260__LOOKUP__1597578472295x520085612166546940'],1348695171700984260__LOOKUP__1593146320434x639565905208235600,,custom.language,4671714258,1599674512351,1599674512396,1599674511130x410194917054218240,
non,fr_be,Oui,False,French Belgium,fr_be,"Dim,Lun,Mar,Mer,Jeu,Ven,Sam,Dimanche,Lundi,Mardi,Mercredi,Jeudi,Vendredi,Samedi",,"Jan,Fev,Mar,Avr,Mai,Juin,Juil,Aou,Sep,Oct,Nov,Dec,Janvier,Février,Mars,Avril,Mai,Juin,Juillet,Août,Septembre,Octobre,Novembre,Décembre",,['1348695171700984260__LOOKUP__1594673734894x871297415675463200'],1348695171700984260__LOOKUP__1593146320434x639565905208235600,,custom.language,4671714259,1599693059995,1599693060047,1599693058530x204421100417318900,
Nee,nl_be,Ja,False,Dutch Belgium,nl_be,"Zo,Ma,Di,Wo,Do,Vr,Za,Zondag,Maandag,Dinsdag,Woensdag,Donderdag,Vrijdag,Zaterdag",,"Jan,Feb,Maa,Apr,Mei,Jun,Jul,Aug,Sep,Okt,Nov,Dec,Januari,Februari,Maart,April,Mei,Juni,Juli,Augustus,September,Oktober,November,December",,"['1348695171700984260__LOOKUP__1594673734894x871297415675463200', '1348695171700984260__LOOKUP__1591003101639x921599680592806100']",1348695171700984260__LOOKUP__1593146320434x639565905208235600,,custom.language,4671714260,1599693141720,1730388800103,1599693141411x855477912918032400,
ಇಲ್ಲ,kn_in,ಹೌದು,False,kannada (india),kn_in,"ಭಾನುವಾ,ಸೋಮವಾ,ಮಂಗಳ,ಬುಧವಾ,ಗುರುವಾ,ಶುಕ್ರವಾ,ಶನಿವಾ,ಭಾನುವಾರ/ರವಿವಾರ,ಸೋಮವಾರ,ಮಂಗಳವಾರ,ಬುಧವಾರ,ಗುರುವಾರ,ಶುಕ್ರವಾರ,ಶನಿವಾರ",,"ಮಾಘ,ಫಾಲ್ಗುಣ,ಚೈತ್ರ,ವೈಶಾಖ,ಜ್ಯೇಷ್ಠ,ಆಷಾಢ,ಶ್ರಾವಣ,ಭಾದ್ರಪ,ಆಶ್ವಯು,ಕಾರ್ತೀಕ,ಮಾರ್ಗಶಿ,ಪುಷ್ಯ,ಮಾಘ,ಫಾಲ್ಗುಣ,ಚೈತ್ರ,ವೈಶಾಖ,ಜ್ಯೇಷ್ಠ,ಆಷಾಢ,ಶ್ರಾವಣ,ಭಾದ್ರಪದ,ಆಶ್ವಯುಜ,ಕಾರ್ತೀಕ,ಮಾರ್ಗಶಿರ,ಪುಷ್ಯ",,['1348695171700984260__LOOKUP__1552058941994x185021356479432960'],1348695171700984260__LOOKUP__1578667725939x570399455437140100,,custom.language,4671714261,1600624824229,1612479807160,1600624823052x573237873399824400,
nei,is,Já,False,Icelandic,is,"Sun,Mán,Þri,Mið,Fimt,Fös,Lau,Sunnudagur,Mánudagur,Þriðjudagur,Miðvikudagur,Fimmtudagur,Föstudagur,Laugardagur",,"jan,feb,mar,apr,maí,jún,júl,ágú,sept,okt,nóv,des,janúar,februar,mars,Apríl,maí,júní,júlí,ágúst,september,október,nóvember,desember",,['1348695171700984260__LOOKUP__1597886583007x614782355068516400'],1348695171700984260__LOOKUP__1593146320434x639565905208235600,,custom.language,4671714262,1605737535379,1605737535424,1605737534081x970603285991391200,
hindi,tl,oo,False,Tagalog,tl,"Lin,Lun,Mar,Miy,Huw,Biy,Sab,Linggo,Lunes,Martes,Miyerkules,Huwebes,Biyernes,Sabado",,"Jan,Peb,Mar,Abr,Mayo,Jun,Hul,Ago,Sep,Okt,Nob,Dis,Enero,Pebrero,Marso,Abril,Mayo,Hunyo,Hulyo,August,Setyembre,Oktubre,Nobyembre,Disyembre",,['1348695171700984260__LOOKUP__1542340920865x688339239684864900'],1348695171700984260__LOOKUP__1593146320434x639565905208235600,,custom.language,4671714264,1606495901650,1685461260929,1606495900596x932394560717324300,
no,en_au,yes,False,English (australia),en_au,"Sun,Mon,Tue,Wed,Thu,Fri,Sat,Sunday,Monday,Tuesday,Wednesday,Thursday,Friday,Saturday",,"Jan,Feb,Mar,Apr,May,Jun,Jul,Aug,Sep,Oct,Nov,Dec,January,February,March,April,May,June,July,August,September,October,November,December",,['1348695171700984260__LOOKUP__1606038651402x432770843972310140'],1348695171700984260__LOOKUP__1593146365298x292188304575957250,,custom.language,4671714265,1606581043336,1610370289374,1606581042873x769509192777596900,
no,en_in,yes,,English (India),en_in,"Sun,Mon,Tue,Wed,Thu,Fri,Sat,Sunday,Monday,Tuesday,Wednesday,Thursday,Friday,Saturday",,"Jan,Feb,Mar,Apr,May,Jun,Jul,Aug,Sep,Oct,Nov,Dec,January,February,March,April,May,June,July,August,September,October,November,December",,['1348695171700984260__LOOKUP__1551251429294x286287443123103940'],1348695171700984260__LOOKUP__1593146365298x292188304575957250,,custom.language,4671714266,1608305410793,1608305648272,1608305409891x668241724224045000,
non,ht,wi,False,Haitian Creole,ht,"Dim,Len,Mad,Mék,Jed,Van,Sam,Dimanch,Lendi,Madi,Mékredi,Jedi,Vandredi,Samdi",,"Jan,Fev,Mas,Avr,Me,Jw,Jiy,Out,Sep,Okt,Nov,Des,Janvye,Fevriye,Max,Avril,Me,Jwen,Jiyé,Out,Septanm,Októb,Novanm,Desanm",,['1348695171700984260__LOOKUP__1607747632103x889610869344607000'],1348695171700984260__LOOKUP__1534527490866x644955229945480800,,custom.language,4671714267,1609015874991,1609082709786,1609015873929x908316695152558100,
не,mk,да,False,Macedonian,mk,"нед,пон,вто,сре,чет,пет,саб,недела,понеделник,вторник,среда,четврток,петок,сабота",Cyrillic,"јан,фев,мар,апр,мај,јун,јул,авг,септ,окт,ноем,дек,јануари,февруари,март,април,мај,јуни,јули,август,септември,октомври,ноември,декември",,['1348695171700984260__LOOKUP__1549811848822x385069415916807550'],1348695171700984260__LOOKUP__1609557788481x488623940580603650,,custom.language,4671714268,1611095399651,1612479558495,1611095398253x708764632033787900,
үгүй,mn-mn,тиймээ,False,Mongolian,mn-mn,"Ням,Даваа,Мягмар,Лхагва,Пүрэв,Баасан,Бямба,Ням,Даваа,Мягмар,Лхагва,Пүрэв,Баасан,Бямба",,"1-p cap,2-p cap,3-p cap, 4-p cap,5-p cap,6-p cap,7-p cap,8-p cap,9-p cap,10-p cap,11-p cap,12-p cap,1-p cap,2-p cap,3-p cap, 4-p cap,5-p cap,6-p cap,7-p cap,8-p cap,9-p cap,10-p cap,11-p cap,12-p cap",,['1348695171700984260__LOOKUP__1610634543942x465993000017258500'],1348695171700984260__LOOKUP__1612146807056x940080576772426800,,custom.language,4671714269,1614090097449,1614090097493,1614090095831x117417688253333500,
br,bs-BA,da,False,Bosnian (Bosnia and Herzegovina),bs-ba,"Ned,Pon,Uto,Sri,Čet,Pet,Sub,Nedelja,Ponedeljak,Utorak,Srijeda,Četvrtak,Petak,Subota",,"Jan,Feb,Mar,Apr,Maj,Jun,Jul,Aug,Sep,Okt,Nov,Dec,Januar,Februar,Mart,April,Maj,Juni,Juli,August,Septembar,Oktobar,Novembar,Decembar",,['1348695171700984260__LOOKUP__1613826232849x637715850226807900'],1348695171700984260__LOOKUP__1612146868306x383286675010668300,,custom.language,4671714271,1614357169503,1614357777066,1614357167382x602233469258956800,
ບໍ່,lo,ແມ່ນແລ້ວ,False,lo,lao,"ທ,ຈ,ຄ,ພ,ພຫ,ສກ,ສ,ວັນອາທິດ,ວັນຈັນ,ວັນອັງຄານ,ວັນພຸດ,ວັນພະຫັດ,ວັນສຸກ,ວັນເສົາ",,"ມັງກອນ,ກຸມພາ,ມີນາ,ເມສາ,ພຶດສະພາ,ມິຖຸນາ,ກໍລະກົດ,ສິງຫາ,ກັນຍາ,ຕຸລາ,ພະຈິກ,ທັນວາ,ເດືອນມັງກອນ,ເດືອນກຸມພາ,ເດືອນມີນາ,ເດືອນເມສາ,ເດືອນພຶດສະພາ,ເດືອນມິຖຸນາ,ເດືອນກໍລະກົດ,ເດືອນສິງຫາ,ເດືອນກັນຍາ,ເດືອນຕຸລາ,ເດືອນພະຈິກ,ເດືອນທັນວາ",,['1348695171700984260__LOOKUP__1613130617462x624482008665793800'],1348695171700984260__LOOKUP__1593146365298x292188304575957250,,custom.language,4671714273,1614621659095,1614621659143,1614621656662x430355995290501100,
No,es_co,sí,False,Spanish (Colombian),es_co,"Dom,Lun,Mar,Mie,Jue,Vie,Sab,Domingo,Lunes,Martes,Miércoles,Jueves,Viernes,Sábado",,"Ene,Feb,Mar,Abr,May,Jun,Jul,Ago,Sep,Oct,Nov,Dic,Enero,Febrero,Marzo,Abril,Mayo,Junio,Julio,Agosto,Septiembre,Octubre,Noviembre,Diciembre",,['1348695171700984260__LOOKUP__1611902441882x982451613542632400'],1348695171700984260__LOOKUP__1612146868306x383286675010668300,,custom.language,4671714274,1615502314316,1615502314358,1615502314008x362351031741055000,
na,cy_cy,ie,False,Welsh,cy_cy,"Dydd Sul,Dydd Llun,Dydd Mawrth,Dydd Mercher,Dydd Iau,Dydd Gwener,Dydd Sadwrn,Dydd Sul,Dydd Llun,Dydd Mawrth,Dydd Mercher,Dydd Iau,Dydd Gwener,Dydd Sadwrn",,"Ionawr,Chwefror,Mawrth,Ebrill,Mai,Mehefin,Gorffennaf,Awst,Medi,Hydref,Tachwedd,Rhagfyr,Ionawr,Chwefror,Mawrth,Ebrill,Mai,Mehefin,Gorffennaf,Awst,Medi,Hydref,Tachwedd,Rhagfyr",,['1348695171700984260__LOOKUP__1587637981943x803081610451930500'],1348695171700984260__LOOKUP__1593146365298x292188304575957250,,custom.language,4671714275,1619018352670,1628781720408,1619018351097x567009854963318800,
yox,az,bəli,False,Azerbaijani,az,"b.,b.e.,ç.a.,ç.,c.a.,c.,ş.,bazar,bazar ertəsi,çərşənbə axşamı,çərşənbə,cümə axşamı,cümə,şənbə",,"Yan,Fev,Mar,Apr,May,İyn,İyl,Avq,Sen,Okt,Noy,Dek,Yanvar,Fevral,Mart,Aprel,May,İyun,İyul,Avqust,Sentyabr,Oktyabr,Noyabr,Dekabr",,['1348695171700984260__LOOKUP__1590056514974x963012855599738400'],1348695171700984260__LOOKUP__1618237741910x288116124117233630,,custom.language,4671714276,1619019726682,1619790447488,1619019725864x449522964957757440,
Aihwa,sn_sn,Ehe,False,Shona,sn_sn,"Svondo,Muvhuro,Chipiri,Chitatu,China,Chishanu,Mugovera,Svondo,Muvhuro,Chipiri,Chitatu,China,Chishanu,Mugovera",,"Ndira,Kukadzi,Kurume,Kubvumbi,Chivabvu,Chikumi,Chikunguru,Nyamavhuvhu,Gunyana,Gumiguru,Mbudzi,Zvita,Ndira,Kukadzi,Kurume,Kubvumbi,Chivabvu,Chikumi,Chikunguru,Nyamavhuvhu,Gunyana,Gumiguru,Mbudzi,Zvita",,['1348695171700984260__LOOKUP__1581726064433x428734311676497660'],1348695171700984260__LOOKUP__1612146807056x940080576772426800,,custom.language,4671714277,1619386363003,1619644173023,1619386361270x940219986196561900,
tsy misy,mg_mg,ENY,False,Malagasy,mg_mg,"Alah, Alats, Tal, Alar, Alak, Zom, Asab, Alahady, Alatsinainy, Talata, Alarobia, Alakamisy, Zoma, Asabotsy",,"Jan,Feb,Mar,Apr,Mey,Jon,Jol,Aog,Sept,Okt,Nov,Des,Janoary,Febroary,Martsa,Aprily,Mey,Jona,Jolay,Aogositra,Septambra,Oktobra,Novambra,Desambra",,['1348695171700984260__LOOKUP__1581726064433x428734311676497660'],1348695171700984260__LOOKUP__1612146807056x940080576772426800,,custom.language,4671714279,1619446212538,1619644229800,1619446211027x152234464820592640,
cha,zu,yebo,False,Zulu,zulu,"iSonto,uMsombuluko,uLwesibili,uLwesithathu,uLwesine,uLwesihlanu,uMgqibelo,iSonto,uMsombuluko,uLwesibili,uLwesithathu,uLwesine,uLwesihlanu,uMgqibelo",,"uMasingana,uNhlolanja,uNdasa,uMbasa,uNhlaba,uNhlangulana,uNtulikazi,uNcwaba,uMandulo,uMfumfu,uLwezi,uZibandlela,uMasingana,uNhlolanja,uNdasa,uMbasa,uNhlaba,uNhlangulana,uNtulikazi,uNcwaba,uMandulo,uMfumfu,uLwezi,uZibandlela",True,['1348695171700984260__LOOKUP__1581726064433x428734311676497660'],1348695171700984260__LOOKUP__1612146807056x940080576772426800,,custom.language,4671714280,1619645757971,1697811686179,1619645756489x519937905355653100,
che,st_st,ee,False,Sesotho,st_st,"Sontaha,Mantaha,Labobedi,Laboraro,Labone,Labohlano,Moqebelo,Sontaha,Mantaha,Labobedi,Laboraro,Labone,Labohlano,Moqebelo",,"Pherekgong,Hlakola,Hlakubele,Mmesa,Motsheanong,Phupjane,Phupu,Phato,Lwetse,Mphalane,Pudungwana,Tshitwe,Pherekgong,Hlakola,Hlakubele,Mmesa,Motsheanong,Phupjane,Phupu,Phato,Lwetse,Mphalane,Pudungwana,Tshitwe",,['1348695171700984260__LOOKUP__1581726064433x428734311676497660'],1348695171700984260__LOOKUP__1559576658831x792300647856666800,,custom.language,4671714282,1619645901976,1619790416623,1619645900864x130242798646198270,
cha,zu_nd,yebo,False,Ndebele,zu_nd,"Isnt,Umvl,Lwsbl,Lwsth,Lwsn,Lwshl,Umgqb,Isonto,Umvulo,Olwesibili,Olwesithathu,Olwesine,Olwesihlanu,Umqgibelo",,"Zib,Nhlj,Mbmbt,Mbs,Nkwz,Nhlngl,Ntlkz,Ncwbz,Mpnd,MfMf,Lwz,Mplkz,Zibandlela,Nhlolanja,Mbimbitho,Mabasa,Nkwenkwezi,Nhlangula,Ntulikazi,Ncwabakazi,Mpandula,Mfumfu,Lwezi,Mpalakazi
",,['1348695171700984260__LOOKUP__1581726064433x428734311676497660'],1348695171700984260__LOOKUP__1612146807056x940080576772426800,,custom.language,4671714283,1619646455806,1619790409784,1619646454749x294284613191729150,
che,st_tn,ee,False,Setswana,st_tn,"Tshipi,Mosupologo,Labobedi,Laboraro,Labone,Labotlhano,Matlhatso,Tshipi,Mosupologo,Labobedi,Laboraro,Labone,Labotlhano,Matlhatso",,"Ferikgong,Tlhakole,Mopitlo,Moranang,Motsheganong,Seetebosigo,Phukwi,Phatwe,Lwetse,Phalane,Ngwanatsele,Sedimontlhole,Ferikgong,Tlhakole,Mopitlo,Moranang,Motsheganong,Seetebosigo,Phukwi,Phatwe,Lwetse,Phalane,Ngwanatsele,Sedimontlhole",,['1348695171700984260__LOOKUP__1581726064433x428734311676497660'],1348695171700984260__LOOKUP__1612146807056x940080576772426800,,custom.language,4671714284,1619646725723,1619790400379,1619646725261x539119127573299200,
na,ku,Erê,True,ku,kurdish,"شەممە,هەینی,پێنجشەممە,چوارشەممە,سێشەممە,دووشەممە,یەکشەممە,شەممە,هەینی,پێنجشەممە,چوارشەممە,سێشەممە,دووشەممە,یەکشەممە",,"کانونی یەکەم,تەشرینی دووەم,تەشرینی یەکەم,ئەیلول,ئاب,تەمموز,حوزەیران,مایس,نیسان,ئادار,شوبات,کانوونی دووەم,کانونی یەکەم,تەشرینی دووەم,تەشرینی یەکەم,ئەیلول,ئاب,تەمموز,حوزەیران,مایس,نیسان,ئادار,شوبات,کانوونی دووەم",,['1348695171700984260__LOOKUP__1600447796082x631434419842080000'],1348695171700984260__LOOKUP__1618237741910x288116124117233630,,custom.language,4671714285,1623774772499,1623774808460,1623774771480x207093565201580030,
లేదు,te_te,అవును,False,Telugu,te_te,"ఆది,సోమ,మంగళ,బుధ,గురు,శుక్ర,శని,ఆదివారం,సోమవారం,మంగళవారం,బుధవారం,గురువారం,శుక్రవారం,శనివారం",,"జనవరి,ఫిబ్రవరి,మార్చి,ఏప్రిల్,మే,జూన్,జూలై,ఆగస్టు,సెప్టెంబర్,అక్టోబర్,నవంబర్,డిసెంబర్,జనవరి,ఫిబ్రవరి,మార్చి,ఏప్రిల్,మే,జూన్,జూలై,ఆగస్టు,సెప్టెంబర్,అక్టోబర్,నవంబర్,డిసెంబర్",,['1348695171700984260__LOOKUP__1625341451786x423285553958610240'],1348695171700984260__LOOKUP__1559576658831x792300647856666800,,custom.language,4671714286,1625690256731,1625690256775,1625690255584x267911746109833200,
ne,sr_la,da,False,Serbian (Latin),sr_la,"ned,pon,uto,sre,čet,pet,sub,nedelja,ponedeljak,utorak,sreda,četvrtak,petak,subota",,"an,feb,mar,apr,maj,jun,jul,avg,sep,oct,nov,dec,januar,februar,mart,april,maj,juni,juli,avgust,septembar,oktobar,novembar,decembar",,['1348695171700984260__LOOKUP__1627424050696x841280868494460500'],1348695171700984260__LOOKUP__1559576658831x792300647856666800,,custom.language,4671714287,1628781928352,1628782132977,1628781927389x565839339240292350,
No,es_CL,sí,False,Spanish (Chile),es_cl,"Dom,Lun,Mar,Mié,Jue,Vie,Sáb,Domingo,Lunes,Martes,Miércoles,Jueves,Viernes,Sábado",,"Ene,Feb,Mar,Abr,May,Jun,Jul,Ago,Sep,Oct,Nov,Dic,Enero,Febrero,Marzo,Abril,Mayo,Junio,Julio,Agosto,Septiembre,Octubre,Noviembre,Diciembre",,['1348695171700984260__LOOKUP__1628608766971x318190922793075700'],1348695171700984260__LOOKUP__1612146868306x383286675010668300,,custom.language,4671714288,1628975379029,1628975379076,1628975378263x883798477993934800,
no,en_ca,yes,False,English (Canada),en_ca,"Sun,Mon,Tues,Wed,Thurs,Fri,Sat,Sunday,Monday,Tuesday,Wednesday,Thursday,Friday,Saturday",,"Jan,Feb,Mar,Apr,May,Jun,Jul,Aug,Sep,Oct,Nov,Dec,January,February,March,April,May,June,July,August,September,October,November,December",,['1348695171700984260__LOOKUP__1616104281190x251560702151720540'],1348695171700984260__LOOKUP__1612146807056x940080576772426800,,custom.language,4671714289,1639585724463,1639585724507,1639585723362x734537763753558000,
kahore,mi,āe,False,Maori,mi,"Rātapu,Rāhina,Rātū,Rāapa,Rāpare,Rāmere,Rāhoroi,Rātapu,Rāhina,Rātū,Rāapa,Rāpare,Rāmere,Rāhoroi",,"Kohitātea,Hui-tanguru,Poutū-te-rangi,Paenga-whāwhā,Haratua,Pipiri,Hōngongoi,Here-turi-kōkā,Mahuru,Whiringa-ā-nuku,Whiringa-ā-rangi,Hakihea,Kohitātea,Hui-tanguru,Poutū-te-rangi,Paenga-whāwhā,Haratua,Pipiri,Hōngongoi,Here-turi-kōkā,Mahuru,Whiringa-ā-nuku,Whiringa-ā-rangi,Hakihea",,['1348695171700984260__LOOKUP__1637387396488x985709120111498200'],1348695171700984260__LOOKUP__1612146807056x940080576772426800,,custom.language,4671714290,1639586345840,1639586345888,1639586345151x620616546681880600,
yo'q,uz,ha,False,Uzbek,uz,"Ya,Du,Se,Ch,Pa,Ju,Sh,yakshanba,dushanba,seshanba,chorshanba,payshanba,juma,shanba",,"Yan,Fev,Mart,Apr,May,Iyun,Iyul,Avg,Sen,Okt,Noy,Dek,Yanvar,Fevral,Mart,Aprel,May,Iyun,Iyul,Avgust,Sentyabr,Oktyabr,Noyabr,Dekabr",,['1348695171700984260__LOOKUP__1624907038592x765054066943945200'],1348695171700984260__LOOKUP__1612146807056x940080576772426800,,custom.language,4671714291,1639680548924,1639680548969,1639680547682x746531312612933600,
a'a,haw,iya,False,Hawaiin,haw,"Sun,Mon,Tue,Wed,Thu,Fri,Sat,Sunday,Monday,Tuesday,Wednesday,Thursday,Friday,Saturday",,"Jan,Feb,Mar,Apr,May,Jun,Jul,Aug,Sep,Oct,Nov,Dec,January,February,March,April,May,June,July,August,September,October,November,December",,['1348695171700984260__LOOKUP__1641229827070x793220987683809400'],1348695171700984260__LOOKUP__1645632490221x299151432982863040,,custom.language,4671714292,1646146524657,1646146524701,1646146523539x306318399067127800,
tsis muaj,hmn,yog,False,Hmong,hmn,"Sun,Mon,Tue,Wed,Thu,Fri,Sat,Sunday,Monday,Tuesday,Wednesday,Thursday,Friday,Saturday",,"Jan,Feb,Mar,Apr,May,Jun,Jul,Aug,Sep,Oct,Nov,Dec,January,February,March,April,May,June,July,August,September,October,November,December",,['1348695171700984260__LOOKUP__1643057575326x716297350303516500'],1348695171700984260__LOOKUP__1645632490221x299151432982863040,,custom.language,4671714293,1646162790330,1646162790373,1646162789490x264094389124202500,
አይ,am,አዎ,False,am,amharic,"ሰኞ, ማክሰኞ, እሮብ, ሀሙስ, አርብ, ቅዳሜ, እሁድ",,"ጥር, የካቲት, መጋቢት, ሚያዝያ, ግንቦት, ሰኔ, ሐምሌ, ነሐሴ, መስከረም, ጥቅምት, ኅዳር, ታኅሣሥ",,,1348695171700984260__LOOKUP__1627841768267x955194822803943600,,custom.language,4671714294,1647980642774,1647980642818,1647980641876x256834716793307140,
नाही,mr,होय,False,Marathi,mr,"रवि,सोम,मंगळ,बुध,गुरु,शुक्र,शनि,रविवार,सोमवार,मंगळवार,बुधवार,गुरुवार,शुक्रवार,शनिवार",,"जानेवारी,फेब्रुवारी,मार्च,एप्रिल,मे,जून,जुलै,ऑगस्ट,सप्टेंबर,ऑक्टोबर,नोव्हेंबर,डिसेंबर,जानेवारी,फेब्रुवारी,मार्च,एप्रिल,मे,जून,जुलै,ऑगस्ट,सप्टेंबर,ऑक्टोबर,नोव्हेंबर,डिसेंबर",,['1348695171700984260__LOOKUP__1637856291510x981272603613134700'],1348695171700984260__LOOKUP__1612146807056x940080576772426800,,custom.language,4671714295,1648591791584,1649687606895,1648591790589x847420566910795800,
ne,eo,jes,False,eo,esperanto,"di, lu, ma, me, ĵa, ve, sa, dimanĉo, sabato, vendredo, ĵaŭdo, merkredo, mardo, lundo",,"jan, feb, mar, apr, maj, jun, jul, aŭg, sep, okt, nov, dec, januaro, febrauro, marto, aprilo, majo, junio, julio, aŭgusto, septembro, oktobro, novembro, decembro",True,['1348695171700984260__LOOKUP__1627870660110x282762146287865800'],1348695171700984260__LOOKUP__1627841768267x955194822803943600,,custom.language,4671714297,1648926600859,1697809514923,1648926599977x939847555482386400,
نه,ps,هو,True,ps,"pashto, pushto","ګول,نهه,شورو,زیارت,جمعه,خیالي,اتور",,"وری,غویی,غبرګلی,چنګاښ,زمری,وږی,تله,لړم,لیند,مرغومی,سلواغه,کب",True,['1348695171700984260__LOOKUP__1640509291733x144857403198001660'],1348695171700984260__LOOKUP__1631020295819x184524162140606400,,custom.language,4671714299,1649811694626,1697811069575,1649811693535x452588277386444800,
छैन,ne_np,हो,False,Nepali,ne_np,"आइतबार,सोमबार,मंगलबार,बुधवार,विहीवार,शुक्रबार,शनिवार,आइतबार,सोमबार,मंगलबार,बुधवार,विहीवार,शुक्रबार,शनिवार",,"जनवरी,फेब्रुअरी,मार्च,अप्रिल,मे,जुन,जुलाई,अगस्त,सेप्टेम्बर,अक्टुबर,नोभेम्बर,डिसेम्बर,जनवरी,फेब्रुअरी,मार्च,अप्रिल,मे,जुन,जुलाई,अगस्त,सेप्टेम्बर,अक्टुबर,नोभेम्बर,डिसेम्बर",True,['1348695171700984260__LOOKUP__1651155052293x765360661604355100'],1348695171700984260__LOOKUP__1646432052922x123933664355956770,,custom.language,5124015567,1652906821816,1753967003657,1652906820904x875351709478027300,
ነኖእ,ti,እወ,False,Tigrinya,ti,"ሰንበት,ሰኑይ,ሰሉስ,ሮቡዕ,ሓሙስ,ዓርቢ,ቀዳም,ሰንበት,ሰኑይ,ሰሉስ,ሮቡዕ,ሓሙስ,ዓርቢ,ቀዳም",,"ጥሪ,የካቲት,መጋቢት,ሚያዝያ,ግንቦት,ሰነ,ሓምለ,ነሓሰ,መስከረም,ጥቅምቲ,ሕዳር,ታሕሳስ,ጥሪ,የካቲት,መጋቢት,ሚያዝያ,ግንቦት,ሰነ,ሓምለ,ነሓሰ,መስከረም,ጥቅምቲ,ሕዳር,ታሕሳስ",,['1348695171700984260__LOOKUP__1610058628376x980729233784802800'],1348695171700984260__LOOKUP__1646432052922x123933664355956770,,custom.language,4671714301,1653341476626,1669392109708,1653341475912x978718578179309600,
nein,de-lu,Jawohl,False,Luxembourgish (german),de-lu,"Son,Méi,Dën,Mët,Don,Fre,Sam,Sonndes,Méindes,Dënschdes,Mëttwochs,Donneschdes,Freides,Samschdes",,"Jan,Feb,Mär,Abr,Mäi,Jun,Jul,Aug,Sep,Okt,Nov,Dez,Januar,Februar,Mäerz,Abrëll,Mäi,Juni,Juli,August,September,Oktober,November,Dezember",,['1348695171700984260__LOOKUP__1650694101985x314386791259284800'],1348695171700984260__LOOKUP__1612146807056x940080576772426800,,custom.language,4671714302,1657834135891,1664821653960,1657834135392x414745333757116400,
non,fr-lu,oui,False,fr-lu,luxembourgish (french),"Son,Méi,Dën,Mët,Don,Fre,Sam,Sonndes,Méindes,Dënschdes,Mëttwochs,Donneschdes,Freides,Samschdes",,"Jan,Feb,Mär,Abr,Mäi,Jun,Jul,Aug,Sep,Okt,Nov,Dez,Januar,Februar,Mäerz,Abrëll,Mäi,Juni,Juli,August,September,Oktober,November,Dezember",True,['1348695171700984260__LOOKUP__1650694101985x314386791259284800'],1348695171700984260__LOOKUP__1612146807056x940080576772426800,,custom.language,4671714304,1657834186675,1697810971215,1657834186168x273863967488868350,
няма,be-by,так,False,be-by,belarusian,"нд, пн, аў, ср, чц, пт, сб, нядзеля, панядзелак, аўторак, серада, чацвер, пятніца, субота",,"сту, лют, сак, кра, тра, чэр, ліп, жні, вер, кас, ліс, сне, студзень, люты, сакавік, красавік, травень, чэрвень, ліпень, жнівень, верасень, кастрычнік, лістапад, сьнежань",True,['1348695171700984260__LOOKUP__1644155713085x850102971084089100'],1348695171700984260__LOOKUP__1627841768267x955194822803943600,,custom.language,4671714305,1661526088015,1697808296512,1661526086895x700028832113492000,
இல்லை,ta_in,ஆம்,False,Tamil,ta_in,"ஞாயிறு,திங்கள்,செவ்வாய்,புதன்,வியாழன்,வெள்ளி,சனி,ஞாயிற்றுக்கிழமை,திங்கட்கிழமை,செவ்வாய்க்கிழமை,புதன்கிழமை,வியாழக்கிழமை,வெள்ளிக்கிழமை,சனிக்கிழமை",,"ஜனவரி,பிப்ரவரி,மார்ச்,ஏப்ரல்,மே,ஜூன்,ஜூலை,ஆகஸ்ட்,செப்டம்பர்,அக்டோபர்,நவம்பர்,டிசம்பர்,ஜனவரி,பிப்ரவரி,மார்ச்,ஏப்ரல்,மே,ஜூன்,ஜூலை,ஆகஸ்ட்,செப்டம்பர்,அக்டோபர்,நவம்பர்,டிசம்பர்",True,['1348695171700984260__LOOKUP__1621487981254x970101820144260200'],1348695171700984260__LOOKUP__1612146807056x940080576772426800,,custom.language,5124049045,1663097067011,1753967762982,1663097065735x558538088595849200,
no,en_CH,yes,,English (Switzerland),en_CH,"Sun,Mon,Tue,Wed,Thurs,Fri,Sat,Sunday,Monday,Tuesday,Wednesday,Thursday,Friday,Saturday",,"Jan,Feb,Mar,Apr,May,Jun,Jul,Aug,Sep,Oct,Nov,Dec,January,February,March,April,May,June,July,August,September,October,November,December",False,['1348695171700984260__LOOKUP__1588450596628x484400910316300500'],1348695171700984260__LOOKUP__1612146807056x940080576772426800,,custom.language,4671714307,1678646072322,1678646072375,1678646070874x166482110531502080,
no,en_ch,yes,,English (Switzerland),en_ch,"Sun,Mon,Tue,Wed,Thurs,Fri,Sat,Sunday,Monday,Tuesday,Wednesday,Thursday,Friday,Saturday",,"Jan,Feb,Mar,Apr,May,Jun,Jul,Aug,Sep,Oct,Nov,Dec,January,February,March,April,May,June,July,August,September,October,November,December",False,['1348695171700984260__LOOKUP__1588450596628x484400910316300500'],1348695171700984260__LOOKUP__1612146807056x940080576772426800,,custom.language,4671714308,1679323127088,1679323127138,1679323125634x544573131920244740,
č,sk_SK,Áno,,Slovak,sk_sk,"Ned,Pon,Uto,Str,Štv,Pia,Sob,Nedeľa,Pondelok,Utorok,Streda,Štvrtok,Piatok,Sobota",,"Jan,Feb,Mar,Apr,Máj,Jún,Júl,Aug,Sep,Okt,Nov,Dec,Január,Február,Marec,Apríl,Máj,Jún,Júl,August,September,Október,November,December",False,,1348695171700984260__LOOKUP__1665692305702x499761967166985300,,custom.language,4671714309,1688571409579,1688571409629,1688571408018x280112295813578750,
nahániri,gn,heẽ,,Guarani,gn,"arateĩ,arakõi,araapy,ararundy,arapo,arapoteĩ,arapokõi",,"Jasyteĩ,Jasykõi,Jasyapy,Jasyrundy,Jasypo,Jasypoteĩ,Jasypokõi,Jasypoapy,Jasyporundy,Jasypa,Jasypateĩ,Jasypakõi",False,['1348695171700984260__LOOKUP__1689126935015x678989124740588200'],1348695171700984260__LOOKUP__1638151672634x592533032993497200,,custom.language,4671714310,1690826388351,1690826388403,1690826386830x714705212580036600,
няма,be_BY,так,,Belarusian,be_by,"нд, пн, аў, ср, чц, пт, сб, нядзеля, панядзелак, аўторак, серада, чацвер, пятніца, субота",,"сту, лют, сак, кра, тра, чэр, ліп, жні, вер, кас, ліс, сне, студзень, люты, сакавік, красавік, травень, чэрвень, ліпень, жнівень, верасень, кастрычнік, лістапад, сьнежань",False,['1348695171700984260__LOOKUP__1644155713085x850102971084089100'],1348695171700984260__LOOKUP__1609557788481x488623940580603650,,custom.language,4671714311,1697808279744,1697808279751,1697808278783x692740219786494000,
ne,eo,jes,,esperanto,eo,"di, lu, ma, me, ĵa, ve, sa, dimanĉo, sabato, vendredo, ĵaŭdo, merkredo, mardo, lundo",,"jan, feb, mar, apr, maj, jun, jul, aŭg, sep, okt, nov, dec, januaro, febrauro, marto, aprilo, majo, junio, julio, aŭgusto, septembro, oktobro, novembro, decembro",False,['1348695171700984260__LOOKUP__1627870660110x282762146287865800'],1348695171700984260__LOOKUP__1609557788481x488623940580603650,,custom.language,4671714312,1697809505815,1697809505821,1697809505419x985451508269580300,
Non,fr_LU,Oui,,luxembourgish (french),fr_lu,"Son,Méi,Dën,Mët,Don,Fre,Sam,Sonndes,Méindes,Dënschdes,Mëttwochs,Donneschdes,Freides,Samschdes",,"Jan,Feb,Mär,Abr,Mäi,Jun,Jul,Aug,Sep,Okt,Nov,Dez,Januar,Februar,Mäerz,Abrëll,Mäi,Juni,Juli,August,September,Oktober,November,Dezember",False,['1348695171700984260__LOOKUP__1650694101985x314386791259284800'],1348695171700984260__LOOKUP__1609557788481x488623940580603650,,custom.language,4671714313,1697810959291,1697810959298,1697810958839x124881165126991870,
نه,ps,هو,True,"pashto, pushto",ps,"ګول,نهه,شورو,زیارت,جمعه,خیالي,اتور",,"وری,غویی,غبرګلی,چنګاښ,زمری,وږی,تله,لړم,لیند,مرغومی,سلواغه,کب",False,['1348695171700984260__LOOKUP__1640509291733x144857403198001660'],1348695171700984260__LOOKUP__1609557788481x488623940580603650,,custom.language,4671714314,1697811063794,1697811063800,1697811063404x111734438253035520,
cha,zu,yebo,,Zulu,zu,"iSonto,uMsombuluko,uLwesibili,uLwesithathu,uLwesine,uLwesihlanu,uMgqibelo,iSonto,uMsombuluko,uLwesibili,uLwesithathu,uLwesine,uLwesihlanu,uMgqibelo",,"uMasingana,uNhlolanja,uNdasa,uMbasa,uNhlaba,uNhlangulana,uNtulikazi,uNcwaba,uMandulo,uMfumfu,uLwezi,uZibandlela,uMasingana,uNhlolanja,uNdasa,uMbasa,uNhlaba,uNhlangulana,uNtulikazi,uNcwaba,uMandulo,uMfumfu,uLwezi,uZibandlela",False,['1348695171700984260__LOOKUP__1581726064433x428734311676497660'],1348695171700984260__LOOKUP__1609557788481x488623940580603650,,custom.language,4671714315,1697811680440,1697811680445,1697811679660x130799554146336770,
no,en_IE,yes,,English (Ireland),en_ie,"Sun, Mon, Tue, Wed, Thu, Fri, Sat,Sunday, Monday, Tuesday, Wednesday, Thursday, Friday, Saturday",,"Jan, Feb, Mar, Apr, May, Jun, Jul, Aug, Sep, Oct, Nov, Dec,January, February, March, April, May, June, July, August, September, October, November, December",False,['1348695171700984260__LOOKUP__1696808540646x137958648652471540'],1348695171700984260__LOOKUP__1665692305702x499761967166985300,,custom.language,4671714316,1706478245451,1706478245458,1706478244447x513059946451697660,
maya,so,haa,,Somali,so,"Isniin,Talaado,Arbaco,Khamiis,Jimco,Sabti,Axad",,"Dharabley,Cirir,Cuur,Duugato,Miicaad,Agaali,Afagaal,Naaf,Koodxin,Dirir,Gudba,Xoorrey",False,['1348695171700984260__LOOKUP__1610058628376x980729233784802800'],1348695171700984260__LOOKUP__1641222827144x362264649632673150,,custom.language,4671714317,1707671355770,1707671355776,1707671354769x579437621425471500,
نه,sd,ها,True,Sudanese,sd,"الأحد, الإثنين, الثلاثاء, الأربعاء, الخميس,الجمعة	, السبت",,"يناير,شهر فبراير, يمشي, أبريل, يمكن,يونيو,يوليو,أغسطس,سبتمبر,اكتوبر,شهر نوفمبر,ديسمبر",False,['1348695171700984260__LOOKUP__1610058628376x980729233784802800'],1348695171700984260__LOOKUP__1641222827144x362264649632673150,,custom.language,4671714318,1707671829938,1707671829953,1707671828758x541045014632333300,
ਨਹੀਂ,pa,ਹਾਂ,True,Punjabi,pa,"ਐਤ,ਸੋਮ,ਮੰਗਲ,ਬੁੱਧ,ਵੀਰ,ਸ਼ੁਕਰ,ਸ਼ਨਿ,ਐਤਵਾਰ,ਸੋਮਵਾਰ,ਮੰਗਲਵਾਰ,ਬੁੱਧਵਾਰ,ਵੀਰਵਾਰ,ਸ਼ੁਕਰਵਾਰ,ਸ਼ਨਿਵਾਰ",,"ਜਨ,ਫ਼ਰ,ਮਾਰ,ਅਪ੍ਰੈ,ਮਈ,ਜੂਨ,ਜੁਲ,ਅਗ,ਸਤ,ਅਕ,ਨਵ,ਦਸ,ਜਨਵਰੀ,ਫ਼ਰਵਰੀ,ਮਾਰਚ,ਅਪ੍ਰੈਲ,ਮਈ,ਜੂਨ,ਜੁਲਾਈ,ਅਗਸਤ,ਸਤੰਬਰ,ਅਕਤੂਬਰ,ਨਵੰਬਰ,ਦਸੰਬਰ",False,['1348695171700984260__LOOKUP__1666794300634x385918413689873000'],1348695171700984260__LOOKUP__1686334366151x531255147002969600,,custom.language,4671714319,1709058653620,1709058653625,1709058652556x507152486327910400,
жок,ky,ооба,,Kyrgyz,ky,"жк,дш,ше,ша,бш,жм,иш,Жекшемби,Дуйшомбу,Шейшемби,Шаршемби,Бейшемби,Жума,Ишемби",,"Үчтүн айы,Бирдин айы,Жалган Куран,Чын Куран,Бугу,Кулжа,Теке,Баш Оона,Аяк Оона,Тогуздун айы,Жетинин айы,Бештин айы",False,,1348695171700984260__LOOKUP__1641222827144x362264649632673150,,custom.language,4671714320,1713542494249,1713542494256,1713542493213x338701761457946600,
NEIN,de_AT,Ja,,German (Austria)	,de_at,"Son,Mon,Die,Mit,Don,Fre,Sam,Sonntag,Montag,Dienstag,Mittwoch,Donnerstag,Freitag,Samstag",,"Jan,Feb,Mär,Apr,Mai,Jun,Jul,Aug,Sep,Okt,Nov,Dez,Januar,Februar,März,April,Mai,Juni,Juli,August,September,Oktober,November,Dezember",False,['1348695171700984260__LOOKUP__1672822415696x191942964624913800'],1348695171700984260__LOOKUP__1641222827144x362264649632673150,,custom.language,4671714322,1714513694910,1714513694915,1714513693654x789514245850792000,
не,tg_TJ,бале,,Tajik,tg_tj,"як,ду,се,чо,па,чу,ша,якшанбе,душанбе,сешанбе,чоршанбе,панҷшанбе,ҷумъа,шанбе",,"ян,фе,ма,ап,май,июн,июл,ав,се,ок,но,де,январ,феврал,март,апрел,май,июн,июл,август,сентябр,октябр,ноябр,декабр",False,['1348695171700984260__LOOKUP__1717564641894x367523726034108400'],1348695171700984260__LOOKUP__1710513610244x886425907190975900,,custom.language,4671714324,1718386836309,1718386836314,1718386835357x342334077765419000,
rara,yo,beeni,,Yoruba,yo,"Ajé,Ìṣẹ́gun,Ọjọ́rú,Ọjọ́bọ̀,Ẹtì,Àbámẹ́ta,Àìkú,Ọjọ́Ajé,Ọjọ́Ìṣẹ́gun,Ọjọ́rú,Ọjọ́bọ̀,Ọjọ́ Ẹtì,Ọjọ́ Àbámẹ́ta,Ọjọ́Àìkú",,"Ṣẹ́,Èrè,Ẹrẹ̀,Ìgbé,Ẹ̀bi,Òkú,Agẹ,Ògú,Owe,Ọ̀wà,Bél,Ọ̀pẹ,Ṣẹ́rẹ́,Èrèlé,Ẹrẹ̀nà,Ìgbé,Ẹ̀bibi,Òkúdù,Agẹmo,Ògún,Owewe,Ọ̀wàrà,Bélú,Ọ̀pẹ̀",False,['1348695171700984260__LOOKUP__1673528920042x113469143473778670'],1348695171700984260__LOOKUP__1666719012826x939942896922856300,,custom.language,4671714326,1726869632953,1726869632959,1726869631868x328116816180412400,
Nee,nl_NL,Ja,,Dutch,nl_nl,"Zo,Ma,Di,Wo,Do,Vr,Za,Zondag,Maandag,Dinsdag,Woensdag,Donderdag,Vrijdag,Zaterdag",,"Jan,Feb,Maa,Apr,Mei,Jun,Jul,Aug,Sep,Okt,Nov,Dec,Januari,Februari,Maart,April,Mei,Juni,Juli,Augustus,September,Oktober,November,December",False,,1348695171700984260__LOOKUP__1716829052251x914950687192324400,,custom.language,4671714327,1729776012591,1729776012603,1729776011542x148182829186416640,
होइन,ne_NP,हो,,Nepali,ne_np,"आइतबार,सोमबार,मंगलबार,बुधवार,विहीवार,शुक्रबार,शनिवार,आइतबार,सोमबार,मंगलबार,बुधवार,विहीवार,शुक्रबार,शनिवार",,"जनवरी,फेब्रुअरी,मार्च,अप्रिल,मे,जुन,जुलाई,अगस्त,सेप्टेम्बर,अक्टुबर,नोभेम्बर,डिसेम्बर,जनवरी,फेब्रुअरी,मार्च,अप्रिल,मे,जुन,जुलाई,अगस्त,सेप्टेम्बर,अक्टुबर,नोभेम्बर,डिसेम्बर",False,['1348695171700984260__LOOKUP__1651155052293x765360661604355100'],1348695171700984260__LOOKUP__1609557788481x488623940580603650,,custom.language,5124015993,1753967013561,1753967013571,1753967011973x943131012732813300,
இல்லை,ta_IN,ஆம்,,Tamil,ta_in,"ஞாயிறு,திங்கள்,செவ்வாய்,புதன்,வியாழன்,வெள்ளி,சனி,ஞாயிற்றுக்கிழமை,திங்கட்கிழமை,செவ்வாய்க்கிழமை,புதன்கிழமை,வியாழக்கிழமை,வெள்ளிக்கிழமை,சனிக்கிழமை",,"ஜனவரி,பிப்ரவரி,மார்ச்,ஏப்ரல்,மே,ஜூன்,ஜூலை,ஆகஸ்ட்,செப்டம்பர்,அக்டோபர்,நவம்பர்,டிசம்பர்,ஜனவரி,பிப்ரவரி,மார்ச்,ஏப்ரல்,மே,ஜூன்,ஜூலை,ஆகஸ்ட்,செப்டம்பர்,அக்டோபர்,நவம்பர்,டிசம்பர்",False,['1348695171700984260__LOOKUP__1621487981254x970101820144260200'],1348695171700984260__LOOKUP__1609557788481x488623940580603650,,custom.language,5124047593,1753967742046,1753967742053,1753967741446x466784757410955260,
