code_text,plugin_text,caption_text,client_side_boolean,do_not_translate_boolean,Created By,Modified By,_type,_version,Created Date,Modified Date,_id,Slug
LOADING,CORE,Loading message,True,,1348695171700984260__LOOKUP__non_authenticated_user_meta_live,,custom.application_message,4671714330,1498512039200,1498512039200,1498512039192x370761951431632060,
DO_NOT_MATCH,CORE,When two passwords don't match,False,,1348695171700984260__LOOKUP__non_authenticated_user_meta_live,,custom.application_message,4671714331,1498512039292,1498512039292,1498512039289x331536231096833900,
UPDATE_CREDENTIAL_SUCCESS,CORE,When the user's credentials are successfully updated,True,,1348695171700984260__LOOKUP__non_authenticated_user_meta_live,,custom.application_message,4671714333,1498512039380,1498512039380,1498512039377x603769219713285500,
NEED_TO_BE_LOGGED_IN,CORE,When the user should be logged in to modify her crendentials,False,,1348695171700984260__LOOKUP__non_authenticated_user_meta_live,,custom.application_message,4671714334,1498512039461,1498512039461,1498512039459x168369476683437820,
NOT_VALID_EMAIL,CORE,When the email isn't valid,False,,1348695171700984260__LOOKUP__non_authenticated_user_meta_live,,custom.application_message,4671714335,1498512039575,1498512039575,1498512039573x499413654441013950,
NO_EMAIL,CORE,When the email is missing,False,,1348695171700984260__LOOKUP__non_authenticated_user_meta_live,,custom.application_message,4671714336,1498512039668,1498512039668,1498512039666x307965366402640960,
NO_PASSWORD,CORE,When the password is missing,False,,1348695171700984260__LOOKUP__non_authenticated_user_meta_live,,custom.application_message,4671714337,1498512039754,1498512039754,1498512039752x651119705289602200,
NO_SUCH_USER,CORE,When the user can't be found,False,,1348695171700984260__LOOKUP__non_authenticated_user_meta_live,,custom.application_message,4671714338,1498512039843,1498512039843,1498512039840x658786879852414100,
WRONG_PASSWORD,CORE,When the password is incorrect,False,,1348695171700984260__LOOKUP__non_authenticated_user_meta_live,,custom.application_message,4671714339,1498512040513,1498512040513,1498512039921x185614749323576700,
PASSWORD_INVALID,CORE,When the password doesn't meet the password policy,False,,1348695171700984260__LOOKUP__non_authenticated_user_meta_live,,custom.application_message,4671714341,1498512041194,1498512041194,1498512041192x838203176623210400,
USED_EMAIL,CORE,When the email is already used,False,,1348695171700984260__LOOKUP__non_authenticated_user_meta_live,,custom.application_message,4671714342,1498512041283,1498512041283,1498512041281x936776901362463900,
NO_USER_TEMP_PW,CORE,When no user to set a temporary password to,False,,1348695171700984260__LOOKUP__non_authenticated_user_meta_live,,custom.application_message,4671714343,1498512041365,1498512041365,1498512041363x591843800153583200,
CONF_EMAIL_SUBJECT,CORE,Email confirmation subject,False,,1348695171700984260__LOOKUP__non_authenticated_user_meta_live,,custom.application_message,4671714344,1498512041449,1498512041449,1498512041447x561168665066361400,
CONF_EMAIL_BODY,CORE,Email confirmation body,False,,1348695171700984260__LOOKUP__non_authenticated_user_meta_live,,custom.application_message,4671714346,1498512041532,1498512041532,1498512041530x355444789631292200,
ISSUE_CONF_EMAIL,CORE,When there is an issue confirming an email,False,,1348695171700984260__LOOKUP__non_authenticated_user_meta_live,,custom.application_message,4671714433,1498512041634,1526321168143,1498512041632x700371723156422400,
ENTER_OLD_PW,CORE,When prompting the user to enter her old password,False,,1348695171700984260__LOOKUP__non_authenticated_user_meta_live,,custom.application_message,4671714348,1498512041718,1498512041718,1498512041716x244282370898872600,
WRONG_OLD_PW,CORE,When the former password isn't correct,False,,1348695171700984260__LOOKUP__non_authenticated_user_meta_live,,custom.application_message,4671714349,1498512041810,1498512041810,1498512041808x813627527095377400,
NEED_NEW_PW,CORE,When prompting the user to enter a new password,False,,1348695171700984260__LOOKUP__non_authenticated_user_meta_live,,custom.application_message,4671714350,1498512041890,1498512041890,1498512041888x100649548461660740,
WRONG_PASSWORD_RESET,CORE,When the password link is corrupted,False,,1348695171700984260__LOOKUP__non_authenticated_user_meta_live,,custom.application_message,4671714351,1498512042578,1498512042578,1498512042576x979134960798546700,
MISSING_INFO,CORE,When some information is missing to execute an action,True,,1348695171700984260__LOOKUP__non_authenticated_user_meta_live,,custom.application_message,4671714352,1498512042668,1498512042668,1498512042662x840460250619798900,
SELECT_FILE,CORE,When the user didn't provide a file to upload,False,,1348695171700984260__LOOKUP__non_authenticated_user_meta_live,,custom.application_message,4671714353,1498512042757,1498512042757,1498512042755x256156723946332930,
PRIVATE_FILE,CORE,"When user uploads a private file, without an object attached to it",True,,1348695171700984260__LOOKUP__non_authenticated_user_meta_live,,custom.application_message,4671714460,1498512042863,1661969720855,1498512042860x108104479964822530,
OAUTH_ISSUE,CORE,When there is an issue with Oauth login,True,,1348695171700984260__LOOKUP__non_authenticated_user_meta_live,,custom.application_message,4671714355,1498512042952,1498512042952,1498512042949x201351705938577660,
TRY_AGAIN,CORE,When the user should try again,True,,1348695171700984260__LOOKUP__non_authenticated_user_meta_live,,custom.application_message,4671714356,1498512043041,1498512043041,1498512043039x941678265575319600,
TEMPORARY_BUG,CORE,When a temporary bug happens,True,,1348695171700984260__LOOKUP__non_authenticated_user_meta_live,,custom.application_message,4671714357,1498512043125,1498512043125,1498512043123x180250204168260100,
BAD_REVISION,CORE,When the app has been updated and the user should refresh,True,,1348695171700984260__LOOKUP__non_authenticated_user_meta_live,,custom.application_message,4671714358,1498512043213,1498512043213,1498512043211x547755988081917200,
BAD_REVISION_PHONE,CORE,When the app has been updated and the user should refresh (phone),True,,1348695171700984260__LOOKUP__non_authenticated_user_meta_live,,custom.application_message,4671714359,1498512043316,1498512043316,1498512043313x187200730666518200,
STILL_CHANGING,CORE,When the page changes before all changes are saved,True,,1348695171700984260__LOOKUP__non_authenticated_user_meta_live,,custom.application_message,4671714360,1498512044001,1498512044001,1498512043999x364758615149185100,
NO_PERMISSION,CORE,When the user does not have the permission to modify or see some data,False,,1348695171700984260__LOOKUP__non_authenticated_user_meta_live,,custom.application_message,4671714361,1498512044099,1498512044099,1498512044097x371658527292311200,
FILE_TOO_LARGE,CORE,When the user tries to upload a file that is too large,True,,1348695171700984260__LOOKUP__non_authenticated_user_meta_live,,custom.application_message,4671714362,1498512044191,1498512044191,1498512044189x214866343652829540,
EXPIRED_SESSION,CORE,When the session of the current user has expired,False,,1348695171700984260__LOOKUP__non_authenticated_user_meta_live,,custom.application_message,4671714364,1498512044277,1498512044277,1498512044275x934828001772984800,
MISSING_SUBJECT,CORE,When the user tries send an email without a subject line,False,,1348695171700984260__LOOKUP__non_authenticated_user_meta_live,,custom.application_message,4671714365,1498512044365,1498512044365,1498512044363x946572255576029400,
MISSING_TO,CORE,"When the user tries to send an email without a ""to"" email address (mandatory when using Sendgrid)",False,,1348695171700984260__LOOKUP__non_authenticated_user_meta_live,,custom.application_message,4671714366,1498512044461,1498512044461,1498512044459x967382633127272200,
LIST_TOO_LONG,CORE,When a list-related action is handling a list that is too long,False,,1348695171700984260__LOOKUP__non_authenticated_user_meta_live,,custom.application_message,4671714367,1498512044555,1498512044555,1498512044553x267561229877173900,
SUCCESS_CARD,stripe,When a card is successfully charged,True,,1348695171700984260__LOOKUP__non_authenticated_user_meta_live,,custom.application_message,4671714368,1498512044649,1498512044649,1498512044646x791457806713879200,
SUCCESS_AUTHORIZED_CARD,stripe,When a card is successfully authorized but not charged,True,,1348695171700984260__LOOKUP__non_authenticated_user_meta_live,,custom.application_message,4671714369,1498512044740,1498512044740,1498512044737x459151856834068860,
INVALID_AMOUNT,stripe,When the amount is invalid,True,,1348695171700984260__LOOKUP__non_authenticated_user_meta_live,,custom.application_message,4671714371,1498512044930,1498512044930,1498512044928x553524487651884540,
NO_PAYEE,stripe,When trying to pay a missing third person,True,,1348695171700984260__LOOKUP__non_authenticated_user_meta_live,,custom.application_message,4671714372,1498512045694,1498512045694,1498512045692x340489924652501950,
NO_EMAIL,stripe,When no email is provided,False,,1348695171700984260__LOOKUP__non_authenticated_user_meta_live,,custom.application_message,4671714374,1498512045790,1498512045790,1498512045788x925741704646497900,
NEED_LOGIN,stripe,When the user is logged out and tries to perform a transaction,False,,1348695171700984260__LOOKUP__non_authenticated_user_meta_live,,custom.application_message,4671714375,1498512045885,1498512045885,1498512045883x862841776572168000,
NEED_LOGIN_FOR_PLAN,stripe,When the user is logged out and tries to sign up for a plan,False,,1348695171700984260__LOOKUP__non_authenticated_user_meta_live,,custom.application_message,4671714377,1498512045981,1498512045981,1498512045979x621766079450026100,
NEED_LOGIN_FOR_CANCEL_PLAN,stripe,When the user is logged out and tries to cancel a plan,False,,1348695171700984260__LOOKUP__non_authenticated_user_meta_live,,custom.application_message,4671714378,1498512046078,1498512046078,1498512046076x438879610970616300,
NEED_LOGIN_TO_SELL,stripe,When the user is logged out and tries to register as a seller,True,,1348695171700984260__LOOKUP__non_authenticated_user_meta_live,,custom.application_message,4671714379,1498512046188,1498512046188,1498512046186x252822069451212900,
CANT_REGISTER_SELLER,stripe,When an issue happens when registering as a seller,True,,1348695171700984260__LOOKUP__non_authenticated_user_meta_live,,custom.application_message,4671714380,1498512046296,1498512046296,1498512046291x638120491756126300,
SUCCESS_SAVE_CC,stripe,When a card is successfully saved,True,,1348695171700984260__LOOKUP__non_authenticated_user_meta_live,,custom.application_message,4671714381,1498512046393,1498512046393,1498512046390x209166994784027330,
SUCCESS_UPDATE_SUBSCRIPTION,stripe,When a subscription is successfully updated,True,,1348695171700984260__LOOKUP__non_authenticated_user_meta_live,,custom.application_message,4671714382,1498512046497,1498512046497,1498512046494x880559457931667600,
SUCCESS_SUBSCRIPTION,stripe,When a subscription is successfully created and the card charged,True,,1348695171700984260__LOOKUP__non_authenticated_user_meta_live,,custom.application_message,4671714383,1498512047390,1498512047390,1498512047388x921811094740405600,
CANCEL_SUBSCRIPTION,stripe,When a subscription is successfully canceled,True,,1348695171700984260__LOOKUP__non_authenticated_user_meta_live,,custom.application_message,4671714384,1498512047481,1498512047481,1498512047479x235575898550450800,
ISSUE,stripe,When Stripe had an issue with the card,True,,1348695171700984260__LOOKUP__non_authenticated_user_meta_live,,custom.application_message,4671714385,1498512047575,1498512047575,1498512047573x270053604850545540,
SERVER_ISSUE,stripe,When the server had an issue connecting with Stripe,False,,1348695171700984260__LOOKUP__non_authenticated_user_meta_live,,custom.application_message,4671714386,1498512047671,1498512047671,1498512047669x509073242312297200,
NO_SUBSCRIPTION_ORDER,stripe,When no subscription info can be found,False,,1348695171700984260__LOOKUP__non_authenticated_user_meta_live,,custom.application_message,4671714387,1498512047768,1498512047768,1498512047766x505014097550883900,
NO_CARD_INFO,stripe,When the user didn't provide his card,False,,1348695171700984260__LOOKUP__non_authenticated_user_meta_live,,custom.application_message,4671714388,1498512047874,1498512047874,1498512047872x661050650291144800,
ORDER_ALREADY_CHARGED,stripe,When the order has already been charged,False,,1348695171700984260__LOOKUP__non_authenticated_user_meta_live,,custom.application_message,4671714389,1498512048002,1498512048002,1498512048000x101840944960713390,
SELLER_CANT_GET_PAYMENT,stripe,When the seller cannot accept payments,False,,1348695171700984260__LOOKUP__non_authenticated_user_meta_live,,custom.application_message,4671714390,1498512048123,1498512048123,1498512048118x774449458345770900,
WARN_SELLER,stripe,When the seller didn't register as a seller with Stripe,False,,1348695171700984260__LOOKUP__non_authenticated_user_meta_live,,custom.application_message,4671714391,1498512048244,1498512048244,1498512048241x726621247828006800,
APPLIED_COUPON,stripe,When a coupon is applied successfully to a subscription,True,,1348695171700984260__LOOKUP__non_authenticated_user_meta_live,,custom.application_message,4671714392,1498512049635,1498512049635,1498512049632x317914870101958520,
NEED_LOGIN_FOR_COUPON,stripe,When the user isn't logged in and tries to apply a coupon,False,,1348695171700984260__LOOKUP__non_authenticated_user_meta_live,,custom.application_message,4671714393,1498512049747,1498512049747,1498512049745x875592148862779100,
NOT_SUBSCRIBED_USER,stripe,"When the user isn't subscribed, and is trying to apply a coupon",False,,1348695171700984260__LOOKUP__non_authenticated_user_meta_live,,custom.application_message,4671714394,1498512049847,1498512049847,1498512049845x809736559167504300,
NO_KEY,mailchimp,When the MailChimp key is missing,True,,1348695171700984260__LOOKUP__non_authenticated_user_meta_live,,custom.application_message,4671714395,1498512049942,1498512049942,1498512049940x301124299876391880,
ALREADY_SUBSCRIBED,mailchimp,When an email address is already subscribed to a list,True,,1348695171700984260__LOOKUP__non_authenticated_user_meta_live,,custom.application_message,4671714396,1498512050041,1498512050041,1498512050038x646397293778136300,
SUCCESS_CARD,braintree,When a card is successfully charged,True,,1348695171700984260__LOOKUP__non_authenticated_user_meta_live,,custom.application_message,4671714397,1498512050145,1498512050145,1498512050143x512461773818358800,
INVALID_AMOUNT,braintree,When the amount is invalid,True,,1348695171700984260__LOOKUP__non_authenticated_user_meta_live,,custom.application_message,4671714398,1498512050249,1498512050249,1498512050247x909696612041443600,
NO_EMAIL,braintree,When no email is provided,False,,1348695171700984260__LOOKUP__non_authenticated_user_meta_live,,custom.application_message,4671714399,1498512050346,1498512050346,1498512050344x572366631124168640,
ISSUE,braintree,When Braintree had an issue with the card,False,,1348695171700984260__LOOKUP__non_authenticated_user_meta_live,,custom.application_message,4671714400,1498512050450,1498512050450,1498512050447x219509961316362020,
ORDER_ALREADY_CHARGED,braintree,When the order has already been charged,False,,1348695171700984260__LOOKUP__non_authenticated_user_meta_live,,custom.application_message,4671714401,1498512050552,1498512050552,1498512050549x271662431769073000,
NEED_LOGIN_FOR_PLAN,braintree,When the user is logged out and tries to sign up for a plan,False,,1348695171700984260__LOOKUP__non_authenticated_user_meta_live,,custom.application_message,4671714403,1498512051337,1498512051337,1498512050651x585397873772308200,
NEED_LOGIN_FOR_CANCEL_PLAN,braintree,When the user is logged out and tries to cancel a plan,False,,1348695171700984260__LOOKUP__non_authenticated_user_meta_live,,custom.application_message,4671714404,1498512051441,1498512051441,1498512051439x491301388246938560,
SUCCESS_SUBSCRIPTION,braintree,When a subscription is successfully created and the card charged,True,,1348695171700984260__LOOKUP__non_authenticated_user_meta_live,,custom.application_message,4671714405,1498512051543,1498512051543,1498512051541x780870155664160900,
CANCEL_SUBSCRIPTION,braintree,When a subscription is successfully canceled,True,,1348695171700984260__LOOKUP__non_authenticated_user_meta_live,,custom.application_message,4671714406,1498512051653,1498512051653,1498512051651x592568487627431800,
NO_SUBSCRIPTION_ORDER,braintree,When no subscription info can be found,False,,1348695171700984260__LOOKUP__non_authenticated_user_meta_live,,custom.application_message,4671714407,1498512051761,1498512051761,1498512051759x461790480185300100,
AUDIO_NOT_SUPPORTED,recorderjs,When the browser does not support Audio API,True,,1348695171700984260__LOOKUP__non_authenticated_user_meta_live,,custom.application_message,4671714408,1498512051865,1498512051865,1498512051862x208784791175276040,
BUTTONTEXT_MONTH,fullcalendar,Month,True,,1348695171700984260__LOOKUP__non_authenticated_user_meta_live,,custom.application_message,4671714410,1499870157265,1499870157265,1499870156448x897991610690951300,
BUTTONTEXT_WEEK,fullcalendar,Week,True,,1348695171700984260__LOOKUP__non_authenticated_user_meta_live,,custom.application_message,4671714411,1499870157272,1499870157272,1499870157268x163066213950514780,
BUTTONTEXT_DAY,fullcalendar,Day,True,,1348695171700984260__LOOKUP__non_authenticated_user_meta_live,,custom.application_message,4671714412,1499870157276,1499870157276,1499870157273x899933650856837600,
BUTTONTEXT_TODAY,fullcalendar,Today,True,,1348695171700984260__LOOKUP__non_authenticated_user_meta_live,,custom.application_message,4671714413,1499870157279,1499870157279,1499870157276x710446176584810000,
BUTTONTEXT_LIST,fullcalendar,My List,True,,1348695171700984260__LOOKUP__non_authenticated_user_meta_live,,custom.application_message,4671714414,1499870157284,1499870157284,1499870157280x940141530008986600,
ALLDAYTEXT,fullcalendar,All day,True,,1348695171700984260__LOOKUP__non_authenticated_user_meta_live,,custom.application_message,4671714415,1499870157287,1499870157287,1499870157284x661438435316085800,
TIMEFORMAT,fullcalendar,"{""agenda"":""H:mm{ - H:mm}"","""":""H(:mm)""}",True,True,1348695171700984260__LOOKUP__non_authenticated_user_meta_live,,custom.application_message,4671714422,1499870157290,1499870157290,1499870157288x202763364650309100,
TITLEFORMAT_DAY,fullcalendar,"dddd d MMMM, yyyy",True,True,1348695171700984260__LOOKUP__non_authenticated_user_meta_live,,custom.application_message,4671714421,1499870157293,1499870157293,1499870157291x721991010475903700,
TITLEFORMAT_WEEK,fullcalendar,d. [MMM] [ yyyy]{ '&#8212;'d. MMM yyyy},True,True,1348695171700984260__LOOKUP__non_authenticated_user_meta_live,,custom.application_message,4671714420,1499870157296,1499870157296,1499870157294x758845611708238700,
TITLEFORMAT_MONTH,fullcalendar,MMMM yyyy,True,True,1348695171700984260__LOOKUP__non_authenticated_user_meta_live,,custom.application_message,4671714419,1499870157300,1499870157300,1499870157297x146520314970985060,
AXISFORMAT,fullcalendar,H:mm,True,True,1348695171700984260__LOOKUP__non_authenticated_user_meta_live,,custom.application_message,4671714418,1499870157304,1499870157304,1499870157301x186271816957741980,
COLUMNFORMAT_WEEK,fullcalendar,ddd d/MM,True,True,1348695171700984260__LOOKUP__non_authenticated_user_meta_live,,custom.application_message,4671714417,1499870157307,1499870157307,1499870157305x584110205760225700,
COLUMNFORMAT_DAY,fullcalendar,yyyy ddd,True,True,1348695171700984260__LOOKUP__non_authenticated_user_meta_live,,custom.application_message,4671714423,1499870157314,1499870157314,1499870157308x751215598778799200,
UPDATE_SUBSCRIPTION_CAPTION,stripe,Caption when updating a subscription in Stripe Checkout,True,,1348695171700984260__LOOKUP__1339510945575x284965680912137020,,custom.application_message,4671714424,1500912135751,1500912135757,1500912135095x825149094227083300,
BAD_TASK_ID,CORE,When a workflow tries to cancel a task with an invalid id,False,,1348695171700984260__LOOKUP__1337881214582x927109055221080800,,custom.application_message,4671714416,1509651507551,1509651507557,1509651505113x611726957775159300,
BAD_CSV,CORE,When a user uploads a CSV file we cannot parse,False,,1348695171700984260__LOOKUP__1337881214582x927109055221080800,,custom.application_message,4671714425,1515786293517,1515786293564,1515786292865x758750018983428100,
INVALID LATLNG,CORE,Invalid Latitude Longitude,False,,1348695171700984260__LOOKUP__1496693741919x118182177888229490,,custom.application_message,4671714428,1517609415263,1527512075154,1517609414599x708625721971966000,
WRONG_2FA_TOKEN,CORE,When a two-factor authentication token expired,False,,1348695171700984260__LOOKUP__1339510945575x284965680912137020,,custom.application_message,4671714426,1521155204030,1521155204079,1521155203790x321551771866497000,
WRONG_2FA_TOKEN1,CORE,Message when the user enters an invalid 2fa code,False,,1348695171700984260__LOOKUP__1337881214582x927109055221080800,,custom.application_message,4671714427,1521565285307,1521565285358,1521565285236x210831238585909250,
CONF_EMAIL_LINK,CORE,Confirmation Link,True,,1348695171700984260__LOOKUP__1339510945575x284965680912137020,,custom.application_message,4671714446,1526071406858,1589925690257,1526071406751x541152480455819260,
REMOVE_FILE,multifileupload,Remove file,True,,1348695171700984260__LOOKUP__1339510945575x284965680912137020,,custom.application_message,4671714434,1526954633566,1526954633621,1526954633479x325622290074304500,
CANCEL_UPLOAD,multifileupload,Cancel upload,True,,1348695171700984260__LOOKUP__1339510945575x284965680912137020,,custom.application_message,4671714347,1527498983817,1527498983868,1527498983639x794214355550863400,
RESET_PW_LINK,CORE,Reset here,False,,1348695171700984260__LOOKUP__1339510945575x284965680912137020,,custom.application_message,4671714429,1528043648148,1528043648199,1528043649694x726113044596785200,
2FA_TEMP,CORE,When we have a temporary error validating 2fa,False,,1348695171700984260__LOOKUP__1337881214582x927109055221080800,,custom.application_message,4671714432,1539300205821,1539300205871,1539300205732x163866865432526850,
REMOVE_ALL_ITEMS,select2,Remove all items,True,,1348695171700984260__LOOKUP__1550783286644x200849500962604580,,custom.application_message,4671714435,1562800794463,1562800794508,1562800794238x182589780705673200,
SEARCHING,select2,Searching,True,,1348695171700984260__LOOKUP__1550783286644x200849500962604580,,custom.application_message,4671714436,1562800837061,1562800837108,1562800836859x718172521533014000,
NO_RESULTS,select2,No results found,True,,1348695171700984260__LOOKUP__1550783286644x200849500962604580,,custom.application_message,4671714437,1562800873694,1562800873740,1562800873635x227803568092217340,
MAXIMUM_SELECTED,select2,Maximum items selected,True,,1348695171700984260__LOOKUP__1550783286644x200849500962604580,,custom.application_message,4671714438,1562800911894,1562800911939,1562800911838x628177754266533900,
LOADING_MORE,select2,Loading more results,True,,1348695171700984260__LOOKUP__1550783286644x200849500962604580,,custom.application_message,4671714439,1562800940923,1562800940967,1562800940859x830402192956457000,
INPUT_TOO_SHORT,select2,Input too short,True,,1348695171700984260__LOOKUP__1550783286644x200849500962604580,,custom.application_message,4671714440,1562800967626,1562800967671,1562800967421x928460153559973900,
INPUT_TOO_LONG,select2,Input too long,True,,1348695171700984260__LOOKUP__1550783286644x200849500962604580,,custom.application_message,4671714441,1562800990842,1562800990887,1562800990597x847847427780116500,
ERROR_LOADING,select2,Error loading results,True,,1348695171700984260__LOOKUP__1550783286644x200849500962604580,,custom.application_message,4671714442,1562801017403,1562801017447,1562801017199x755533651105546200,
BAD_CONNECTION,CORE,When the connectivity is poor,True,,1348695171700984260__LOOKUP__1546401363642x910652941869360500,,custom.application_message,4671714370,1573862515076,1573862515124,1573862514967x768920621981368300,
COOKIE_CONSENT_MESSAGE,cookieconsent,Inform a user that we use cookies,True,,1348695171700984260__LOOKUP__1536947001907x781217423267662500,,custom.application_message,4671714448,1574297553136,1574297553184,1574297553034x397981763002433540,
COOKIE_CONSENT_DISMISS,cookieconsent,A user acknowledges that we use cookies,True,,1348695171700984260__LOOKUP__1536947001907x781217423267662500,,custom.application_message,4671714449,1574297614327,1574297614372,1574297614220x743138364545826800,
COOKIE_CONSENT_LEARN_MORE,cookieconsent,A user requests for information about cookie usage,True,,1348695171700984260__LOOKUP__1536947001907x781217423267662500,,custom.application_message,4671714450,1574297677987,1574297678032,1574297677886x922462471307919400,
SUBSCRIBE_ACTION_CAPTION,stripe,Subscribe button on Stripe Checkout,True,,1348695171700984260__LOOKUP__1339510945575x284965680912137020,,custom.application_message,4671714443,1582070311252,1582070311296,1582070311165x548009891552821250,
DB_LIMIT_REACHED,CORE,When the application's DB Limit is reached,False,,1348695171700984260__LOOKUP__1606820727696x618298936113064600,,custom.application_message,4671714431,1613744992520,1613744992565,1613744991638x649445687150510100,
BUTTONTEXT_MORE,fullcalendar,Button to reveal more events,True,,1348695171700984260__LOOKUP__1584733641094x811222267444827000,,custom.application_message,4671714445,1616516695446,1616516695490,1616516694396x967575555331588100,
INVALID_LOGIN_CREDENTIALS,CORE,We didn’t find an account with those login credentials,False,,1348695171700984260__LOOKUP__1594392000293x643076031949884300,,custom.application_message,4671714456,1620939118353,1620939118410,1620939117305x782820461084934100,
APP_LIMIT_REACHED,CORE,When the app breached its usage limit,True,,1348695171700984260__LOOKUP__1609557753596x537348528355389200,,custom.application_message,4671714447,1643899471851,1643899471895,1643899471029x727264884843348000,
MARK_UNCOLLECTIBLE_SUCCESS,stripe,Invoice marked as uncollectible,False,,1348695171700984260__LOOKUP__1580984624068x746517628435999100,,custom.application_message,4671714451,1652217692267,1652217692312,1652217691370x467505746490163200,
NEED_LOGIN_TO_UPDATE_CURRENT_USER,stripe,When the user is logged out and tries to update the current user's info,True,,1348695171700984260__LOOKUP__1609557753596x537348528355389200,,custom.application_message,4671714452,1652361853458,1652361853511,1652361852142x309602094200389600,
VOID_INVOICE_SUCCESS,stripe,Invoice was voided,False,,1348695171700984260__LOOKUP__1580984624068x746517628435999100,,custom.application_message,4671714453,1652376290631,1652376290680,1652376290126x182525080979111940,
NO_CARD_INFO,,,False,,1348695171700984260__LOOKUP__1609557753596x537348528355389200,,custom.application_message,4671714455,1655401345788,1655401345832,1655401344935x304153467276492800,
,,,False,,1348695171700984260__LOOKUP__1609557753596x537348528355389200,,custom.application_message,4671714457,1655401357550,1655401357593,1655401357440x237776190739578880,
NO_CARD_INFO,,,False,,1348695171700984260__LOOKUP__1609557753596x537348528355389200,,custom.application_message,4671714458,1655401375190,1655401375233,1655401375046x356648953611288600,
STRIPE.NO_CARD_INFO,,,False,,1348695171700984260__LOOKUP__1609557753596x537348528355389200,,custom.application_message,4671714459,1655918246248,1655918246295,1655918245309x446322167452794900,
NAVIGATION_CONFIRMATION,navgiationconfirmationtest,When the user attempts to navigate while workflows are running,True,,1348695171700984260__LOOKUP__1660758044637x461338539984299800,,custom.application_message,4671714466,1689795524080,1689795524131,1689795523833x925754400090619900,
CAMERA_HEADER,MOBILE,Alert title on camera permissions re-request,True,,1348695171700984260__LOOKUP__1692987817016x122286746926061120,,custom.application_message,4671714354,1734639159566,1734639159567,1734639158378x959660181579628500,
CAMERA_BODY,MOBILE,Alert message on camera permissions re-request,True,,1348695171700984260__LOOKUP__1692987817016x122286746926061120,,custom.application_message,4671714463,1734639178406,1734639178407,1734639178242x992166665029156900,
CAMERA_ACK,MOBILE,Action button label on alert modal,True,,1348695171700984260__LOOKUP__1692987817016x122286746926061120,,custom.application_message,4671714464,1734639192883,1734639192883,1734639192700x758473044078100500,
PHOTO_LIB_HEADER,MOBILE,Alert title on photo library permissions re-request,True,,1348695171700984260__LOOKUP__1692987817016x122286746926061120,,custom.application_message,4671714465,1734639211295,1734639211295,1734639210955x651953915425718300,
PHOTO_LIB_BODY,MOBILE,Alert message on photo library permissions re-request,True,,1348695171700984260__LOOKUP__1692987817016x122286746926061120,,custom.application_message,4671714467,1734639230380,1734639230380,1734639230212x769350284754550800,
PHOTO_LIB_ACK,MOBILE,Action button label on alert modal,True,,1348695171700984260__LOOKUP__1692987817016x122286746926061120,,custom.application_message,4671714468,1734639244821,1734639244821,1734639244633x764073100921798700,
FIRST_CAMERA,MOBILE,"Camera permissions alert message, specific to your app use case",True,,1348695171700984260__LOOKUP__1692987817016x122286746926061120,,custom.application_message,4671714469,1734639266176,1734639266176,1734639266015x149708641961246720,
FIRST_PHOTO_LIB,MOBILE,"Photo library permissions alert message, specific to your app use case",True,,1348695171700984260__LOOKUP__1692987817016x122286746926061120,,custom.application_message,4671714470,1734639292999,1734639292999,1734639292840x368190683696594940,
FIRST_MICROPHONE,MOBILE,"Microphone access alert message, required for camera access",True,,1348695171700984260__LOOKUP__1692987817016x122286746926061120,,custom.application_message,4671714471,1734639315670,1734639315670,1734639315498x399510065344413700,
LOCATION_HEADER,MOBILE,Alert title on location permissions re-request,True,,1348695171700984260__LOOKUP__1692987817016x122286746926061120,,custom.application_message,4671714472,1738796679296,1738796679296,1738796678351x556829750135357440,
LOCATION_BODY,MOBILE,Alert message on location permissions re-request,True,,1348695171700984260__LOOKUP__1692987817016x122286746926061120,,custom.application_message,4671714473,1738796752078,1738796752079,1738796751637x807689959870300200,
LOCATION_ACK,MOBILE,Action button label on alert modal,True,,1348695171700984260__LOOKUP__1692987817016x122286746926061120,,custom.application_message,4671714475,1738796781921,1738796781922,1738796781646x156520928033898500,
FIRST_LOCATION_FOREGROUND,MOBILE,"Location permissions alert message, specific to your app use case",True,,1348695171700984260__LOOKUP__1692987817016x122286746926061120,,custom.application_message,4671714476,1738796885843,1738796885843,1738796885381x978684188227797000,
LOCATION_CANCEL,MOBILE,Cancel button label on alert modal,True,,1348695171700984260__LOOKUP__1692987817016x122286746926061120,,custom.application_message,4671714477,1738797670798,1738797670799,1738797670503x357851479185031200,
