name_text,title_text,image_image,order_number,location_text,Created By,Modified By,_type,_version,Created Date,Modified Date,_id,Slug
Gregory John,Founder,//meta-q.cdn.bubble.io/f1722978072519x407463264371441100/gregory.png,5,Buildcamp,1348695171700984260__LOOKUP__admin_user_meta_test,,custom.bubblecon_speaker,4289111422,1722464604429,1722978073900,1722464604429x832001230465657000,
Michael Ong,"Software & Product Technologist, Strategist & No-Code Expert",//meta-q.cdn.bubble.io/f1722978063842x773738335737037000/michael.png,10,,1348695171700984260__LOOKUP__admin_user_meta_test,,custom.bubblecon_speaker,4289111424,1722464640465,1725392918012,1722464640465x715946902950515000,
Victor Nihoul,Co-founder ,//meta-q.cdn.bubble.io/f1722978054457x945525776503791900/victor.png,7,Flusk,1348695171700984260__LOOKUP__admin_user_meta_test,,custom.bubblecon_speaker,4289111425,1722464678739,1722978056362,1722464678739x566731746670109200,
Wesley Wasielewski,Co-founder,//meta-q.cdn.bubble.io/f1722978046875x209639491078818620/wesley.png,8,Flusk,1348695171700984260__LOOKUP__admin_user_meta_test,,custom.bubblecon_speaker,4289111426,1722464703853,1722978048329,1722464703853x609972270343158500,
Becky Mak,"Sr. Manager, Product Marketing",//meta-q.cdn.bubble.io/f1722978038824x456685638890806900/becky.png,4,Bubble,1348695171700984260__LOOKUP__admin_user_meta_test,,custom.bubblecon_speaker,4289111427,1722464734334,1722978040770,1722464734334x383846659000976830,
Emmanuel Straschnov,Co-Founder & Co-CEO,//meta-q.cdn.bubble.io/f1722978030192x988900892241449100/emmanuel.png,1,Bubble,1348695171700984260__LOOKUP__admin_user_meta_test,,custom.bubblecon_speaker,4289111428,1722464759198,1722978032112,1722464759197x513008089751138400,
Josh Haas,Co-Founder & Co-CEO,//meta-q.cdn.bubble.io/f1722978022019x149726130010033660/josh.png,2,Bubble,1348695171700984260__LOOKUP__admin_user_meta_test,,custom.bubblecon_speaker,4289111429,1722464778833,1722978023536,1722464778832x539597081111389500,
Missy Kelley,"Director, Product Design",//meta-q.cdn.bubble.io/f1722978014013x388025282090972700/missy.png,3,Bubble,1348695171700984260__LOOKUP__admin_user_meta_test,,custom.bubblecon_speaker,4289111430,1722464809798,1722978015741,1722464809798x967807306118962700,
Shalicia Harris,Founder & CEO,//meta-q.cdn.bubble.io/f1724785419713x454351085101853900/Shalicia%20Harris.png,6,InCharge,1348695171700984260__LOOKUP__admin_user_meta_test,,custom.bubblecon_speaker,4289111432,1724434554810,1725392806528,1724434554810x973278578061821400,
Carly Rosenkranz,"Director of Product Marketing, Content, & Education Bubble",//meta-q.cdn.bubble.io/f1724434622573x460119256725592260/Carly%20Rosenkranz.png,9,,1348695171700984260__LOOKUP__admin_user_meta_test,,custom.bubblecon_speaker,4289111433,1724434642098,1725392869075,1724434642098x224258318543355780,
Nichole Bestman,Director of Founder Inclusion,//meta-q.cdn.bubble.io/f1724434859978x860522441460413300/Nichole%20Bestman.png,11,Bubble,1348695171700984260__LOOKUP__admin_user_meta_test,,custom.bubblecon_speaker,4289111434,1724434869838,1725392935636,1724434869838x439691839721791500,
Abdul Ramirez,Founder & CEO,//meta-q.cdn.bubble.io/f1724785410407x394534600635850750/Abdul%20Ramirez.png,12,Brokerloop,1348695171700984260__LOOKUP__admin_user_meta_test,,custom.bubblecon_speaker,4289111435,1724434917604,1725392953991,1724434917603x756081256466595500,
