url_text,name_text,year_number,Created By,Modified By,_type,_version,Created Date,Modified Date,_id,Slug
http://fidah.org/,Fida Hussain,2016,1348695171700984260__LOOKUP__1339510945575x284965680912137020,,custom.security_acknowledgement,36619441,1519730092952,1519730092960,1519730092300x433202894862024700,
http://jasontokoph.com/,Jason Tokoph,2016,1348695171700984260__LOOKUP__1339510945575x284965680912137020,,custom.security_acknowledgement,36619457,1519730107362,1519730107415,1519730106722x667576715880431600,
http://barani.me/,Sam Barani,2017,1348695171700984260__LOOKUP__1339510945575x284965680912137020,,custom.security_acknowledgement,36619477,1519730123862,1519730123911,1519730123217x146818489672269820,
https://github.com/cqsd,Thomas Lu,2017,1348695171700984260__LOOKUP__1339510945575x284965680912137020,,custom.security_acknowledgement,36619487,1519730137646,1519730137696,1519730136996x582468244442710000,
https://isalmankhan.com/#home,Salman Khan,2017,1348695171700984260__LOOKUP__1339510945575x284965680912137020,,custom.security_acknowledgement,36619498,1519730152116,1519730152167,1519730151474x225305226770645000,
https://github.com/DavAlbert,David Albert,2018,1348695171700984260__LOOKUP__1339510945575x284965680912137020,,custom.security_acknowledgement,36619522,1519730181652,1519730181699,1519730180970x975127061845246000,
https://github.com/mishavee,Misha Verplak,2018,1348695171700984260__LOOKUP__1519416431401x744026299100369200,,custom.security_acknowledgement,154598648,1539807592103,1539807592140,1539807594561x550848007649361900,
https://twitter.com/login_denied/,Andre Krooß,2018,1348695171700984260__LOOKUP__1499435341306x457960055908188200,,custom.security_acknowledgement,187536125,1544212944774,1544213009957,1544212944396x564322442801578000,
https://twitter.com/erkandemir_k, Erkan Demir,2019,1348695171700984260__LOOKUP__1519416431401x744026299100369200,,custom.security_acknowledgement,245464786,1552575867232,1552575867285,1552575869355x363831847275986940,
https://www.facebook.com/profile.php?id=100009341870787,Mohsin Ali,2019,1348695171700984260__LOOKUP__1499435341306x457960055908188200,,custom.security_acknowledgement,422994882,1552579926637,1580142585846,1552579926379x791894331646804000,
http://tqsoftwaresolution.com/,Tayyab Qadir,2019,1348695171700984260__LOOKUP__1534527490866x644955229945480800,,custom.security_acknowledgement,299459252,1559934798076,1559934798123,1559934797758x143831869213376510,
https://www.linkedin.com/in/lottemint/,Sergey Gherman,2018,1348695171700984260__LOOKUP__1559576658831x792300647856666800,,custom.security_acknowledgement,437000572,1582043261908,1582044264129,1582043261584x304249889682882560,
https://twitter.com/dattanamayank,Mayank Kamboj,2021,1348695171700984260__LOOKUP__1559576658831x792300647856666800,,custom.security_acknowledgement,967021760,1611861829691,1611861829736,1611861828964x388916086816112640,
https://www.linkedin.com/in/ritik-jangra-03b80a21b,Ritik Jangra,2022,1348695171700984260__LOOKUP__admin_user_meta_live,,custom.security_acknowledgement,2499181981,1663769520545,1663769520550,1663769520545x256881999909194240,
https://www.ryanckulp.com/,Ryan Kulp,2023,1348695171700984260__LOOKUP__1665692305702x499761967166985300,,custom.security_acknowledgement,2733419457,1676672872105,1676672872150,1676672871451x944565559929339900,
https://linktr.ee/bmojou,Wesley Oliveira,2023,1348695171700984260__LOOKUP__admin_user_meta_live,,custom.security_acknowledgement,3340077264,1695917986085,1695917986087,1695917986085x544532185362705000,
https://hackerone.com/w--,Wesley Wineberg,2024,1348695171700984260__LOOKUP__1689013597609x963976315647642200,,custom.security_acknowledgement,4005189451,1715176204065,1715176204065,1715176203852x121853483915673600,
https://www.linkedin.com/in/nicolas-de-vescovi-montt,Nicolas De Vescovi,2024,1348695171700984260__LOOKUP__1686334366151x531255147002969600,,custom.security_acknowledgement,4085866370,1718223778690,1718223778690,1718223778183x770738533260329000,
https://www.linkedin.com/in/syedahsanrazashah/,Syed Ahsan Raza,2024,1348695171700984260__LOOKUP__1666719012826x939942896922856300,,custom.security_acknowledgement,4324144647,1726680749614,1726680749614,1726680748965x243456046088323070,
