demo_title_text,demo_video_file,demo_button_text,demo_rsvp_url_text,landing_title_text,demo_cohort_id_text,landing_button_text,finalist_2_file_file,demo_description_text,finalist_1_title_text,finalist_1_video_file,finalist_2_title_text,finalist_3_title_text,finalist_3_video_file,finalist_3_video_text,demo_rsvps_open__boolean,landing_description_text,application_cohort_id_text,applications_open__boolean,finalist_1_description_text,finalist_2_description_text,finalist_3_description_text,Created By,Modified By,_type,_version,Created Date,Modified Date,_id,Slug
Demo Day,//meta-l.cdn.bubble.io/f1698254141335x436552216633050430/ImmerseTest.mp4,RSVP,https://bubble.io/bubblecon,Your big ideas belong in tech,cohort 8,Learn more,//meta-q.cdn.bubble.io/f1728505112407x199013571527841840/Renee%20Jackson%20v4.mp4,"Demo Day gives our cohort founders the opportunity to present their apps and pitch their businesses to hundreds of tech professionals, founders, and investors across the world. Meet our Immerse founder finalists building tech companies using Bubble's visual programming platform.

This year, our [url=https://bubble.io/blog/immerse-impact/][color=#0205D3]first social impact cohort[/url][/color] were featured at BubbleCon. Finalists took the Demo Day stage to showcase their products uniquely designed to leverage tech for social good.",Community Favorite ,//meta-q.cdn.bubble.io/f1728505087562x204585131327012380/Patrick%20Mulvihill%20v4%20%281%29.mp4,Best Pitch,,//meta-l.cdn.bubble.io/f1698354661454x163336186758945570/Simili%20_%20v4.mp4,,False,"Immerse is an intensive 8– to 10–week pre-accelerator that equips socially conscious founders to create fully functioning MVPs on Bubble. It’s completely funded, so you can focus on making your ideas a reality.

We began with a mission to champion diversity – now, we’re expanding that commitment to support founders building for impact with AI. Whether you’re developing a nonprofit or launching a mission-driven startup, Immerse helps bring your boldest ideas to life. ",cohort 8,False,"Spéire Nua assists individuals with criminal convictions in transitioning away from a life of crime, resettling into society, and entering the labor market.",Dyspute.ai harnesses the power of AI to simplify the creation and exchange of custom demand letters and to enable parties to mediate and settle disputes fully online.,,1348695171700984260__LOOKUP__admin_user_meta_live,,custom.immerse_landing_page,5053158590,1697811360833,1751490312187,1697811360833x561341625614139000,
