code_text,cap_number,logo_image,contact_text,usage_number,website_text,closed_boolean,perk_type_text,closed1_boolean,duration_number,public__boolean,description_text,contact_name_text,cohort_number_number,credit_amount_number,expiration_date_date,organization_name_text,bootcamp_discount_number,expiration_email_id_text,location_geographic_address,type_option_perk_program_type,parent_custom_perk_program_parent,status_option_perk_program_status,Created By,Modified By,_type,_version,Created Date,Modified Date,_id,Slug
,,//s3.amazonaws.com/appforest_uf/f1668028967726x417972087284546700/Harvard%20Logo.png,,,https://www.harvard.edu/,,,,,,,,,,,Harvard University,,,"{'lat': 42.3663518, 'lng': -71.1195995, 'address': 'Boston, MA 02163, USA', 'components': {'city': 'Boston', 'state': 'Massachusetts', 'country': 'United States', 'zip code': '02163', 'state code': 'MA', 'country code': 'US'}}",university,,,,,,,,,,
,,//s3.amazonaws.com/appforest_uf/f1668029008524x310101566291521400/Columbia%20logo.png,,,https://www.columbia.edu/,,,,,,,,,,,Columbia University,,,"{'lat': 40.7127753, 'lng': -74.0059728, 'address': 'New York, NY, USA', 'components': {'city': 'New York', 'state': 'New York', 'country': 'United States', 'state code': 'NY', 'country code': 'US'}}",university,,,,,,,,,,
,,,,,,,,,,,,,,,,Station F,,,"{'lat': 46.227638, 'lng': 2.213749, 'address': 'France', 'components': {'country': 'France', 'country code': 'FR'}}",startup_program,,,,,,,,,,
,,//s3.amazonaws.com/appforest_uf/f1668029074548x105618438966997630/University%20of%20Notre%20Dame%20logo.png,,,https://www.nd.edu/,,,,,,,,,,,University of Notre Dame,,,"{'lat': 41.7001908, 'lng': -86.23793280000001, 'address': 'Notre Dame, IN 46556, USA', 'components': {'city': 'Notre Dame', 'state': 'Indiana', 'county': 'St. Joseph County', 'country': 'United States', 'zip code': '46556', 'state code': 'IN', 'country code': 'US'}}",university,,,,,,,,,,
,,//s3.amazonaws.com/appforest_uf/f1668019473024x509378955586651260/MSStartups_wordmark-RegularVertical-black%20%283%29.png,,,https://www.microsoft.com/en-us/startups,,,,,,,,,,,Microsoft for Startups,,,"{'lat': 47.6739881, 'lng': -122.121512, 'address': 'Redmond, WA, USA', 'components': {'city': 'Redmond', 'state': 'Washington', 'county': 'King County', 'country': 'United States', 'state code': 'WA', 'country code': 'US'}}",startup_program,,,,,,,,,,
,,,,,,,,,,,,,,,,Founder University 4,,,"{'lat': 37.7749295, 'lng': -122.4194155, 'address': 'San Francisco, CA, USA', 'components': {'city': 'San Francisco', 'state': 'California', 'county': 'San Francisco County', 'country': 'United States', 'state code': 'CA', 'country code': 'US'}}",startup_program,,,,,,,,,,
,,,,,https://stripe.com/atlas,,,,,,,,,,,Stripe Atlas,,,"{'lat': 37.09024, 'lng': -95.712891, 'address': 'United States', 'components': {'country': 'United States', 'country code': 'US'}}",startup_program,,,,,,,,,,
